WAFER_ID,STAGE,earliest_source,campaign,split,actual,prediction
-4224160600,A,0,0,development_group_oof,61.6548,66.96101110971445
-4224160584,B,0,0,development_group_oof,75.86415,72.71811658213171
-4224160580,B,0,0,development_group_oof,71.907,67.47842183399543
-4113511818,A,0,0,development_group_oof,65.0223,64.38743925142924
-4113511814,A,0,0,development_group_oof,58.27905,61.211692128872876
-4113511780,A,0,0,development_group_oof,61.04565,63.90683838861303
-2697400536,B,0,0,development_group_oof,69.83865,65.83746458093722
-873170248,A,0,0,development_group_oof,55.66965,62.925464222682756
371447024,A,0,0,development_group_oof,149.1309,146.49028956838367
371447028,A,0,0,development_group_oof,152.04915,147.1512008641344
371447036,A,0,0,development_group_oof,151.70175,146.10482350127876
-4224160694,A,1,0,development_group_oof,57.86655,67.4416230157361
-4224160690,A,1,0,development_group_oof,57.8484,62.53542569761781
-4224160600,B,1,0,development_group_oof,61.18935,63.17542041772343
-4224160592,B,1,0,development_group_oof,60.39825,63.45588181691985
-4113511808,A,1,0,development_group_oof,53.64735,64.9605597209481
-4113511796,A,1,0,development_group_oof,59.1954,62.42194070592667
-4113511792,A,1,0,development_group_oof,59.8572,63.29190433076286
-4113511756,A,1,0,development_group_oof,55.60095,62.60976343619869
-4113511752,A,1,0,development_group_oof,56.95725,63.8873679977359
-4113511748,A,1,0,development_group_oof,56.09865,62.380410425804016
-4111511820,A,1,0,development_group_oof,54.59835,62.85676066346221
-2697400532,B,1,0,development_group_oof,64.45425,62.92365141373329
-875170052,B,1,0,development_group_oof,65.91045,63.34517339799682
-873170272,A,1,0,development_group_oof,55.08765,62.331028859995335
-873170256,B,1,0,development_group_oof,58.8924,62.17441973369124
-4226160424,A,2,0,development_group_oof,63.24495,65.17418950477946
-4224160702,B,2,0,development_group_oof,65.30385,71.15532472834688
-4224160694,B,2,0,development_group_oof,65.64675,67.02664132305425
-4224160690,B,2,0,development_group_oof,66.4284,71.6378568667358
-4224160650,A,2,0,development_group_oof,61.0698,66.88884355157323
-4224160646,A,2,0,development_group_oof,62.62545,64.41206463476064
-4113511826,A,2,0,development_group_oof,62.3022,62.28469457540532
-4113511818,B,2,0,development_group_oof,64.29195,60.51501893824442
-4113511814,B,2,0,development_group_oof,67.5714,62.27370699095835
-4113511808,B,2,0,development_group_oof,69.23745,66.54884180734182
-4113511792,B,2,0,development_group_oof,66.486,64.13652770359967
-4111511824,A,2,0,development_group_oof,64.21455,65.5414058462467
-875170112,B,2,0,development_group_oof,63.42225,59.715739200400755
-873170366,A,2,0,development_group_oof,59.68785,62.23293574789231
-873170354,A,2,0,development_group_oof,60.59415,61.94224743475546
-873170346,A,2,0,development_group_oof,63.01095,62.73562202468474
-873170342,B,2,0,development_group_oof,63.5892,61.34839106584182
-873170338,A,2,0,development_group_oof,61.75965,65.63191350047708
-873170318,A,2,0,development_group_oof,64.5318,65.91663441339425
-873170272,B,2,0,development_group_oof,64.89795,59.385020314997035
-873170248,B,2,0,development_group_oof,63.10665,62.1007337844299
-873170244,B,2,0,development_group_oof,68.45265,67.1461379720987
329446692,A,2,0,development_group_oof,147.8967,145.820520786762
329446708,A,2,0,development_group_oof,151.45845,146.42175280774688
329446712,A,2,0,development_group_oof,147.66225,146.53394663721818
371447032,A,2,0,development_group_oof,149.99265,144.9207078783385
373446778,A,2,0,development_group_oof,148.7994,147.00580528253406
-4228160600,A,3,0,development_group_oof,62.05515,65.27360151179455
-4228160596,A,3,0,development_group_oof,61.1604,65.11421149307891
-4228160580,A,3,0,development_group_oof,58.3518,60.59481340412859
-4226160424,B,3,0,development_group_oof,64.1814,62.79318985187985
-4226160416,A,3,0,development_group_oof,57.9618,63.30763934806819
-4226160396,A,3,0,development_group_oof,61.22265,67.11466519667363
-4224160662,A,3,0,development_group_oof,64.35705,68.84310435425756
-4224160654,A,3,0,development_group_oof,60.3432,65.95505008206459
-4113511826,B,3,0,development_group_oof,64.34145,62.35514831918822
-4113511822,B,3,0,development_group_oof,69.0819,65.24590989621409
-4113511804,B,3,0,development_group_oof,72.5376,70.94501759580965
-4113511796,B,3,0,development_group_oof,71.1123,64.85750661503654
-4113511784,B,3,0,development_group_oof,74.37165,73.30230912477083
-4113511764,B,3,0,development_group_oof,60.0153,59.61299262313039
-4113511756,B,3,0,development_group_oof,78.70095,74.74594004407007
-4113511752,B,3,0,development_group_oof,64.08075,62.228874116454115
-4113511748,B,3,0,development_group_oof,71.89545,77.07148837526246
-4111511824,B,3,0,development_group_oof,63.04155,70.6939400792493
-4111511820,B,3,0,development_group_oof,65.45685,62.19156086463665
-873170366,B,3,0,development_group_oof,59.37135,60.38000563968569
-873170354,B,3,0,development_group_oof,65.79675,66.20042751895537
-873170318,B,3,0,development_group_oof,66.2457,65.86129090442962
-873170306,A,3,0,development_group_oof,60.16635,62.35496200176337
329446704,A,3,0,development_group_oof,147.94095,147.86003790731345
329446850,A,3,0,development_group_oof,148.9476,148.00145445062554
329446858,A,3,0,development_group_oof,148.55745,144.78421063532477
329446874,A,3,0,development_group_oof,149.9172,147.63414427258786
-4228160690,A,4,0,development_group_oof,64.521,63.62072449790474
-4228160604,A,4,0,development_group_oof,60.6567,62.666612449160745
-4228160600,B,4,0,development_group_oof,72.4548,64.79891243502246
-4228160596,B,4,0,development_group_oof,71.0739,66.04595939364746
-4228160580,B,4,0,development_group_oof,73.3764,64.38588448784574
-4226160416,B,4,0,development_group_oof,72.28245,72.70279641197968
-4226160408,B,4,0,development_group_oof,75.1281,73.25426797556304
-4226160404,B,4,0,development_group_oof,71.91825,65.02369490466876
-4226160396,B,4,0,development_group_oof,77.4597,71.06088018195632
-4224160662,B,4,0,development_group_oof,69.36975,63.01388024831072
-4224160650,B,4,0,development_group_oof,65.64225,61.55125546818704
-4113511800,B,4,0,development_group_oof,67.19175,61.42457564054787
-879170270,A,4,0,development_group_oof,60.4995,66.10425526505257
-879170254,A,4,0,development_group_oof,66.07485,63.78286249047944
-873170362,B,4,0,development_group_oof,69.61065,62.620918600204725
-873170334,A,4,0,development_group_oof,60.5967,64.89157783566742
-873170306,B,4,0,development_group_oof,70.986,62.75972815737297
329446866,A,4,0,development_group_oof,145.78785,146.51562565137093
329446870,A,4,0,development_group_oof,147.02025,147.58724225876685
329446878,A,4,0,development_group_oof,148.90305,145.01780972609833
329446902,A,4,0,development_group_oof,147.288,146.28842628316738
3834719080,A,4,0,development_group_oof,64.87095,62.730247000349145
-4228160702,A,5,0,development_group_oof,67.42425,64.54609934317143
-4228160690,B,5,0,development_group_oof,68.48055,63.10411482063712
-4228160682,A,5,0,development_group_oof,70.0665,65.21645358916506
-4228160678,A,5,0,development_group_oof,66.02895,63.28858194767681
-4228160608,B,5,0,development_group_oof,72.48105,64.02255616618898
-879170112,A,5,0,development_group_oof,65.77155,62.57459153857917
-879170108,A,5,0,development_group_oof,68.5827,64.91289567631394
-879170100,A,5,0,development_group_oof,65.36535,63.918971471068254
-879170096,A,5,0,development_group_oof,64.4553,64.56578019285654
-879170092,A,5,0,development_group_oof,71.59845,61.32116381620229
-879170088,A,5,0,development_group_oof,66.2058,65.99493070297085
-879170072,A,5,0,development_group_oof,71.253,63.207203297090906
329446854,A,5,0,development_group_oof,147.8196,147.03992421708114
2717292858,A,5,0,development_group_oof,66.2304,63.833297168580046
-4230160598,A,6,0,development_group_oof,68.8818,65.94923678994891
-4228160686,A,6,0,development_group_oof,72.37185,65.78686557631508
-4228160670,A,6,0,development_group_oof,74.21805,64.09800946211936
-4228160662,A,6,0,development_group_oof,72.79755,62.69355840366454
-4228160642,A,6,0,development_group_oof,78.33675,65.70267430370649
2717292822,A,6,0,development_group_oof,72.0921,64.68000164604668
2717292834,A,6,0,development_group_oof,70.43655,65.4482701099282
2717292838,A,6,0,development_group_oof,70.90125,63.79813915983824
2717292862,A,6,0,development_group_oof,69.18045,64.09588157302817
-879170258,B,7,0,development_group_oof,77.03805,65.54009216582132
-879170104,A,7,0,development_group_oof,72.73455,61.50467540437151
-879170100,B,7,0,development_group_oof,72.7671,64.95515688148801
327446710,A,7,0,development_group_oof,148.0974,145.17847602853436
327446714,A,7,0,development_group_oof,140.7813,144.45430225186144
327446718,A,7,0,development_group_oof,146.526,145.7496139516874
329446886,A,7,0,development_group_oof,147.83265,147.40322805460545
329446898,A,7,0,development_group_oof,145.96965,145.75575942787057
329446906,A,7,0,development_group_oof,148.7034,146.83521503254573
329446910,A,7,0,development_group_oof,146.1354,145.35327388047943
-4230160594,B,8,0,development_group_oof,70.0533,67.84458071462068
-4228160702,B,8,0,development_group_oof,69.62205,61.56380201302102
-4228160694,B,8,0,development_group_oof,69.89805,66.43837015092792
-4228160686,B,8,0,development_group_oof,70.2468,66.15368270367723
-4228160670,B,8,0,development_group_oof,69.83175,61.28665577911065
-4228160642,B,8,0,development_group_oof,68.7276,63.86169500170609
-1183530654,A,8,0,development_group_oof,144.801,144.46830378003514
-879170108,B,8,0,development_group_oof,73.7268,65.14867153752377
-879170072,B,8,0,development_group_oof,72.5385,64.4974093642318
-877170268,A,8,0,development_group_oof,69.24525,65.01603110928451
327446608,A,8,0,development_group_oof,147.71025,147.7959698946308
327446612,A,8,0,development_group_oof,148.31265,144.11640336188103
327446706,A,8,0,development_group_oof,143.4168,146.72234167098773
2717292842,B,8,0,development_group_oof,72.813,70.33699145906256
2717292858,B,8,0,development_group_oof,68.23875,61.41174747120339
-4228160658,A,9,0,development_group_oof,61.94655,63.44932806460659
-4216160666,A,9,0,development_group_oof,61.4217,65.13240536196322
-4216160624,A,9,0,development_group_oof,58.81275,63.06295227985929
-879170068,A,9,0,development_group_oof,63.34515,64.9736137268563
-877170366,A,9,0,development_group_oof,69.8253,63.96911599548094
-877170338,A,9,0,development_group_oof,65.424,62.2976881490092
-877170322,A,9,0,development_group_oof,65.90055,63.31821354370734
-877170264,A,9,0,development_group_oof,60.30495,61.39383386489745
327446616,A,9,0,development_group_oof,148.4082,146.36773320128802
327446690,A,9,0,development_group_oof,146.95845,146.95749936389555
2717292818,B,9,0,development_group_oof,77.61765,76.42692668104166
2717292822,B,9,0,development_group_oof,74.14575,63.77312911297187
-4228160698,B,10,1,development_group_oof,74.91585,70.85328113576604
-4216160670,A,10,1,development_group_oof,64.90665,63.61094991312348
-4216160662,A,10,1,development_group_oof,63.6816,64.9119895665286
-899170202,A,10,1,development_group_oof,65.35665,63.48022811938303
-899170186,A,10,1,development_group_oof,65.36175,63.83858545671389
-879170080,B,10,1,development_group_oof,70.7364,72.57109750575626
-879170076,A,10,1,development_group_oof,65.5623,65.60615660384457
-877170358,B,10,1,development_group_oof,71.14995,67.64341980789942
-877170350,A,10,1,development_group_oof,61.56015,61.83092456858254
-877170330,A,10,1,development_group_oof,61.5486,63.51000947678956
-877170326,A,10,1,development_group_oof,61.2159,63.04906187124872
-877170272,A,10,1,development_group_oof,65.0508,64.38975771719231
-877170268,B,10,0,development_group_oof,72.0123,67.49266386793825
-877170260,A,10,1,development_group_oof,57.82185,65.39721994146835
327446644,A,10,1,development_group_oof,143.9568,148.20738353967232
327446648,A,10,1,development_group_oof,145.8369,146.8367299387016
2703293050,A,10,1,development_group_oof,61.77915,64.19508485206549
2717292802,A,10,1,development_group_oof,60.1968,63.92915464089095
-4228160658,B,11,0,development_group_oof,72.771,72.2598613103213
-4216160658,A,11,1,development_group_oof,58.9947,61.636631616965865
-4216160650,A,11,1,development_group_oof,59.3889,64.86871441927046
-4216160624,B,11,0,development_group_oof,70.71435,65.95201146523722
-1183530612,A,11,1,development_group_oof,141.7074,148.3004189784238
-899170198,A,11,1,development_group_oof,63.6546,64.50302842940536
-899170156,A,11,1,development_group_oof,59.2407,63.976542534280355
-877170366,B,11,0,development_group_oof,69.8028,66.35968995814271
-877170346,B,11,1,development_group_oof,72.50895,68.97347526482788
-877170322,B,11,0,development_group_oof,70.4697,67.24295064430665
-877170264,B,11,0,development_group_oof,68.8746,69.26215745349687
327446592,A,11,1,development_group_oof,142.24515,147.835591433952
327446596,A,11,1,development_group_oof,138.55335,148.85827244708463
327446604,A,11,1,development_group_oof,142.20915,148.69769778969444
3834719044,B,11,1,development_group_oof,63.35175,70.95200716477076
-4228160662,B,12,0,development_group_oof,61.59885,63.37421860908905
-4216160670,B,12,1,development_group_oof,67.6425,66.88396794783584
-4216160646,B,12,1,development_group_oof,64.34745,67.23787412240632
-1183530626,A,12,1,development_group_oof,143.36115,149.35001385819177
-879170084,B,12,1,development_group_oof,65.9394,67.1271121728771
-879170076,B,12,1,development_group_oof,58.98405,62.80577222744258
-877170314,B,12,1,development_group_oof,65.7627,66.59546126988593
333446656,A,12,1,development_group_oof,148.5384,149.902719777458
2703293042,A,12,1,development_group_oof,54.82875,62.311132697883565
2703293054,A,12,1,development_group_oof,56.79555,66.14599349747962
2717292802,B,12,1,development_group_oof,63.93645,63.50681297523012
-4216160702,A,13,1,development_group_oof,55.0086,65.0840830789225
-4216160694,A,13,1,development_group_oof,56.9127,63.049158591048446
-4216160642,A,13,1,development_group_oof,56.9673,62.27620772634851
-2701400532,A,13,1,development_group_oof,58.7895,66.23059200654508
333446668,A,13,1,development_group_oof,146.6874,148.6010909235063
-1183530620,A,14,1,development_group_oof,143.5344,148.00206981875294
-899170148,B,14,1,development_group_oof,59.8281,66.06178591649669
331446662,A,14,1,development_group_oof,147.03675,149.72397788725888
331446670,A,14,1,development_group_oof,148.44345,144.6385762632235
333446858,A,14,1,development_group_oof,147.1098,148.99375141712986
-4230160436,B,15,1,development_group_oof,54.3072,64.17849049881859
-4222160582,B,15,1,development_group_oof,57.58005,65.4778666030329
-4222160428,A,15,1,development_group_oof,53.6943,63.40043585652727
-4222160420,A,15,1,development_group_oof,53.7738,66.02603110102466
-4222160392,A,15,1,development_group_oof,53.42655,65.04522539874797
-4220160674,A,15,1,development_group_oof,58.9389,63.474617957117864
-4216160690,B,15,1,development_group_oof,60.7173,65.96605651060389
-2579249814,A,15,1,development_group_oof,56.5359,69.87117837848844
321446688,A,15,1,development_group_oof,144.6135,148.17754922051168
327446640,A,15,1,development_group_oof,143.66955,147.9442786717007
331446628,A,15,1,development_group_oof,145.3266,148.02202451463248
331446632,A,15,1,development_group_oof,145.0794,148.5362588748043
333446672,A,15,1,development_group_oof,144.4905,148.936122419755
333446862,A,15,1,development_group_oof,146.7081,147.8277207965435
333446882,A,15,1,development_group_oof,147.61455,148.1418465001563
2703293046,B,15,1,development_group_oof,60.10935,65.52627176069329
2703293060,B,15,1,development_group_oof,59.27085,64.13399585363597
2703293068,B,15,1,development_group_oof,59.48385,65.9039226108459
2703293076,B,15,1,development_group_oof,60.3726,64.02542841988446
3840719298,B,15,1,development_group_oof,56.50905,67.10613804849726
-4230160416,B,16,1,development_group_oof,81.83385,81.76523446624486
-4222160606,B,16,1,development_group_oof,59.78145,74.47499536673847
-4222160448,A,16,1,development_group_oof,65.16345,72.59475813836472
-4222160428,B,16,1,development_group_oof,79.52355,80.4076105621314
-4220160682,B,16,1,development_group_oof,69.39165,76.8450333572398
-4220160678,B,16,1,development_group_oof,74.18535,79.76783249440535
-4220160604,A,16,1,development_group_oof,64.4562,74.43111098361923
-899170132,B,16,1,development_group_oof,69.28185,77.1517163685993
-899170124,B,16,1,development_group_oof,68.8011,77.77907740181581
2703293072,B,16,1,development_group_oof,63.99765,73.03568438902528
3838719142,B,16,1,development_group_oof,70.93395,78.9800572568052
-4222160578,B,17,1,development_group_oof,85.6827,79.61480377133731
-4222160432,B,17,1,development_group_oof,78.6462,82.95082736317036
-4220160604,B,17,1,development_group_oof,82.51935,82.32582775311911
-4141512112,B,17,1,development_group_oof,83.1564,80.91937515335836
-4111511816,A,17,1,development_group_oof,73.4904,73.95021200601009
-2579249810,A,17,1,development_group_oof,73.55835,77.56735563618918
-2579249784,A,17,1,development_group_oof,73.7235,75.00574559550662
321446858,A,17,1,development_group_oof,149.5467,152.32330895009358
321446862,A,17,1,development_group_oof,148.9725,150.3465375672941
321446874,A,17,1,development_group_oof,149.0052,151.30369574545298
331446658,A,17,1,development_group_oof,151.53825,151.5755919638968
333446660,A,17,1,development_group_oof,148.2864,149.99665817584963
-4208160362,A,18,1,development_group_oof,82.58775,77.22740992774025
-2579249780,B,18,1,development_group_oof,87.85365,82.88339243189034
321446716,A,18,1,development_group_oof,146.4642,151.26877555590255
321446878,A,19,1,development_group_oof,144.37395,150.57214269410454
-4111511812,B,20,2,development_group_oof,84.74295,78.965810921287
-2579249818,B,20,2,development_group_oof,89.48385,79.93984593684092
-897170414,A,20,2,development_group_oof,83.55975,75.43488146270916
4203773450,A,20,2,development_group_oof,79.60575,75.10206733556252
-4220160686,B,21,2,development_group_oof,82.76775,79.6416360862903
-4210160444,A,21,2,development_group_oof,75.0489,75.1342250612734
-903170198,A,21,2,development_group_oof,68.30775,71.6451588731983
-897170370,A,21,2,development_group_oof,78.9837,71.33040915009113
319446604,A,21,2,development_group_oof,151.12455,148.33527472506245
333446910,A,21,2,development_group_oof,154.2093,149.4486028222399
4203773632,A,21,2,development_group_oof,78.0987,72.91945261544807
4203773640,A,21,2,development_group_oof,73.9929,70.88381908705902
4203773692,A,21,2,development_group_oof,73.9743,73.0183194162519
-4230160424,A,22,2,development_group_oof,78.33015,71.53887910141597
-4220160702,A,22,2,development_group_oof,68.09415,71.96767042223699
-4220160694,A,22,2,development_group_oof,79.85925,75.2785132932504
-2133929500,A,22,2,development_group_oof,78.58245,73.36817113743784
-903170194,A,22,2,development_group_oof,80.55015,72.90775453846052
-903170172,A,22,2,development_group_oof,69.6849,74.09788629151969
-903170168,A,22,2,development_group_oof,72.966,71.78424347236984
-903170152,A,22,2,development_group_oof,75.98775,70.66217008092795
-903170140,A,22,2,development_group_oof,78.0135,73.56388469474877
-897170406,B,22,2,development_group_oof,80.2437,77.77062553315268
4199773454,A,22,2,development_group_oof,73.0263,73.26838916553226
4199773466,A,22,2,development_group_oof,71.29815,71.5495741261914
4201773390,A,22,2,development_group_oof,75.2973,75.76380969892766
4201773434,A,22,2,development_group_oof,71.343,75.42477719436998
4201773438,A,22,2,development_group_oof,69.9066,72.87958967563199
4201773444,A,22,2,development_group_oof,74.4414,74.45077874982476
4203773450,B,22,2,development_group_oof,81.3153,77.61371952214806
4203773636,B,22,2,development_group_oof,78.0141,78.61250788801658
4203773652,A,22,2,development_group_oof,79.06485,73.22556405718248
4203773680,B,22,2,development_group_oof,81.04815,79.53077914047137
-4230160408,A,23,2,development_group_oof,79.8045,73.83638852691153
-4220160702,B,23,2,development_group_oof,84.64815,79.81379249210123
-4216160640,A,23,2,development_group_oof,78.65925,72.4767230206923
-4210160444,B,23,2,development_group_oof,81.4941,80.33668340400007
-4141512120,A,23,2,development_group_oof,78.4977,73.85898914254909
-4111512062,A,23,2,development_group_oof,76.88835,70.19013111699418
-4111512058,A,23,2,development_group_oof,76.6485,72.0292652170781
-4111512050,A,23,2,development_group_oof,79.4853,76.87957867339185
-2133929492,A,23,2,development_group_oof,78.50115,75.60384830169137
-903170172,B,23,2,development_group_oof,82.75185,78.66400227498283
-903170160,A,23,2,development_group_oof,76.61475,71.43738031063528
-903170156,A,23,2,development_group_oof,80.20785,71.74256082199119
-903170148,A,23,2,development_group_oof,77.5974,72.27971852666113
-903170144,A,23,2,development_group_oof,78.3189,72.90705348093054
-903170140,B,23,2,development_group_oof,81.90435,78.88238485257881
-903170132,A,23,2,development_group_oof,76.81305,72.55017269016561
-897170374,B,23,2,development_group_oof,84.3513,79.33980605252168
319446616,A,23,2,development_group_oof,149.46675,149.94169178537985
321446850,A,23,2,development_group_oof,148.0254,147.4276112889131
665222808,A,23,2,development_group_oof,147.5775,147.81715234999226
4199773466,B,23,2,development_group_oof,84.6372,80.05826287588309
4199773636,A,23,2,development_group_oof,77.16615,74.61541278954587
4199773668,B,23,2,development_group_oof,82.8237,78.0188131481717
4199773692,A,23,2,development_group_oof,79.15485,72.5908905801946
4201773406,A,23,2,development_group_oof,76.46445,73.7780554107181
4201773430,B,23,2,development_group_oof,80.31345,80.61754791187873
4201773444,B,23,2,development_group_oof,85.90215,79.05953636646788
4213773664,A,23,2,development_group_oof,79.18275,72.32203494154362
4213773710,A,23,2,development_group_oof,80.2428,72.4211998671106
4213773718,A,23,2,development_group_oof,80.65905,72.71155135767198
-4230160424,B,24,2,development_group_oof,75.97095,78.65748340527031
-4230160408,B,24,2,development_group_oof,83.0358,79.48622593723297
-903170202,B,24,2,development_group_oof,82.5801,79.73232001014001
-903170176,B,24,2,development_group_oof,80.6286,74.76234145876825
665222800,A,24,2,development_group_oof,148.4601,148.55321198763983
665222804,A,24,2,development_group_oof,153.69495,149.90590268980446
675222832,A,24,2,development_group_oof,152.50275,149.92618087823033
4203773652,B,24,2,development_group_oof,79.9785,77.03509608340751
-4230160428,A,25,2,development_group_oof,75.34995,71.70300480691988
-4216160640,B,25,2,development_group_oof,81.0711,78.54149250787573
-4141512120,B,25,2,development_group_oof,73.27635,75.62696634868423
-4141512104,B,25,2,development_group_oof,78.8967,76.31838628809366
-4111512058,B,25,2,development_group_oof,81.19215,77.13101160675446
-2135929472,A,25,2,development_group_oof,77.1156,72.69467844886023
-2135929452,A,25,2,development_group_oof,79.38405,73.55691491142206
-2135929440,A,25,2,development_group_oof,73.88445,73.17434352584935
-2135929432,A,25,2,development_group_oof,77.40675,72.75046184461432
-2135929424,A,25,2,development_group_oof,72.7296,72.00231452221908
-2133929492,B,25,2,development_group_oof,80.89845,79.820785617268
-903170156,B,25,2,development_group_oof,84.30255,76.49699172563551
665222812,A,25,2,development_group_oof,152.12115,149.14353886170232
675222836,A,25,2,development_group_oof,156.47775,149.18828298277666
4199773636,B,25,2,development_group_oof,82.80465,79.00599924455071
4199773640,B,25,2,development_group_oof,78.8424,75.80833753918374
4199773684,A,25,2,development_group_oof,76.3008,73.54701075933286
4201773440,B,25,2,development_group_oof,80.4498,78.35935429515398
4211773456,A,25,2,development_group_oof,72.49155,73.64015426759647
4211773670,A,25,2,development_group_oof,78.5892,73.11634059836764
4213773668,A,25,2,development_group_oof,79.20765,73.73322428896302
4213773698,A,25,2,development_group_oof,79.4268,72.83293022106619
4213773710,B,25,2,development_group_oof,79.5681,75.76186747503918
4213773714,A,25,2,development_group_oof,75.2805,73.9961380795292
4213773722,A,25,2,development_group_oof,80.1816,72.482171552937
4213773730,B,25,2,development_group_oof,81.5106,75.07511531050753
4213773734,A,25,2,development_group_oof,85.83975,70.4768590089748
4213773738,A,25,2,development_group_oof,81.23025,73.42888046696223
4213773746,A,25,2,development_group_oof,74.23665,75.15269446363699
-4220160646,A,26,2,development_group_oof,76.0956,74.39995021571424
-2135929468,A,26,2,development_group_oof,74.92005,73.79283794859752
-2135929464,B,26,2,development_group_oof,82.5075,77.07895930043004
-2135929448,B,26,2,development_group_oof,87.30135,78.81053559171522
-2129929504,A,26,2,development_group_oof,72.59925,72.1485179687689
-903170136,B,26,2,development_group_oof,83.79975,75.28237054221859
665222796,A,26,2,development_group_oof,153.81675,148.97088437083525
4199773446,B,26,2,development_group_oof,89.40495,76.94669254576085
4199773644,B,26,2,development_group_oof,86.90985,80.07788360695695
4201773386,B,26,2,development_group_oof,88.52175,78.05982168356896
4209773410,A,26,2,development_group_oof,74.9751,72.54640323612455
4209773434,A,26,2,development_group_oof,73.63515,71.8988155215299
4211773444,A,26,2,development_group_oof,76.689,71.26436586004786
4211773678,B,26,2,development_group_oof,83.4441,73.43734172385598
4213773698,B,26,2,development_group_oof,75.6669,75.44908021952116
4213773706,B,26,2,development_group_oof,85.52775,79.26981178236477
4213773714,B,26,2,development_group_oof,76.47015,76.48339793048542
4213773726,B,26,2,development_group_oof,85.22895,79.35163719951198
4213773734,B,26,2,development_group_oof,77.8581,81.14213814173976
-4111512046,B,27,2,development_group_oof,84.4365,77.82287265163389
-3784722864,A,27,2,development_group_oof,75.7092,73.9666533262156
-2135929432,B,27,2,development_group_oof,83.61255,78.67306919136625
-2135929428,B,27,2,development_group_oof,77.97375,80.4701065327033
-2129929706,B,27,2,development_group_oof,80.031,78.29137273842329
-2129929504,B,27,2,development_group_oof,81.63585,77.54090125296376
319446612,A,27,2,development_group_oof,149.53875,149.4054193397719
3844719152,A,27,2,development_group_oof,74.1186,76.32220830168814
4199773632,B,27,2,development_group_oof,86.10045,79.30180676408094
4201773382,B,27,2,development_group_oof,90.38175,77.1208871793127
4209773418,A,27,2,development_group_oof,72.65025,73.05610105728522
4211773448,A,27,2,development_group_oof,72.31545,74.67613493351163
4211773464,A,27,2,development_group_oof,74.37465,71.69122124471629
4211773476,A,27,2,development_group_oof,72.0993,73.03309290778228
4211773694,A,27,2,development_group_oof,72.0033,74.17447378192092
-3784722754,B,28,2,development_group_oof,82.69755,77.32998298378006
-2129929698,A,28,2,development_group_oof,72.6846,73.77303002397656
-903170160,B,28,2,development_group_oof,80.28585,75.42765469633524
-903170132,B,28,2,development_group_oof,77.1237,77.48960700074203
4209773414,B,28,2,development_group_oof,75.42495,73.95933884974278
4209773422,B,28,2,development_group_oof,78.8181,78.07364153639865
4209773426,B,28,2,development_group_oof,77.81535,78.34074237951063
4209773430,B,28,2,development_group_oof,70.6911,73.81814738138871
4209773456,B,28,2,development_group_oof,75.70455,76.4872825416131
4209773460,B,28,2,development_group_oof,75.4239,77.82599016623217
4211773472,B,28,2,development_group_oof,72.12105,74.90087929040428
4211773476,B,28,2,development_group_oof,72.41775,76.64145763984962
4211773480,B,28,2,development_group_oof,73.94085,76.27965355006573
4211773500,B,28,2,development_group_oof,80.24115,77.4348722294233
4211773666,B,28,2,development_group_oof,75.2127,74.90258581516134
-4222160590,B,29,2,development_group_oof,72.45435,73.29017854352485
-2129929722,B,29,2,development_group_oof,70.425,73.84804619499953
319446628,A,29,2,development_group_oof,158.1276,149.51524869132518
4207773470,A,29,2,development_group_oof,78.31905,73.22701824835876
4207773656,A,29,2,development_group_oof,74.30625,71.21094058375354
4207773668,A,29,2,development_group_oof,74.82855,71.07443099409898
4207773688,A,29,2,development_group_oof,70.55895,71.55598055126218
4209773402,B,29,2,development_group_oof,71.3148,76.12799641183976
4209773406,B,29,2,development_group_oof,73.42725,76.42429967586634
-3784722766,A,30,3,development_group_oof,66.1359,73.2837196185125
-2131929478,A,30,3,development_group_oof,74.5983,72.17603121265847
319446648,A,30,3,development_group_oof,155.37075,151.07499981534443
321446870,A,30,3,development_group_oof,150.92355,152.40639765772735
4207773660,A,30,3,development_group_oof,77.49675,72.950371706999
4207773688,B,30,2,development_group_oof,72.3054,73.49635962581272
4221773640,A,30,3,development_group_oof,77.71905,71.67236040402904
-3784722774,A,31,3,development_group_oof,68.8947,72.83689379588128
-4141512072,A,32,3,development_group_oof,70.3578,72.60165685953652
-4139512004,A,32,3,development_group_oof,69.5982,71.65783737546016
-4139511842,A,32,3,development_group_oof,69.7959,72.62308613937368
-3784722770,A,32,3,development_group_oof,69.8193,73.15816426205474
-3784722762,A,32,3,development_group_oof,69.09915,73.13787101751498
-2699400364,A,32,3,development_group_oof,68.90235,73.32069633413842
4219773694,A,32,3,development_group_oof,70.8924,75.38466778917356
-4220160646,B,33,2,development_group_oof,73.74045,76.40395380731931
-4141512096,A,33,3,development_group_oof,74.30415,72.98373704693336
-4141512092,B,33,3,development_group_oof,76.8204,76.84134962156388
-4139512004,B,33,3,development_group_oof,75.3372,79.99862483096167
-4139511866,A,33,3,development_group_oof,72.10635,75.43467297579444
-4139511854,A,33,3,development_group_oof,71.9658,73.25550680144768
-4139511850,A,33,3,development_group_oof,70.1346,72.43758380243864
-4139511842,B,33,3,development_group_oof,70.6215,73.1827444620215
-4139511826,A,33,3,development_group_oof,66.46995,73.32349618003617
-2701400552,B,33,3,development_group_oof,71.81595,75.97143773769169
-2699400364,B,33,3,development_group_oof,75.6822,73.42436888459834
-2131929482,A,33,3,development_group_oof,71.1417,74.42657042507733
-2131929448,A,33,3,development_group_oof,70.9506,74.29187148893693
-2129929714,A,33,3,development_group_oof,70.611,73.59351278419949
4207773458,A,33,3,development_group_oof,70.0971,73.22028905745336
4221773730,B,33,3,development_group_oof,75.6324,76.54656616527079
4221773754,B,33,3,development_group_oof,74.8368,75.96540765723994
-3784722774,B,34,3,development_group_oof,76.60005,77.05776608571043
-2565249998,A,34,3,development_group_oof,74.24535,75.71301907212393
4219773440,A,34,3,development_group_oof,70.70115,73.02632919909404
4219773452,A,34,3,development_group_oof,72.07995,73.63841549730438
4221773746,B,34,3,development_group_oof,72.2598,74.57927856569864
-4141512096,B,35,3,development_group_oof,76.24665,79.95350659962489
-4139512020,B,35,3,development_group_oof,73.5135,70.78707949086068
-4139511854,B,35,3,development_group_oof,74.034,76.39901339984155
-4139511850,B,35,3,development_group_oof,73.5351,77.63921029284258
-4139511834,B,35,3,development_group_oof,72.4614,78.5987346575173
-4139511830,B,35,3,development_group_oof,74.913,76.16030883139581
-4139511826,B,35,3,development_group_oof,77.088,74.80901409908518
-2565249990,A,35,3,development_group_oof,66.61725,72.00366292860431
4219773448,A,35,3,development_group_oof,70.0122,72.5019457420917
4219773682,B,35,3,development_group_oof,74.4918,72.10496077476728
4221773702,A,35,3,development_group_oof,70.62,71.65370601722448
4221773722,A,35,3,development_group_oof,70.76895,69.99542946061148
-2699400356,B,36,3,development_group_oof,76.6998,78.79743912675609
-2565250046,B,36,3,development_group_oof,70.1796,75.41856891985553
-2565250002,B,36,3,development_group_oof,72.56745,73.13643635739145
-2131929464,A,36,3,development_group_oof,71.7369,72.14590341154344
-2131929452,B,36,3,development_group_oof,80.4066,70.85227867046021
4217773684,A,36,3,development_group_oof,71.42775,73.33339234514388
4217773688,A,36,3,development_group_oof,71.73585,72.51252033612936
4219773444,A,36,3,development_group_oof,70.62765,72.80935703274803
4219773492,A,36,3,development_group_oof,70.1799,73.74495474683495
4219773496,A,36,3,development_group_oof,70.06545,74.46398496216199
-4027511786,A,37,3,development_group_oof,69.8376,71.32165641188442
-4027511568,A,37,3,development_group_oof,71.5143,71.60058426702977
-2131929468,B,37,3,development_group_oof,71.2935,76.11425634535195
-2131929416,A,37,3,development_group_oof,73.7868,74.72210742306729
675222840,A,37,3,development_group_oof,150.52635,151.6997178894423
4217773676,B,37,3,development_group_oof,69.11955,73.1996778459604
4219773448,B,37,3,development_group_oof,72.98565,75.52941941771493
4219773488,B,37,3,development_group_oof,79.87845,76.81508675088541
4219773492,B,37,3,development_group_oof,67.9578,73.74747243567391
4219773500,B,37,3,development_group_oof,71.85495,75.8570840221833
-4027511790,A,38,3,development_group_oof,70.7547,72.31953463607458
-4027511782,A,38,3,development_group_oof,66.6846,72.3481580128914
-4027511564,A,38,3,development_group_oof,67.17675,72.75577290706836
-3784722786,A,38,3,development_group_oof,69.01545,72.21289018383794
-2565250042,B,38,3,development_group_oof,68.8815,70.67469148734999
-2565249994,B,38,3,development_group_oof,71.7765,75.3324591251088
-2565249986,B,38,3,development_group_oof,72.36045,71.55696636013289
-2141929700,A,38,3,development_group_oof,69.78255,75.99534287304498
4217773706,B,38,3,development_group_oof,67.5171,74.88867901193251
-4027511790,B,39,3,development_group_oof,67.27005,66.52513698226498
-4027511786,B,39,3,development_group_oof,65.5995,70.43821042105438
-4027511782,B,39,3,development_group_oof,67.593,68.7924299061365
-4027511568,B,39,3,development_group_oof,69.9153,72.91735697442445
4215773674,B,39,3,development_group_oof,64.34325,65.71723778282615
4217773742,B,39,3,development_group_oof,63.0513,70.25507687979291
4217773754,B,39,3,development_group_oof,62.9937,70.59384451003282
-4027511564,B,40,3,development_group_oof,67.7826,71.56445635306251
-1183530596,A,41,4,development_group_oof,147.31785,150.7831927861279
-1183530624,A,42,4,development_group_oof,145.548,150.74863526555592
-1183530608,A,42,4,development_group_oof,151.70085,151.15823924255247
-1183530604,A,42,4,development_group_oof,148.833,151.6556456205146
-1183530580,A,42,4,development_group_oof,143.94315,149.59250114475566
-4027511560,B,43,4,development_group_oof,70.7853,73.1123452370408
-2141929486,A,43,4,development_group_oof,70.0587,70.44014123925595
-1183530592,A,43,4,development_group_oof,148.788,151.44918808225265
-1183530588,A,43,4,development_group_oof,148.3368,152.33076847298128
-1183530584,A,43,4,development_group_oof,150.78345,151.97851063637603
2707293030,A,43,4,development_group_oof,72.54285,68.12921779818451
2707293042,A,43,4,development_group_oof,68.2245,65.96046295982646
2707293050,A,43,4,development_group_oof,69.43485,68.33451055879182
2707293076,A,43,4,development_group_oof,70.3011,67.07013354731137
-1193530880,A,44,4,development_group_oof,152.3616,149.58750969397067
4217773702,B,44,4,development_group_oof,60.9621,67.02915610600621
-2141929716,B,45,4,development_group_oof,61.07565,65.87128796024578
-2131929428,B,45,4,development_group_oof,62.51955,67.01611000991278
3844719354,B,45,4,development_group_oof,59.8005,69.19704097878459
2707293054,B,46,4,development_group_oof,67.09305,67.8662966054705
-4025511554,A,47,4,development_group_oof,65.05305,64.63485804115217
-4025511548,A,47,4,development_group_oof,69.52515,73.32713291236705
-2143929760,A,47,4,development_group_oof,67.4037,69.86236782806883
-2143929740,A,47,4,development_group_oof,66.82695,67.79299995344203
-2143929718,A,47,4,development_group_oof,62.0946,65.67138650693714
-2143929710,A,47,4,development_group_oof,62.32305,67.10919089281076
-2141929518,A,47,4,development_group_oof,63.01935,69.68193921638462
-2141929514,A,47,4,development_group_oof,62.6505,63.704525783973295
-2141929506,A,47,4,development_group_oof,63.6441,69.48969262300432
-4027511762,A,48,4,development_group_oof,61.78755,65.40582533557986
-2143929718,B,48,4,development_group_oof,65.418,68.4958868766635
-2141929522,B,48,4,development_group_oof,62.2413,68.66758426375796
-2141929510,B,48,4,development_group_oof,64.54035,69.73945331657696
-4027511750,B,49,4,development_group_oof,62.11335,67.24158648935357
-4025511552,B,49,4,development_group_oof,57.1299,65.3887031953355
-4025511536,B,49,4,development_group_oof,57.73245,67.02141042651392
-4027511556,A,50,5,development_group_oof,66.99705,66.65874404499885
-2143929768,A,50,5,development_group_oof,65.1417,65.6304588377103
-1193530852,A,50,5,development_group_oof,153.5973,150.794630236022
-1193530674,A,50,5,development_group_oof,149.74545,150.472234730528
-1193530654,A,50,5,development_group_oof,150.48345,150.8565581377835
-1193530650,A,50,5,development_group_oof,150.56655,147.70059985494402
-1193530646,A,50,5,development_group_oof,150.9651,151.50709884142861
-1193530642,A,50,5,development_group_oof,149.961,151.00080399598818
-1193530634,A,50,5,development_group_oof,147.0042,150.7483746852113
-1193530630,A,50,5,development_group_oof,150.02415,149.20355311367743
-2143929764,B,51,5,development_group_oof,65.5896,62.231628651868085
-1193530626,A,51,5,development_group_oof,150.68295,149.54572500011122
4215773456,B,51,5,development_group_oof,63.59325,61.00638646702913
4229773652,A,51,5,development_group_oof,69.4599,65.59026688201352
-4025511496,A,52,5,development_group_oof,65.40075,66.99097442901343
-2137929686,A,52,5,development_group_oof,68.4723,66.19714642795867
-2137929682,A,52,5,development_group_oof,73.75395,63.27202971012337
325446704,A,52,5,development_group_oof,150.9264,150.3780171407395
4215773500,B,52,5,development_group_oof,77.68605,77.55157330811532
4229773652,B,52,5,development_group_oof,81.44055,72.15041572514714
-4023511798,A,53,5,development_group_oof,69.38895,71.06392767986775
-4023511746,A,53,5,development_group_oof,68.589,66.7583401135494
-4023511592,A,53,5,development_group_oof,72.44115,67.87056030837216
325446696,A,53,5,development_group_oof,145.82835,148.8894549889126
325446708,A,53,5,development_group_oof,148.70145,149.9404929237345
4229773746,A,53,5,development_group_oof,71.10945,68.56102868802897
-4023511798,B,54,5,development_group_oof,65.6472,64.91276136293
-4023511604,B,54,5,development_group_oof,67.70235,70.83656976257024
-2137929706,B,54,5,development_group_oof,76.2096,76.54352986128912
325446716,A,54,5,development_group_oof,146.60235,151.9267528548291
325446870,A,54,5,development_group_oof,149.9733,149.54015123442966
4229773718,A,54,5,development_group_oof,64.4532,69.22309614908542
-4023511746,B,55,5,development_group_oof,64.8564,63.35403696817128
-4023511592,B,55,5,development_group_oof,64.75125,61.770342197783954
-1193530682,A,55,5,development_group_oof,154.33335,150.23472391333263
4229773632,B,55,5,development_group_oof,67.31955,63.067960679987564
4229773730,B,55,5,development_group_oof,64.6767,63.98303785262475
4229773746,B,55,5,development_group_oof,65.9526,63.85887196539217
325446866,A,56,5,development_group_oof,151.1547,149.4015029328634
325446910,A,56,5,development_group_oof,151.06125,149.08384492919018
4229773758,B,56,5,development_group_oof,66.56505,65.69992115137522
325446850,A,57,5,development_group_oof,153.28695,149.20557666903207
325446890,A,57,5,development_group_oof,148.5657,151.46746704474396
325446902,A,57,5,development_group_oof,149.25915,150.13396357669072
4229773698,A,58,5,development_group_oof,63.73965,67.32313746092545
4229773722,A,58,5,development_group_oof,63.04335,63.19599951733815
323446592,A,59,5,development_group_oof,146.9262,152.39481411317675
323446596,A,59,5,development_group_oof,147.8013,150.855942729144
323446600,A,59,5,development_group_oof,150.0252,148.52946386110884
323446604,A,59,5,development_group_oof,145.2105,151.4865268822205
325446862,A,59,5,development_group_oof,152.5515,149.6425100307998
3846719084,A,59,5,development_group_oof,57.144,68.6475979858217
3846719092,A,59,5,development_group_oof,54.585,68.29966772632828
3846719100,A,59,5,development_group_oof,54.06135,65.67550372025597
4227773484,A,59,5,development_group_oof,62.03595,61.21205903234356
4227773500,A,59,5,development_group_oof,63.2613,62.93110842347417
323446608,A,60,6,development_group_oof,148.91535,149.5001339736506
323446612,A,60,6,development_group_oof,148.91565,149.39433516130796
323446620,A,60,6,development_group_oof,152.268,148.06549221072842
323446628,A,60,6,development_group_oof,151.3083,149.57266394249808
323446644,A,60,6,development_group_oof,147.64155,150.0866857596481
323446690,A,60,6,development_group_oof,151.01055,151.35093300120857
325446858,A,60,6,development_group_oof,149.5515,148.86511268554227
345446880,A,60,6,development_group_oof,148.6416,150.4196924855327
345446884,A,60,6,development_group_oof,150.40245,150.58974707586873
3846719080,B,60,6,development_group_oof,64.8096,61.62512300993103
4225773644,A,60,6,development_group_oof,62.46615,67.21593585465021
4227773488,B,60,6,development_group_oof,68.92695,64.5843067481528
4227773492,A,60,6,development_group_oof,62.007,63.09373921521699
4227773658,B,60,6,development_group_oof,71.55435,72.5606351208098
4227773662,B,60,6,development_group_oof,67.14225,64.19378507415995
4229773722,B,60,5,development_group_oof,66.38145,62.3887321281453
-4220160650,A,61,6,development_group_oof,65.65575,65.53053530707459
-2137929694,A,61,6,development_group_oof,63.66765,64.08451367695785
323446616,A,61,6,development_group_oof,147.3105,149.4111801265529
323446636,A,61,6,development_group_oof,147.07185,150.81591641162316
4227773500,B,61,5,development_group_oof,70.40355,73.64236477911582
-2139929710,A,62,6,development_group_oof,67.059,68.53850405335498
4225773652,A,62,6,development_group_oof,65.07885,67.59873417041122
4225773702,A,62,6,development_group_oof,63.5136,69.58970127999676
4225773730,A,62,6,development_group_oof,66.88155,69.07499240742162
4225773738,A,62,6,development_group_oof,66.4386,66.78398866049933
4225773746,A,62,6,development_group_oof,62.87865,67.31416062919058
4225773750,A,62,6,development_group_oof,64.6068,67.39699490409858
4227773654,B,62,6,development_group_oof,62.80455,62.05006559422858
-2137929690,B,63,6,development_group_oof,61.46865,61.237703508932505
345446666,A,63,6,development_group_oof,148.9194,148.5529586142268
-2139929788,A,64,6,development_group_oof,67.07565,65.80360112161331
-2139929772,A,64,6,development_group_oof,68.1027,66.02392842210546
-2139929752,B,64,6,development_group_oof,81.31035,69.23408300905871
-2139929748,B,64,6,development_group_oof,77.6979,72.72239850831326
-2139929744,A,64,6,development_group_oof,69.3282,69.22822057362765
-2139929736,B,64,6,development_group_oof,78.23085,71.56518561631162
323446702,A,64,6,development_group_oof,151.6815,152.0487124983672
343446890,A,64,6,development_group_oof,152.52525,149.6202539433889
343446894,A,64,6,development_group_oof,151.54785,151.73377408997928
343446912,A,64,6,development_group_oof,156.06375,151.1967309706876
343446920,A,64,6,development_group_oof,151.01475,149.24723075422912
343446924,A,64,6,development_group_oof,155.97645,152.86554406051317
343446928,A,64,6,development_group_oof,151.70385,151.56312612154963
343446932,A,64,6,development_group_oof,153.2667,152.55306221118818
343446936,A,64,6,development_group_oof,151.902,153.17135167234937
343446948,A,64,6,development_group_oof,155.30595,152.34149309033612
345446694,A,64,6,development_group_oof,155.0574,148.70091202498392
345446710,A,64,6,development_group_oof,156.747,151.22861939804844
4225773750,B,64,6,development_group_oof,71.2104,71.48546299804619
4229773726,B,64,6,development_group_oof,76.78335,71.82942838694662
-4023511802,A,65,6,development_group_oof,61.9821,65.68318535935205
-4023511794,A,65,6,development_group_oof,68.91195,63.282335764484884
-2149929672,A,65,6,development_group_oof,67.55865,63.44302473609758
343446940,A,65,6,development_group_oof,147.16635,152.15335172317535
343446944,A,65,6,development_group_oof,149.45925,148.67990446596843
2114498118,A,65,6,development_group_oof,70.82595,63.396691108520656
4225773698,B,65,6,development_group_oof,67.39995,61.00749973393364
4225773702,B,65,6,development_group_oof,72.3765,63.90815306435926
-4021511602,A,67,6,development_group_oof,61.01325,68.62285182963853
-2149929534,A,67,6,development_group_oof,62.46855,68.2355891834741
-2139929764,B,67,6,development_group_oof,68.93775,69.85287633832154
343446956,A,67,6,development_group_oof,152.23575,148.91273003741796
4173773330,A,67,6,development_group_oof,60.0345,62.22291293780247
4223773444,A,67,6,development_group_oof,61.0134,62.67429514380447
4223773480,A,67,6,development_group_oof,56.7708,72.42504900531827
4223773484,A,67,6,development_group_oof,57.8457,62.34057953725286
4223773638,B,67,6,development_group_oof,68.1342,73.62584331851063
-4023511802,B,68,6,development_group_oof,64.1037,61.86216742248229
343446916,A,68,6,development_group_oof,152.2017,150.58247085151498
345446690,A,68,6,development_group_oof,149.15655,148.68266658007056
349446674,A,68,6,development_group_oof,152.16435,150.1048757080576
349446678,A,68,6,development_group_oof,155.9079,150.7300195740601
349446682,A,68,6,development_group_oof,152.28525,151.0113062492946
349446686,A,68,6,development_group_oof,152.1492,148.3943484969303
2104497922,B,68,6,development_group_oof,61.94955,63.147211851032246
4173773318,A,68,6,development_group_oof,65.8134,65.3450692741782
4173773326,A,68,6,development_group_oof,62.03835,66.80956307615904
4223773448,A,68,6,development_group_oof,65.7687,63.29074402471592
4223773476,A,68,6,development_group_oof,62.0319,61.32613681618797
-4021511614,B,69,6,development_group_oof,63.3792,63.80477600445486
-4021511500,B,69,6,development_group_oof,59.4282,60.468914272872425
349446658,A,69,6,development_group_oof,153.5061,151.1547219068032
4173773362,A,69,6,development_group_oof,62.04705,67.34507586543421
4173773370,A,69,6,development_group_oof,63.789,66.29209731661025
4173773544,B,69,6,development_group_oof,62.0994,62.10777900478316
4173773564,B,69,6,development_group_oof,58.26615,62.811049222313045
4223773476,B,69,6,development_group_oof,58.96995,59.68660059036075
4223773488,B,69,6,development_group_oof,57.6486,59.756185219128874
4223773496,B,69,6,development_group_oof,64.7199,66.17592770916268
4225773710,B,69,6,development_group_oof,61.9851,62.373232127612745
-2151929736,B,70,7,development_group_oof,60.4107,59.38476141313024
-2151929732,B,70,7,development_group_oof,57.3687,60.149460745460146
-2039929274,B,70,7,development_group_oof,57.86805,58.45869734260211
4173773326,B,70,6,development_group_oof,57.7392,59.84471209340354
4173773334,B,70,7,development_group_oof,65.76105,66.18633219864529
-4021511536,B,71,7,development_group_oof,66.4755,70.40988983113259
-4021511496,B,71,7,development_group_oof,65.007,63.56443763618383
-4019511806,A,71,7,development_group_oof,67.1346,63.30488670401263
-4019511794,A,71,7,development_group_oof,68.82615,62.01496549896345
-4019511770,A,71,7,development_group_oof,68.5083,60.37606457177177
-4017511504,A,71,7,development_group_oof,68.45955,60.228998827806066
349446896,A,71,7,development_group_oof,151.1517,153.71561697660425
349446900,A,71,7,development_group_oof,149.21775,152.27989931784168
4171773542,B,71,7,development_group_oof,64.90125,63.11739963542904
4171773558,A,71,7,development_group_oof,68.0601,59.5282448201416
4171773580,A,71,7,development_group_oof,66.54375,60.77656268473866
4171773584,A,71,7,development_group_oof,67.1799,62.32734184594044
4171773608,A,71,7,development_group_oof,65.56575,59.60992138214927
4171773612,A,71,7,development_group_oof,65.3619,60.99223028560015
4171773620,A,71,7,development_group_oof,69.88815,61.03067907494339
-4019511774,A,72,7,development_group_oof,73.5558,68.15926718895098
-4017511586,B,72,7,development_group_oof,72.0225,68.09268377179153
-4017511492,B,72,7,development_group_oof,73.24545,67.76094253958476
1471738964,A,72,7,development_group_oof,64.04925,59.97832639606245
1471738972,A,72,7,development_group_oof,65.13795,63.70110206056479
4167773542,A,72,7,development_group_oof,68.59785,59.40253881237554
4167773568,A,72,7,development_group_oof,71.0202,74.39976516507382
4167773580,A,72,7,development_group_oof,75.1977,77.29349017586212
4167773604,A,72,7,development_group_oof,70.92195,72.84569458029081
4169773318,A,72,7,development_group_oof,68.2689,60.792873936327794
4169773334,A,72,7,development_group_oof,73.509,70.62219812249201
4169773374,B,72,7,development_group_oof,79.26135,76.03970496585063
4171773550,B,72,7,development_group_oof,70.01865,68.4297275664189
4181773358,A,72,7,development_group_oof,64.8966,61.712724766681674
4181773512,A,72,7,development_group_oof,68.56845,74.95390776858224
-4019511766,B,73,7,development_group_oof,74.9574,74.17106544783263
-4019511758,B,73,7,development_group_oof,73.41675,71.23759353166986
-2039929212,A,73,7,development_group_oof,72.7194,71.62983072852285
-1716100432,A,73,7,development_group_oof,71.0547,72.86980243009494
1471738972,B,73,7,development_group_oof,84.86895,78.87592050954967
4169773544,B,73,7,development_group_oof,76.1109,77.7079725328954
4169773564,B,73,7,development_group_oof,78.2172,71.53006652528187
4171773568,B,73,7,development_group_oof,80.36835,76.54239532511679
4171773572,B,73,7,development_group_oof,73.97565,71.98149764894603
4171773576,B,73,7,development_group_oof,76.53525,77.28448699553464
4171773592,B,73,7,development_group_oof,82.99275,77.74670768982047
4171773604,B,73,7,development_group_oof,79.38495,74.60260701274092
4179773518,A,73,7,development_group_oof,71.46465,74.85788646848663
4179773596,A,73,7,development_group_oof,69.2805,73.18214978820657
4181773366,A,73,7,development_group_oof,71.4918,77.66214059140735
-4021511544,B,74,7,development_group_oof,81.4473,77.18661392351252
-4019511774,B,74,7,development_group_oof,73.9884,79.55070432401489
-4019511616,B,74,7,development_group_oof,72.30285,75.53770351123822
-2039929184,B,74,7,development_group_oof,80.3745,78.11888807953265
1471739014,B,74,7,development_group_oof,82.54545,78.62238446952641
4167773572,A,74,7,development_group_oof,69.77145,73.88165210034781
4169773314,B,74,7,development_group_oof,81.36645,78.34032142766425
4177773330,A,74,7,development_group_oof,74.7381,74.19650541462526
4177773560,A,74,7,development_group_oof,70.9191,73.5370538464755
4179773608,A,74,7,development_group_oof,77.0127,71.79067217434014
4181773354,B,74,7,development_group_oof,73.1538,72.11374618152328
-2149929514,B,75,7,development_group_oof,78.57975,72.21589174859166
-1716100432,B,75,7,development_group_oof,77.9922,75.66388282307169
4167773596,B,75,7,development_group_oof,78.1854,77.81843900940997
4169773338,B,75,7,development_group_oof,75.7992,76.69933806770655
4169773358,B,75,7,development_group_oof,78.2316,77.79267780742029
4177773362,A,75,7,development_group_oof,73.1898,73.89535911314914
4179773596,B,75,7,development_group_oof,78.91125,76.60350897957368
4179773628,B,75,7,development_group_oof,75.7299,77.74464012144216
4181773318,A,75,7,development_group_oof,75.95715,75.53244685357886
4181773366,B,75,7,development_group_oof,78.95955,75.88231484621583
4175773600,A,76,7,development_group_oof,68.61255,72.1517135610661
4177773350,A,76,7,development_group_oof,72.86265,71.65998835421189
4177773374,A,76,7,development_group_oof,71.27145,71.42498550625653
4179773506,A,76,7,development_group_oof,71.11035,72.34988580271083
4179773604,A,76,7,development_group_oof,71.16225,73.18624372437158
4179773608,B,76,7,development_group_oof,83.64375,74.21383411699937
-2033929414,A,77,7,development_group_oof,69.3573,74.0671504507942
-1714100520,A,77,7,development_group_oof,70.3704,72.54729088854847
343446960,A,77,7,development_group_oof,146.58195,154.20652549509327
349446666,A,77,7,development_group_oof,152.18235,152.06454327827453
349446670,A,77,7,development_group_oof,153.87015,154.62656959228948
4171773596,A,77,7,development_group_oof,72.35115,73.93928253119458
4175773538,A,77,7,development_group_oof,72.07185,74.26814465507077
4175773554,A,77,7,development_group_oof,74.8848,76.42764564714528
4175773558,A,77,7,development_group_oof,71.943,72.01653429463629
4175773568,A,77,7,development_group_oof,70.3083,74.57374438501431
4175773572,A,77,7,development_group_oof,72.42495,73.42802793259341
4175773624,A,77,7,development_group_oof,70.8984,73.61918356828049
4177773362,B,77,7,development_group_oof,78.5286,78.57434980006609
4177773370,B,77,7,development_group_oof,79.22415,73.90242854749175
4177773556,B,77,7,development_group_oof,79.8621,79.42688498719417
4179773600,B,77,7,development_group_oof,80.89155,75.06231671086772
4179773616,B,77,7,development_group_oof,80.2518,77.82790828585294
-1714100520,B,78,7,development_group_oof,78.3654,78.03926210691623
349446662,A,78,7,development_group_oof,148.91175,153.24338812983686
349446690,A,78,7,development_group_oof,152.679,152.68531311105838
349446706,A,78,7,development_group_oof,149.4033,153.42366968099026
349446710,A,78,7,development_group_oof,154.54215,153.54935477029426
665222750,A,78,7,development_group_oof,151.3224,151.93116616500055
665222766,A,78,7,development_group_oof,148.81395,153.23802616021598
1836206946,A,78,7,development_group_oof,149.50665,153.1433977312831
1836206950,A,78,7,development_group_oof,152.6787,153.3186079924949
1836206954,A,78,7,development_group_oof,151.97205,152.96188141557434
1836206958,A,78,7,development_group_oof,152.8923,153.83344741394572
1836206966,A,78,7,development_group_oof,151.2015,152.9939266330213
1836206976,A,78,7,development_group_oof,150.5826,151.94415704311598
1836206980,A,78,7,development_group_oof,148.36215,153.06600476313136
1836206984,A,78,7,development_group_oof,148.29135,154.56564454231685
1836207000,A,78,7,development_group_oof,149.43195,153.1576902668018
1836207020,A,78,7,development_group_oof,151.81005,154.48131370285742
4177773322,B,78,7,development_group_oof,80.8818,75.0575913098883
4177773374,B,78,7,development_group_oof,78.2958,72.8091026359064
4179773506,B,78,7,development_group_oof,78.04575,73.817051293867
4189773480,A,78,7,development_group_oof,71.9487,75.58451424375797
-2033929438,B,79,7,development_group_oof,73.20885,77.60672419419713
-2033929418,B,79,7,development_group_oof,84.2412,78.12545430308563
-2033929414,B,79,7,development_group_oof,74.8554,73.4440575013637
-1716100476,B,79,7,development_group_oof,81.30195,78.89807130968937
-1714100536,B,79,7,development_group_oof,82.1631,78.41289085500944
-1714100524,B,79,7,development_group_oof,82.3443,77.43076104900487
665222754,A,79,7,development_group_oof,152.0331,154.12549865903637
665222758,A,79,7,development_group_oof,150.43815,152.9219057153337
1836206992,A,79,7,development_group_oof,154.47525,153.51463437931844
1836207008,A,79,7,development_group_oof,150.9006,153.1336996178006
1836207016,A,79,7,development_group_oof,151.22625,154.53857720130327
1836207028,A,79,7,development_group_oof,153.4002,153.6439841847739
1838206742,A,79,7,development_group_oof,154.2624,152.88833472272668
1838206746,A,79,7,development_group_oof,150.97425,153.83446046693766
1838206952,A,79,7,development_group_oof,153.7527,151.62277750026243
1838206972,A,79,7,development_group_oof,154.02675,153.20867811185877
4169773540,B,79,7,development_group_oof,85.2246,80.45479927845305
4171773596,B,79,7,development_group_oof,79.80435,78.5487998095251
4175773554,B,79,7,development_group_oof,79.41285,78.36074138853259
4175773558,B,79,7,development_group_oof,70.3251,74.44670304548596
4175773568,B,79,7,development_group_oof,74.3157,76.3293572343305
4175773584,B,79,7,development_group_oof,76.24185,72.44811284877828
4175773588,B,79,7,development_group_oof,81.83835,78.55801578699166
4175773624,B,79,7,development_group_oof,68.7492,76.02071672867599
4175773628,B,79,7,development_group_oof,79.4604,76.08265842818948
4179773604,B,79,7,development_group_oof,76.95825,73.0746726902828
4189773378,B,79,7,development_group_oof,81.73245,78.46075746371939
4189773476,B,79,7,development_group_oof,84.0453,78.15863539108649
4189773480,B,79,7,development_group_oof,83.4648,77.92896822740663
-1714100694,A,80,8,development_group_oof,82.302,78.91266001482154
-1714100690,A,80,8,development_group_oof,85.1211,82.71486588956269
-1714100686,A,80,8,development_group_oof,81.37515,78.48015849238396
1836207012,A,80,8,development_group_oof,152.67555,150.82219647484987
1838206734,A,80,8,development_group_oof,154.1079,152.391227255379
1838206750,A,80,8,development_group_oof,153.3063,152.3886612737486
1838206770,A,80,8,development_group_oof,148.4748,151.92769271000964
1838206960,A,80,8,development_group_oof,150.10665,151.27284922423107
4175773562,A,80,8,development_group_oof,73.01565,76.70658278148076
4177773326,A,80,8,development_group_oof,75.00615,77.00707331950436
4187773530,A,80,8,development_group_oof,72.9171,75.79363369410136
4189773390,A,80,8,development_group_oof,81.92955,80.96880546077455
4189773398,A,80,8,development_group_oof,76.59255,76.51170617870366
4189773402,A,80,8,development_group_oof,73.3311,79.90821216465027
4189773472,B,80,8,development_group_oof,84.4305,85.13967451568412
4223773452,A,80,8,development_group_oof,78.75585,79.71899694258936
1832206946,A,81,8,development_group_oof,152.6364,151.48808585943493
1838206722,A,81,8,development_group_oof,152.4384,151.70537703574058
1838206730,A,81,8,development_group_oof,152.3268,152.5372188167384
1838206762,A,81,8,development_group_oof,151.8822,153.32720217906177
1838206782,A,81,8,development_group_oof,152.253,152.51951029351795
4187773526,A,81,8,development_group_oof,78.20955,77.68097165082067
4189773394,B,81,8,development_group_oof,82.4331,83.5862030051965
4189773406,B,81,8,development_group_oof,85.1316,85.82497332386973
4189773414,A,81,8,development_group_oof,78.1875,81.02669197187234
4189773418,B,81,8,development_group_oof,86.6982,85.83448163263526
4189773434,B,81,8,development_group_oof,84.9375,86.11491111677711
4223773452,B,81,8,development_group_oof,85.16235,90.6708204190259
-1714100682,A,82,8,development_group_oof,73.40895,76.88073612044077
1832206970,A,82,8,development_group_oof,155.2191,151.82939048808245
-1714100702,B,83,8,development_group_oof,77.20935,78.71401879772984
-1714100682,B,83,8,development_group_oof,78.89835,77.37370638236001
1832206976,A,83,8,development_group_oof,154.3071,153.4680900925378
1832206980,A,83,8,development_group_oof,151.6458,152.6467529210081
1832206988,A,83,8,development_group_oof,150.55905,151.75198313507659
1832207000,A,83,8,development_group_oof,153.06645,152.02396258033764
1838206726,A,83,8,development_group_oof,155.8884,151.73832528644985
4179773576,A,83,8,development_group_oof,74.7579,76.67126627663504
4187773534,A,83,8,development_group_oof,75.3621,78.80860182941647
4189773414,B,83,8,development_group_oof,85.93425,84.41197274378608
1832206992,A,84,8,development_group_oof,154.54875,153.04550732664018
1832206996,A,84,8,development_group_oof,150.87285,151.08463677351244
1832207012,A,85,8,development_group_oof,150.5952,150.09111442767198
1832207016,A,85,8,development_group_oof,152.60445,151.1408977605984
1834206956,A,85,8,development_group_oof,148.6347,152.54084403306706
4179773576,B,85,8,development_group_oof,82.1292,78.62036960844773
4179773580,A,85,8,development_group_oof,77.8926,79.1819190746155
4187773534,B,85,8,development_group_oof,83.37885,79.15852281772045
-2033929470,A,86,8,development_group_oof,69.57765,72.88355435878773
-2033929450,A,86,8,development_group_oof,73.62825,73.95123013936542
-2033929430,A,86,8,development_group_oof,71.89785,73.96447260883575
-2033929434,A,87,8,development_group_oof,69.1461,76.71164667809462
1477739240,A,87,8,development_group_oof,70.29945,79.12973828933
2919013980,A,87,8,development_group_oof,71.643,79.50046808201263
2921014246,A,87,8,development_group_oof,69.43905,77.5117942339674
2921014258,A,87,8,development_group_oof,69.64515,77.80162304835338
2921014270,A,87,8,development_group_oof,69.9084,75.85059225301016
1832207020,A,88,8,development_group_oof,150.9171,151.57424712529576
1834206734,A,88,8,development_group_oof,155.0055,150.542507325627
1834206948,A,88,8,development_group_oof,150.51855,151.59535241117527
1834206952,A,88,8,development_group_oof,152.8344,152.23227152403456
2915014054,A,88,8,development_group_oof,77.50935,84.77369465993388
-1720100542,B,89,8,development_group_oof,81.06,86.12212858451768
1475739234,A,89,8,development_group_oof,77.03835,76.26124541664701
1475739242,A,89,8,development_group_oof,75.5517,76.74354030716137
1475739250,A,89,8,development_group_oof,73.81275,79.3375177197255
1477739026,B,89,8,development_group_oof,83.6733,86.65082474431405
1477739054,A,89,8,development_group_oof,77.2362,76.55091334860515
1477739062,A,89,8,development_group_oof,79.0431,79.64031823340568
2911013960,A,89,8,development_group_oof,74.9115,77.53283805523274
2917014230,A,89,8,development_group_oof,73.83915,81.37999886300116
2917014250,A,89,8,development_group_oof,72.1308,81.3086575985983
2917014266,A,89,8,development_group_oof,74.664,79.42787398713465
2917014270,A,89,8,development_group_oof,75.6558,82.13655436034315
-1720100534,B,90,9,development_group_oof,86.83545,81.39269840700214
-1714100726,B,90,9,development_group_oof,85.57245,83.4899996087215
1475739238,A,90,9,development_group_oof,77.08095,75.38697858270073
1475739242,B,90,8,development_group_oof,87.56835,80.72016806221224
1475739292,A,90,9,development_group_oof,70.49925,73.73759268738117
1477739010,B,90,9,development_group_oof,83.4507,86.12165894674885
1477739054,B,90,8,development_group_oof,87.9891,83.1078048591907
1477739240,B,90,8,development_group_oof,88.53165,85.36063010539068
2911013972,A,90,9,development_group_oof,74.4585,74.77379935895186
2911013992,A,90,9,development_group_oof,73.4631,74.25321298547303
1475739246,B,91,9,development_group_oof,96.5514,93.35560173601145
1475739292,B,91,9,development_group_oof,91.79565,83.15487319640276
1479739258,A,91,9,development_group_oof,81.24135,76.13242677673996
1481739014,A,91,9,development_group_oof,78.3813,74.35531721867903
2911013964,B,91,9,development_group_oof,91.7526,86.22543416956464
2911013972,B,91,9,development_group_oof,95.1084,88.65161544462758
2911013976,A,91,9,development_group_oof,78.51765,76.28787904583238
2911013980,A,91,9,development_group_oof,82.21785,78.82668006993596
2911014050,B,91,9,development_group_oof,91.6953,90.27605584240025
2913014234,A,91,9,development_group_oof,83.15835,76.27440849081333
2917014064,B,91,9,development_group_oof,87.1053,86.53380149586994
2917014230,B,91,8,development_group_oof,87.27075,87.91895386057173
2917014250,B,91,8,development_group_oof,88.10025,87.81282148152768
2917014262,B,91,9,development_group_oof,85.4862,85.34496811848922
2917014270,B,91,8,development_group_oof,90.76995,87.72717556860519
2939014292,A,91,9,development_group_oof,86.77335,79.1799855520364
2939014300,A,91,9,development_group_oof,83.10525,77.1921143211083
2941014078,A,91,9,development_group_oof,86.8872,78.78025854946402
1475739276,A,92,9,development_group_oof,82.2507,77.26880319864591
1481739022,A,92,9,development_group_oof,82.61265,75.25848040003827
1481739038,A,92,9,development_group_oof,81.036,76.32783899837986
2707293108,A,92,9,development_group_oof,83.36445,74.63353425595936
2709292842,A,92,9,development_group_oof,81.7785,75.90339269502164
2709292850,A,92,9,development_group_oof,84.72675,73.942693510862
2709292854,A,92,9,development_group_oof,84.9639,76.21160315995871
2709292858,A,92,9,development_group_oof,83.75475,79.65660490861352
2709292862,A,92,9,development_group_oof,77.8455,76.24950317144014
2913014250,B,92,9,development_group_oof,87.5745,86.72845812391198
-2045929446,A,93,9,development_group_oof,78.26415,78.64642112571006
1475739280,B,93,9,development_group_oof,80.9979,86.61848813773993
1475739288,B,93,9,development_group_oof,83.71605,84.11656253467982
3015014268,A,93,9,development_group_oof,80.2101,74.24964944490694
3015014294,A,93,9,development_group_oof,77.3751,76.40079544707139
3015014302,A,93,9,development_group_oof,84.67995,79.43515562026492
3021014286,A,93,9,development_group_oof,77.74695,75.06692146185901
3021014306,A,93,9,development_group_oof,78.28005,75.70124351667334
3021014318,A,93,9,development_group_oof,78.74865,74.8642164953172
-2045929442,B,94,9,development_group_oof,89.28975,85.15975898010444
1475739284,B,94,9,development_group_oof,91.42335,87.07041305998787
1475739308,B,94,9,development_group_oof,83.07855,84.81247327464689
1481739062,B,94,9,development_group_oof,84.54945,84.80253185721054
2709292850,B,94,9,development_group_oof,89.59815,92.32246706102421
2913014238,B,94,9,development_group_oof,92.02575,90.69307246687713
2939014266,B,94,9,development_group_oof,86.59425,85.79496722437295
2939014292,B,94,9,development_group_oof,86.31195,87.37967355215291
2939014300,B,94,9,development_group_oof,84.82605,85.1019743463064
2941014050,B,94,9,development_group_oof,87.0621,85.33017413461333
3021014274,A,94,9,development_group_oof,81.99375,79.6770459132287
3021014322,B,94,9,development_group_oof,85.82955,86.60755248141894
3021014496,B,94,9,development_group_oof,87.26715,85.8159247170278
3021014500,B,94,9,development_group_oof,87.69855,84.5683712082289
3021014508,A,94,9,development_group_oof,74.98635,74.96983204468927
-2045929236,B,95,9,development_group_oof,95.66055,92.41828564037384
2707293112,B,95,9,development_group_oof,88.3725,88.55013268128236
2709292810,B,95,9,development_group_oof,89.1222,90.89377378564558
2709292838,B,95,9,development_group_oof,85.69455,86.64832718128706
2709292846,B,95,9,development_group_oof,88.00155,88.81684713971897
3021014286,B,95,9,development_group_oof,80.4021,82.22089398247462
3021014290,B,95,9,development_group_oof,89.037,88.44751457127785
3021014298,B,95,9,development_group_oof,88.94625,88.13311247998739
3021014306,B,95,9,development_group_oof,87.4209,87.09562365995984
3015014208,A,96,9,development_group_oof,79.43145,74.80229424831232
3015014244,B,96,9,development_group_oof,85.10355,85.6421797405186
3015014256,B,96,9,development_group_oof,80.18385,81.64185810746152
3017014498,A,96,9,development_group_oof,77.03775,74.1262660817565
3017014514,A,96,9,development_group_oof,81.68865,78.50127061375733
3021014278,B,96,9,development_group_oof,86.9703,85.77753156431588
3021014314,B,96,9,development_group_oof,80.29665,81.65737837997919
3021014508,B,96,9,development_group_oof,84.01875,83.93033981943779
-3287299576,B,97,9,development_group_oof,78.7572,85.81479747436224
3015014228,B,97,9,development_group_oof,73.1484,82.52029227477324
3015014248,A,97,9,development_group_oof,76.38435,78.41516335012098
3015014252,A,97,9,development_group_oof,70.7031,74.22066967536634
3017014288,A,97,9,development_group_oof,73.58325,75.35652284603647
3017014292,A,97,9,development_group_oof,71.37885,74.3722736742766
3017014300,A,97,9,development_group_oof,72.08715,74.83530234397638
3021014274,B,97,9,development_group_oof,83.87505,85.70459057753703
3021014294,B,97,9,development_group_oof,72.50955,83.44084821472748
3011014228,A,98,9,development_group_oof,72.31815,73.82320107966369
3011014278,A,98,9,development_group_oof,74.01555,73.85003678732984
3013014296,A,98,9,development_group_oof,72.84075,74.15335060324912
3013014506,A,98,9,development_group_oof,71.3712,74.4865580226338
3015014208,B,98,9,development_group_oof,73.40715,77.36980058106123
3017014276,A,98,9,development_group_oof,70.98945,79.76415954816451
3017014288,B,98,9,development_group_oof,74.44095,79.03623700411441
3017014470,A,98,9,development_group_oof,73.54815,74.52835731155392
3017014506,A,98,9,development_group_oof,76.0044,78.97075896261545
3017014522,A,98,9,development_group_oof,73.52445,74.84454604396862
3009014470,A,99,9,development_group_oof,74.62365,74.08856741500936
3009014494,A,99,9,development_group_oof,81.48765,78.72902939485913
3011014208,B,99,9,development_group_oof,83.7336,83.86427677071381
3011014212,B,99,9,development_group_oof,79.6245,81.00105592002896
3011014264,B,99,9,development_group_oof,81.99945,83.16371975186536
3013014292,A,99,9,development_group_oof,75.9663,74.77781037139002
3013014490,A,99,9,development_group_oof,76.84515,74.72519421164185
3011014220,B,100,10,development_group_oof,81.7974,82.18651869758435
3011014268,B,100,10,development_group_oof,83.0055,82.33589020215982
3013014486,B,100,10,development_group_oof,85.67175,84.40584758854338
3017014470,B,100,9,development_group_oof,85.0212,84.07091848176636
3017014490,B,100,10,development_group_oof,86.1207,82.2090671459854
3017014494,B,100,10,development_group_oof,85.0308,82.11581595058779
3017014510,B,100,10,development_group_oof,80.6004,83.85711955536492
2663292688,A,101,10,development_group_oof,79.65045,78.62804632524266
3035014490,A,101,10,development_group_oof,73.4565,77.26321374268025
3037014488,A,101,10,development_group_oof,75.69735,78.8328292766754
-4043511796,A,102,10,development_group_oof,75.37605,76.81379002524068
3031014466,A,102,10,development_group_oof,70.8684,76.73611452304438
3035014494,B,102,10,development_group_oof,80.9778,80.22727881792699
3037014334,A,102,10,development_group_oof,76.05255,78.12917151844321
3037014480,A,102,10,development_group_oof,73.93245,75.13393985001059
-4045511820,B,103,10,development_group_oof,83.29515,85.88148480329723
-4043511808,A,103,10,development_group_oof,69.92775,75.3840527214438
-1720100480,B,103,10,development_group_oof,87.10995,88.54123228782946
-1720100468,B,103,10,development_group_oof,81.8391,85.09115093343723
2663292688,B,103,10,development_group_oof,86.42175,83.66734980282776
2663292922,B,103,10,development_group_oof,90.2769,91.21960310579924
3017014296,A,103,10,development_group_oof,73.64985,76.21906167865161
3031014536,A,103,10,development_group_oof,72.3561,76.08811190855863
3031014568,A,103,10,development_group_oof,69.67035,74.54191203879164
3031014580,A,103,10,development_group_oof,70.31985,75.89779119400295
3031014584,A,103,10,development_group_oof,72.4371,79.53033496469851
3035014482,B,103,10,development_group_oof,84.8715,89.37084079315017
3037014488,B,103,10,development_group_oof,85.9797,85.80081104820641
-4045511868,B,104,10,development_group_oof,84.015,79.09781747299293
-4045511848,B,104,10,development_group_oof,85.5699,87.38032842943356
-4045511836,B,104,10,development_group_oof,82.2303,80.91793321645075
-4045511832,B,104,10,development_group_oof,86.3877,88.35610620191272
-4045511828,A,104,10,development_group_oof,76.0023,74.11879489174393
-4045511824,B,104,10,development_group_oof,83.6727,81.20303942842337
-4045511816,B,104,10,development_group_oof,84.15975,81.21809607384361
-4045511812,A,104,10,development_group_oof,80.33985,78.77104299828835
-4043511796,B,104,10,development_group_oof,86.1816,85.73297873601027
-4043511570,A,104,10,development_group_oof,74.95455,77.24838814544472
2663292696,B,104,10,development_group_oof,85.6881,85.74105009262445
2663292700,B,104,10,development_group_oof,86.7111,87.90568262174908
3027014528,A,104,10,development_group_oof,75.1116,75.84792308296441
3029014472,A,104,10,development_group_oof,73.57155,76.60476067930118
3031014528,A,104,10,development_group_oof,73.87755,76.74252177583918
3031014540,A,104,10,development_group_oof,76.19625,76.38579392877708
3031014568,B,104,10,development_group_oof,86.2803,84.88743105293972
3031014576,B,104,10,development_group_oof,86.8221,82.78841684854372
3031014588,B,104,10,development_group_oof,83.95515,85.6244006053072
3033014286,A,104,10,development_group_oof,81.69075,79.41075755443276
3033014306,A,104,10,development_group_oof,72.11775,74.88254077495567
3033014314,A,104,10,development_group_oof,74.9001,80.31030894585206
3033014326,A,104,10,development_group_oof,72.4143,77.93511229281744
3033014334,B,104,10,development_group_oof,85.78935,81.58633983346299
3033014464,A,104,10,development_group_oof,78.20475,77.98701606918819
3035014478,B,104,10,development_group_oof,87.43395,90.51604636324939
3035014548,B,104,10,development_group_oof,84.91215,87.85675795840228
3037014298,A,104,10,development_group_oof,77.26725,74.87271831806845
3037014322,B,104,10,development_group_oof,82.59735,87.76657449083416
3037014334,B,104,10,development_group_oof,91.99545,91.83975575587525
3037014464,B,104,10,development_group_oof,86.41125,85.59481980820783
3037014480,B,104,10,development_group_oof,83.46315,85.09182256699651
-4043511808,B,105,10,development_group_oof,87.4689,81.33820784082356
3023014526,A,105,10,development_group_oof,81.31365,78.9711411526393
3023014548,A,105,10,development_group_oof,78.94215,80.87670902062092
3027014544,A,105,10,development_group_oof,74.9385,75.12665748984752
3029014274,A,105,10,development_group_oof,76.27245,74.77240390827089
3029014464,A,105,10,development_group_oof,77.2944,77.24503440748597
3029014468,A,105,10,development_group_oof,81.1284,79.71192334826601
3029014472,B,105,10,development_group_oof,87.44205,84.62175467944921
3031014466,B,105,10,development_group_oof,88.93695,83.52255958410285
3031014528,B,105,10,development_group_oof,87.1047,83.00887339811759
3033014306,B,105,10,development_group_oof,89.23815,88.73825196892759
3033014326,B,105,10,development_group_oof,86.95065,84.08062187347838
1834206766,A,106,10,development_group_oof,151.82085,150.83286183450696
1844206918,A,106,10,development_group_oof,154.55625,151.90629582434556
1844207024,A,106,10,development_group_oof,152.8851,151.0323371569777
2663292680,A,106,10,development_group_oof,75.97005,75.81330376777927
2663292720,A,106,10,development_group_oof,72.1563,77.93369170129212
2663292724,A,106,10,development_group_oof,76.23855,78.91618839276066
2665292916,A,106,10,development_group_oof,74.394,78.38422787270763
3023014514,A,106,10,development_group_oof,74.2611,76.23791601832323
3023014518,A,106,10,development_group_oof,74.5659,80.63534939813447
3023014536,A,106,10,development_group_oof,77.7906,77.7611827936601
3023014548,B,106,10,development_group_oof,79.3944,84.01387878545069
3023014552,A,106,10,development_group_oof,76.35735,79.05628214268961
3025014278,A,106,10,development_group_oof,80.508,80.1437169322585
3025014294,A,106,10,development_group_oof,76.7817,77.04296379869405
3025014302,A,106,10,development_group_oof,79.6812,77.19900389346934
3027014502,A,106,10,development_group_oof,78.12255,78.87438860925215
3027014522,A,106,10,development_group_oof,77.53845,76.12839165179444
3027014528,B,106,10,development_group_oof,87.0783,87.36019717063893
3027014536,B,106,10,development_group_oof,95.3712,89.80818875045706
3027014556,B,106,10,development_group_oof,86.9031,81.90465992033948
3027014564,A,106,10,development_group_oof,73.24965,76.21332393163608
3027014588,A,106,10,development_group_oof,81.2301,81.15086472746158
3029014330,A,106,10,development_group_oof,75.0054,77.44298318505392
3029014476,A,106,10,development_group_oof,77.17725,78.53256726789408
3033014286,B,106,10,development_group_oof,85.33245,85.37790994683263
3033014318,B,106,10,development_group_oof,90.4701,88.2692745109031
3033014330,B,106,10,development_group_oof,89.7015,93.35146679998346
3037014302,B,106,10,development_group_oof,87.9141,92.5102747046043
1834206722,A,107,10,development_group_oof,148.01925,151.5613523539932
1834206738,A,107,10,development_group_oof,151.5783,151.90164787189812
1834206742,A,107,10,development_group_oof,153.7164,152.4509706771722
1834206750,A,107,10,development_group_oof,150.0105,150.83153282827968
1834206754,A,107,10,development_group_oof,148.04655,150.79760918389735
1844206922,A,107,10,development_group_oof,151.0689,152.37456661220526
1844206926,A,107,10,development_group_oof,153.6759,152.45626360665045
1844206942,A,107,10,development_group_oof,149.75625,152.0156724691219
3023014506,A,107,10,development_group_oof,83.7282,79.19911724358738
3023014514,B,107,10,development_group_oof,87.00465,85.42647826603289
3023014518,B,107,10,development_group_oof,87.87435,86.40383014932029
3025014282,A,107,10,development_group_oof,82.8951,80.25491621248645
3025014286,A,107,10,development_group_oof,81.1032,74.83092862763334
3027014552,B,107,10,development_group_oof,91.45425,86.61983005567996
3027014580,B,107,10,development_group_oof,86.92755,91.30080726936691
3027014584,B,107,10,development_group_oof,86.3625,84.28317396288053
3029014282,B,107,10,development_group_oof,90.99915,86.89617548829744
3029014286,B,107,10,development_group_oof,90.53775,83.92285170817743
3029014464,B,107,10,development_group_oof,87.32445,86.64841719613807
3029014476,B,107,10,development_group_oof,92.5014,90.00463821717213
3031014564,B,107,10,development_group_oof,92.82675,84.21296545596921
3033014282,B,107,10,development_group_oof,86.8794,85.50255466017363
1834206758,A,108,10,development_group_oof,147.62355,152.68597784684354
2663292728,A,108,10,development_group_oof,64.7448,78.67808188522345
3023014544,B,108,10,development_group_oof,76.45845,75.40590569984525
1834206746,A,109,10,development_group_oof,161.06895,151.21015329944612
1844206984,A,109,10,development_group_oof,149.64345,152.12016642877722
1844207004,A,109,10,development_group_oof,150.29145,150.58572540407766
1844207008,A,109,10,development_group_oof,149.6013,151.69582662341995
1844207012,A,109,10,development_group_oof,147.56805,151.71579689734259
1844207016,A,109,10,development_group_oof,147.64815,152.32598904964613
1844207020,A,109,10,development_group_oof,147.64665,152.36340835269505
1846206912,A,109,10,development_group_oof,149.97495,151.40435039055214
1846206924,A,109,10,development_group_oof,149.92395,151.94481581324328
1846206928,A,109,10,development_group_oof,149.8503,152.08421453048638
2663292680,B,109,10,development_group_oof,80.5098,83.36833607985604
3025014282,B,109,10,development_group_oof,77.8269,75.58773290225459
-4037511832,A,110,11,development_group_oof,74.61195,78.16455269116328
-1718100544,A,110,11,development_group_oof,77.9391,75.47758170607689
-1718100536,A,110,11,development_group_oof,80.21895,75.85057782220588
2663292684,B,110,11,development_group_oof,88.96125,83.62522207048266
2663292728,B,110,10,development_group_oof,94.31475,85.39471331243911
2665292900,A,110,11,development_group_oof,75.5895,72.60561691804968
2665292924,A,110,11,development_group_oof,78.2805,80.57510470196156
2987014184,A,110,11,development_group_oof,74.1681,72.16796033505109
-4037511872,B,111,11,development_group_oof,95.58105,87.14556856614587
-4037511816,A,111,11,development_group_oof,78.9513,74.88955197493728
-4037511812,A,111,11,development_group_oof,79.17435,75.13163647673335
1844206988,A,111,11,development_group_oof,147.05535,153.15355190492778
1846206762,A,111,11,development_group_oof,146.96835,149.4224875818852
1846206920,A,111,11,development_group_oof,145.7394,151.06700117750333
2110498180,A,111,11,development_group_oof,76.7823,73.77566149419727
2987014192,A,111,11,development_group_oof,83.5218,75.43818468814678
-4037511828,A,112,11,development_group_oof,78.7752,77.48837097621568
-1718100544,B,112,11,development_group_oof,99.8547,90.39385990515288
1840206962,A,112,11,development_group_oof,151.4508,152.29520494215117
1846206726,A,112,11,development_group_oof,150.5889,153.22401013046644
1846206738,A,112,11,development_group_oof,155.45445,153.1289646691748
1846206754,A,112,11,development_group_oof,149.76435,151.20192547674736
1846206766,A,112,11,development_group_oof,148.85355,152.89995441178425
1846206774,A,112,11,development_group_oof,154.09125,152.6969553614645
1846206778,A,112,11,development_group_oof,152.08515,152.59777038232016
1846206782,A,112,11,development_group_oof,149.47245,149.81545733918114
2989014348,A,112,11,development_group_oof,82.89615,79.68322073821591
-4035511780,B,113,11,development_group_oof,94.0935,84.49691107169791
-4035511562,B,113,11,development_group_oof,93.2031,89.76529287083146
1846206722,A,113,11,development_group_oof,152.5488,151.19380097058607
1846206758,A,113,11,development_group_oof,151.95285,152.46783948323665
2665292900,B,113,11,development_group_oof,90.4239,83.30118817975186
2665292924,B,113,11,development_group_oof,91.0362,84.08301828213907
2983014200,A,113,11,development_group_oof,82.2705,73.22465288559842
2985014402,A,113,11,development_group_oof,83.6112,73.60349964794764
-4037511840,B,114,11,development_group_oof,80.08005,79.49281775142306
-4037511836,B,114,11,development_group_oof,89.1726,86.82629208434355
-4035511792,B,114,11,development_group_oof,81.5361,79.87207944010153
-1718100702,B,114,11,development_group_oof,82.80285,85.88556559376244
1840206974,A,114,11,development_group_oof,152.6226,151.23318093243378
1840206980,A,114,11,development_group_oof,149.89725,153.2935586595871
1840206984,A,114,11,development_group_oof,147.4839,153.36270943023672
1840207000,A,114,11,development_group_oof,150.2247,152.807256531185
1840207008,A,114,11,development_group_oof,150.95805,152.3418554009267
1840207028,A,114,11,development_group_oof,149.54595,154.1344754534916
1840207036,A,114,11,development_group_oof,149.9037,154.13141306954915
1842206742,A,114,11,development_group_oof,150.06585,153.91558682346266
1842206948,A,114,11,development_group_oof,150.80445,153.612074980575
1842206972,A,114,11,development_group_oof,150.414,152.02832348886983
2665292920,B,114,11,development_group_oof,81.0303,84.33354111893574
2665292950,B,114,11,development_group_oof,82.1724,82.52377082371903
2987014196,B,114,11,development_group_oof,91.3065,86.67580320444287
1840206966,A,115,11,development_group_oof,154.16415,153.17995905755427
1842206746,A,115,11,development_group_oof,153.1476,154.2518057022472
1842206968,A,115,11,development_group_oof,150.91545,154.41430158023874
1846206730,A,115,11,development_group_oof,150.9303,153.37713743428685
2665292934,B,115,11,development_group_oof,79.85055,82.42850676709196
2665292946,B,115,11,development_group_oof,91.1082,84.46546621409277
2983014176,B,115,11,development_group_oof,80.3274,83.29584159951597
2985014372,B,115,11,development_group_oof,81.46425,83.73439811526256
2985014384,A,115,11,development_group_oof,78.8223,73.5176979617391
2985014392,A,115,11,development_group_oof,80.17725,76.23791155514724
2989014438,B,115,11,development_group_oof,85.3947,84.57143231493279
2989014450,B,115,11,development_group_oof,81.57225,82.40216529748766
2989014454,B,115,11,development_group_oof,78.0339,81.16022242628911
2979014144,A,116,11,development_group_oof,76.92135,74.41050594757988
2979014180,A,116,11,development_group_oof,73.6695,72.40035209236174
2983014200,B,116,11,development_group_oof,86.75685,84.25901931922292
2985014462,A,116,11,development_group_oof,74.43165,75.96067214946905
-4033511582,A,117,11,development_group_oof,73.61025,74.072299494584
-2567249756,A,117,11,development_group_oof,77.10945,76.5773549619677
-2567249752,A,117,11,development_group_oof,77.34615,72.4247877182827
1840206992,A,117,11,development_group_oof,155.3631,153.14912102810538
2979014148,A,117,11,development_group_oof,78.30795,75.90646763552682
2979014152,A,117,11,development_group_oof,80.80005,75.36984520042064
2979014164,A,117,11,development_group_oof,77.2539,76.57858130111539
2979014168,A,117,11,development_group_oof,74.913,72.65044856175626
2979014184,A,117,11,development_group_oof,76.9923,75.3025434716616
2981014388,A,117,11,development_group_oof,80.0391,75.33126798996175
2981014396,A,117,11,development_group_oof,76.97835,72.45836982826177
2981014410,A,117,11,development_group_oof,77.6814,73.22429133327022
2981014426,A,117,11,development_group_oof,77.37015,75.33430185992806
2985014426,A,117,11,development_group_oof,75.71655,74.67570018519703
2985014454,A,117,11,development_group_oof,75.75135,73.15755506858045
-4035511582,B,118,11,development_group_oof,89.8167,86.74965109532808
-4035511574,B,118,11,development_group_oof,88.03935,85.00002979472197
-2567249850,B,118,11,development_group_oof,84.954,85.27393037486951
2975014152,A,118,11,development_group_oof,78.71865,74.10622738086704
2985014396,B,118,11,development_group_oof,88.0542,86.7150364758755
-4035511598,B,119,11,development_group_oof,86.3664,88.47695887323489
-4035511578,B,119,11,development_group_oof,84.5577,87.52770464791169
-4033511540,B,119,11,development_group_oof,87.6768,86.64614032064746
-2567249752,B,119,11,development_group_oof,89.514,85.69080492895455
-2567249732,B,119,11,development_group_oof,85.7958,81.239571183612
2975014168,A,119,11,development_group_oof,77.2398,72.94139194929306
2975014172,A,119,11,development_group_oof,76.0518,73.56969352934661
2975014188,A,119,11,development_group_oof,74.40255,75.93572825215956
2975014374,A,119,11,development_group_oof,74.92335,72.85561069019063
2977014368,A,119,11,development_group_oof,76.713,76.87797221338054
2977014380,A,119,11,development_group_oof,76.5222,72.49902424519283
2977014410,A,119,11,development_group_oof,76.1562,73.00733784404657
2981014384,A,119,11,development_group_oof,76.3284,76.260624358089
-4035511570,B,120,12,development_group_oof,75.89895,77.14776965169132
-4033511570,B,120,12,development_group_oof,74.3028,78.83628251721424
-2567249846,B,120,12,development_group_oof,76.0545,82.25253396637511
-2567249826,B,120,12,development_group_oof,75.96225,74.41018190641739
-2567249760,B,120,12,development_group_oof,76.377,77.83134080630876
1842206722,A,120,12,development_group_oof,162.56205,152.40038784981803
1842206734,A,120,12,development_group_oof,160.2288,151.91369205787845
1842206774,A,120,12,development_group_oof,159.44025,151.8520247700045
1852206942,A,120,12,development_group_oof,162.6417,151.83261531294875
1852207012,A,120,12,development_group_oof,160.9824,151.57106573815503
2975014184,A,120,12,development_group_oof,74.54235,81.3486244856212
2979014148,B,120,11,development_group_oof,69.9189,74.71882441463795
2979014168,B,120,11,development_group_oof,78.07065,75.57428481239705
2979014172,B,120,12,development_group_oof,73.06665,78.17421674475717
2979014378,B,120,12,development_group_oof,71.3613,80.01219992853824
2979014382,B,120,12,development_group_oof,79.93305,74.27807606628853
2979014390,B,120,12,development_group_oof,76.3365,75.61521278920966
2981014396,B,120,11,development_group_oof,66.7824,75.03469639886944
2981014422,A,120,12,development_group_oof,77.39625,79.4865881862919
2985014406,B,120,12,development_group_oof,75.0927,79.23321348772411
2985014410,B,120,12,development_group_oof,78.06525,81.31662410610096
2985014426,B,120,11,development_group_oof,74.6724,78.43096515682315
2985014458,B,120,12,development_group_oof,78.24915,82.83075744510403
1852206930,A,121,12,development_group_oof,159.4644,152.91559894369885
1852206934,A,121,12,development_group_oof,155.8158,153.12477432516206
1852206992,A,121,12,development_group_oof,157.24065,150.71740414883791
1852206996,A,121,12,development_group_oof,158.2758,153.81506732320844
1852207004,A,121,12,development_group_oof,158.25015,149.371340361276
1852207008,A,121,12,development_group_oof,157.58925,152.74095033622203
1852207016,A,121,12,development_group_oof,157.18455,154.3035928985907
1852207024,A,121,12,development_group_oof,154.60515,149.72009072782853
1852207028,A,121,12,development_group_oof,159.61155,153.22421729020766
1852207032,A,121,12,development_group_oof,157.0176,148.96277665858506
1852207036,A,121,12,development_group_oof,155.8752,153.5001598387111
2975014160,B,121,12,development_group_oof,70.5336,80.12970546856616
2975014180,B,121,12,development_group_oof,71.2785,79.04577830741249
2975014200,B,121,12,development_group_oof,73.5189,76.01692485791843
2975014378,B,121,12,development_group_oof,71.2356,74.89331588910169
2977014372,B,121,12,development_group_oof,71.35335,76.49061749570453
2977014406,B,121,12,development_group_oof,72.36585,76.04922201585869
2977014414,B,121,12,development_group_oof,72.76575,79.71238406177824
2979014184,B,121,11,development_group_oof,71.38245,75.61013959218037
2981014388,B,121,11,development_group_oof,72.2454,75.39617032467487
2981014402,B,121,12,development_group_oof,71.53665,73.10465620118468
2981014410,B,121,11,development_group_oof,69.0447,73.89142828757169
2981014414,B,121,12,development_group_oof,75.1314,78.61774788626285
2981014418,B,121,12,development_group_oof,72.79215,81.20742243036823
2981014442,B,121,12,development_group_oof,74.5371,79.3260377053687
-4033511552,B,122,12,development_group_oof,80.2875,82.11231602140104
-4033511544,B,122,12,development_group_oof,80.7708,84.95633115709856
2110498228,A,122,12,development_group_oof,74.7474,78.69969680471925
2975014144,A,122,12,development_group_oof,69.90225,76.89459311033194
2975014148,A,122,12,development_group_oof,71.10975,76.24211059124093
2975014168,B,122,11,development_group_oof,68.7249,75.11015111792356
2979014196,A,122,12,development_group_oof,70.74945,74.93939263675244
2985014414,A,122,12,development_group_oof,72.88755,78.4110484318696
2985014422,A,122,12,development_group_oof,68.32365,74.79274819960949
2987014148,B,122,12,development_group_oof,73.0602,83.01874575314977
-4033511548,B,123,12,development_group_oof,79.97925,80.7020627205539
1478254324,A,123,12,development_group_oof,76.30215,75.17644582902602
1842206770,A,123,12,development_group_oof,160.2576,151.86608498738656
2999014314,A,123,12,development_group_oof,76.5312,75.39206036815693
3005014324,A,123,12,development_group_oof,80.96775,79.48747885319075
3005014526,A,123,12,development_group_oof,77.394,75.64067478506507
-4033511524,A,124,12,development_group_oof,76.53705,74.98877043683092
1480254074,A,124,12,development_group_oof,77.23605,74.90788912597392
1480254108,A,124,12,development_group_oof,70.0392,73.55816822304539
1478254296,A,125,12,development_group_oof,75.67185,74.33800215089462
1478254316,A,125,12,development_group_oof,76.2447,75.00582382940698
1480254034,A,125,12,development_group_oof,79.51875,73.64379982057156
1480254038,A,125,12,development_group_oof,77.0457,75.07602487607815
1480254062,A,125,12,development_group_oof,74.87745,75.38923161232236
1480254066,A,125,12,development_group_oof,78.8097,78.45331233022544
1480254096,A,125,12,development_group_oof,76.46895,78.15578489594192
1484254312,A,125,12,development_group_oof,76.5216,75.08502862636674
2975014374,B,125,11,development_group_oof,73.8438,76.70678430534448
2977014410,B,125,11,development_group_oof,72.64965,72.38209017095099
2977014418,B,125,12,development_group_oof,68.89545,78.10385041326019
2999014220,B,125,12,development_group_oof,67.5474,72.67406459873708
2999014310,B,125,12,development_group_oof,63.5436,72.20996552889545
3003014256,B,125,12,development_group_oof,68.0238,73.53556423036744
3005014324,B,125,12,development_group_oof,69.22395,75.83918012967729
3005014494,B,125,12,development_group_oof,70.82985,76.1100424612697
1478254102,B,126,12,development_group_oof,81.033,80.16819666941225
1478254110,B,126,12,development_group_oof,82.86495,82.57511117024845
1478254324,B,126,12,development_group_oof,78.11865,77.63877540403139
1480254030,B,126,12,development_group_oof,81.63615,83.03573547002097
1480254078,B,126,12,development_group_oof,78.53475,80.08201939115823
1480254108,B,126,12,development_group_oof,84.1434,81.45868615674131
1484254374,A,126,12,development_group_oof,71.1087,73.18715141156531
1484254382,A,126,12,development_group_oof,72.66585,75.17399755439627
1852206980,A,126,12,development_group_oof,156.49545,147.5446704088096
1854206892,A,126,12,development_group_oof,155.33235,151.54242376181722
2665292942,B,126,12,development_group_oof,85.4217,80.17199394778798
2999014228,B,126,12,development_group_oof,83.3613,84.90129057715299
-2569250038,A,127,12,development_group_oof,69.4479,74.99786255023578
-2569250030,A,127,12,development_group_oof,69.40155,76.37925753626865
-2569249800,A,127,12,development_group_oof,74.44455,72.9797065841867
-2567249764,A,127,12,development_group_oof,72.5646,73.48568609547539
-2567249744,A,127,12,development_group_oof,74.18595,73.79204281966351
1478254288,B,127,12,development_group_oof,79.82925,85.33013952396787
1478254292,B,127,12,development_group_oof,83.49975,83.97213500422015
1478254304,A,127,12,development_group_oof,73.40205,77.7846951570692
1478254328,A,127,12,development_group_oof,71.9169,75.49138396911967
1480254042,B,127,12,development_group_oof,85.00905,83.5659259315558
1480254062,B,127,12,development_group_oof,78.44145,83.12705088243824
1482254086,A,127,12,development_group_oof,72.1488,74.57368975294847
1484254316,A,127,12,development_group_oof,71.103,74.82842895759057
1484254358,A,127,12,development_group_oof,68.13345,76.79407298188121
1484254366,A,127,12,development_group_oof,71.9667,74.10337194432485
1484254378,A,127,12,development_group_oof,71.8929,74.15915233508726
1854206790,A,127,12,development_group_oof,152.28885,152.42508242682416
1854206798,A,127,12,development_group_oof,153.3726,152.647769182534
1854206806,A,127,12,development_group_oof,153.2358,152.10565862121592
1854206810,A,127,12,development_group_oof,155.4033,151.81385153806647
1854206814,A,127,12,development_group_oof,157.88175,151.72422106229558
1854206880,A,127,12,development_group_oof,153.90015,152.73995404445384
1854206888,A,127,12,development_group_oof,151.5282,151.161246268711
-2569250042,B,128,12,development_group_oof,88.16265,85.96973454295903
-2569250026,B,128,12,development_group_oof,78.27915,80.35902683493286
-2569250022,B,128,12,development_group_oof,83.93655,78.93069801899986
-2569250018,B,128,12,development_group_oof,85.6875,73.9859945243491
-2569249820,A,128,12,development_group_oof,74.15805,73.39171019877502
-2569249804,B,128,12,development_group_oof,87.8685,81.84259045163262
-2567249792,A,128,12,development_group_oof,69.47295,73.54689936170422
-2567249788,A,128,12,development_group_oof,69.8877,73.45727619347987
-2567249764,B,128,12,development_group_oof,84.1191,79.51606978713293
-2567249744,B,128,12,development_group_oof,80.82315,77.36785526256209
-2567249740,B,128,12,development_group_oof,79.13625,83.51540080401892
1478254304,B,128,12,development_group_oof,76.8768,82.95514119229344
1478254328,B,128,12,development_group_oof,79.82445,83.67052766717562
1478254332,B,128,12,development_group_oof,83.9097,81.81470113575148
1480254054,B,128,12,development_group_oof,77.12835,73.8345378981968
1480254058,A,128,12,development_group_oof,79.34565,77.2638751279969
1480254092,B,128,12,development_group_oof,78.3468,74.8654480781518
1482254086,B,128,12,development_group_oof,76.30875,79.01349048737424
1482254098,B,128,12,development_group_oof,85.7286,83.49070273172914
1482254276,A,128,12,development_group_oof,79.2594,75.5717423125445
1482254296,A,128,12,development_group_oof,78.7056,75.39600619045571
1482254300,A,128,12,development_group_oof,81.03465,76.66832502072464
1482254332,B,128,12,development_group_oof,92.90235,85.18369549953717
1484254328,A,128,12,development_group_oof,65.76795,78.00310704163803
1484254338,A,128,12,development_group_oof,74.98515,75.84665272669712
1484254342,A,128,12,development_group_oof,67.69245,74.14090910961902
1484254346,A,128,12,development_group_oof,66.14115,73.82603317971866
1484254350,B,128,12,development_group_oof,80.43315,79.95849075585063
1484254366,B,128,12,development_group_oof,76.20435,82.65275309860898
1484254374,B,128,12,development_group_oof,84.6078,78.94628469410091
1484254382,B,128,12,development_group_oof,77.1603,80.87798975870957
1484254394,B,128,12,development_group_oof,80.6031,82.32438880921727
1488254304,A,128,12,development_group_oof,72.35715,73.73878602657315
1488254308,A,128,12,development_group_oof,73.5669,73.48322945995378
1488254338,A,128,12,development_group_oof,79.3428,75.88103557162664
1488254346,A,128,12,development_group_oof,79.4193,76.645825606966
1488254358,A,128,12,development_group_oof,83.57055,76.08424184593247
1488254382,A,128,12,development_group_oof,79.956,74.6422231086942
-2567249792,B,129,12,development_group_oof,85.66785,83.75699177757593
-2567249788,B,129,12,development_group_oof,90.30495,86.67290762856693
1482254102,B,129,12,development_group_oof,90.65595,84.93416530719304
1482254110,B,129,12,development_group_oof,85.8552,85.30278071696875
1484254308,B,129,12,development_group_oof,89.2896,86.73543980845452
1484254370,A,129,12,development_group_oof,75.4077,73.84506881665361
1486254080,A,129,12,development_group_oof,79.41885,76.11040991589395
1488254342,A,129,12,development_group_oof,82.54125,75.36718691970539
1488254370,A,129,12,development_group_oof,80.3514,79.45868055974172
1488254374,A,129,12,development_group_oof,77.2413,76.12654765331065
1488254378,A,129,12,development_group_oof,84.09855,79.03494226330515
1854206786,A,129,12,development_group_oof,147.8568,151.68483490090048
1482254292,B,130,13,development_group_oof,88.47255,84.01436540162638
1482254328,B,130,13,development_group_oof,95.96235,87.80531335311437
1484254304,B,130,13,development_group_oof,96.29445,90.12457988783494
1488254316,B,130,13,development_group_oof,91.4808,86.15076819921137
1486254092,A,131,13,development_group_oof,79.146,75.58375433214165
1486254096,A,131,13,development_group_oof,80.16375,78.2303626382485
1486254310,B,131,13,development_group_oof,90.67125,88.17347281930559
1486254314,A,131,13,development_group_oof,77.86935,76.90903311822056
1486254318,A,131,13,development_group_oof,81.0795,76.1864413693666
1488254308,B,131,12,development_group_oof,85.3953,87.09358985098544
1488254324,B,131,13,development_group_oof,90.43605,89.19583431802347
1488254342,B,131,12,development_group_oof,83.50215,85.494582118867
1488254362,B,131,13,development_group_oof,92.0508,89.6981563440227
1488254370,B,131,12,development_group_oof,89.9013,87.84975752822818
1488254378,B,131,12,development_group_oof,83.69685,89.29614950128868
1854206818,A,131,13,development_group_oof,155.68635,152.46102901268875
1854206822,A,131,13,development_group_oof,152.95125,153.62411007267238
1854206830,A,131,13,development_group_oof,150.9534,153.45130869778868
1486254084,B,132,13,development_group_oof,91.92135,87.87128180021126
1486254092,B,132,13,development_group_oof,93.5103,89.7836744559975
1486254314,B,132,13,development_group_oof,94.0854,90.85639958263901
1486254318,B,132,13,development_group_oof,94.03515,91.11845522422482
1852206918,A,132,13,development_group_oof,159.7026,154.35015585846924
1854206842,A,132,13,development_group_oof,153.5334,153.11112468323907
2062207580,A,132,13,development_group_oof,152.8959,152.83441467649126
-4041511872,A,133,13,development_group_oof,79.15335,79.53607457407624
-4041511860,A,133,13,development_group_oof,86.16075,82.15564671516901
-4041511852,A,133,13,development_group_oof,83.77365,79.70300181647086
2062207568,A,133,13,development_group_oof,154.79505,154.82184530027268
2062207572,A,133,13,development_group_oof,157.17945,153.6760732142392
2062207576,A,133,13,development_group_oof,153.5691,154.09246124117294
2062207666,A,133,13,development_group_oof,156.33555,155.23630681948802
2062207674,A,133,13,development_group_oof,158.73885,154.74055310700749
-4039511800,A,134,13,development_group_oof,84.1707,78.03862689662178
-4039511788,A,134,13,development_group_oof,84.68055,79.25814848175908
-4039511784,A,134,13,development_group_oof,83.1678,78.2564664912848
-4039511574,A,134,13,development_group_oof,85.86135,78.92258615125711
-4039511566,A,134,13,development_group_oof,82.98195,79.41214582509492
-4039511558,A,134,13,development_group_oof,85.27395,79.78494507848238
-4039511554,A,134,13,development_group_oof,88.70205,81.22198859149147
1464254022,A,134,13,development_group_oof,79.8369,76.60930706131809
1486254306,B,134,13,development_group_oof,95.6199,89.96527294121027
2062207642,A,134,13,development_group_oof,155.7486,153.95619878752552
2062207658,A,134,13,development_group_oof,160.8633,154.67369508790918
1486254120,B,135,13,development_group_oof,94.85685,91.07026025322521
2062207646,A,135,13,development_group_oof,159.84915,153.76069247017645
2062207654,A,135,13,development_group_oof,157.90155,152.96807602450292
2062207662,A,135,13,development_group_oof,155.96205,154.2410814315472
-4039511554,B,136,13,development_group_oof,96.936,92.37694852122037
1462254280,A,136,13,development_group_oof,84.4605,79.85962925401698
2062207560,A,136,13,development_group_oof,155.5752,152.58864982475666
1318253608,A,137,13,development_group_oof,84.3666,79.1135335758607
1462254288,A,137,13,development_group_oof,81.9657,79.004958348057
1462254300,A,137,13,development_group_oof,75.52995,77.94213013585984
1464254026,A,137,13,development_group_oof,77.3766,77.33008922833487
1464254062,B,137,13,development_group_oof,89.004,91.89363826092823
1464254140,A,137,13,development_group_oof,79.69305,78.80196689593905
1490254092,A,137,13,development_group_oof,79.2051,78.96020344964381
1490254104,A,137,13,development_group_oof,82.87065,83.44169216576125
1490254124,A,137,13,development_group_oof,79.2699,79.32376092755386
1490254140,A,137,13,development_group_oof,79.2996,80.46011367594836
1492254370,B,137,13,development_group_oof,90.47505,92.15825277832263
1318253584,A,138,13,development_group_oof,83.41635,81.85448155607914
1324253768,A,138,13,development_group_oof,80.0772,80.19098313036532
1451738980,A,138,13,development_group_oof,82.707,79.17233334030885
1462254272,A,138,13,development_group_oof,81.3804,79.39036072927959
1462254316,A,138,13,development_group_oof,79.01535,79.68354436280687
1464254038,B,138,13,development_group_oof,85.81695,86.51373430038484
1464254058,B,138,13,development_group_oof,85.03935,88.50216073446543
1464254078,B,138,13,development_group_oof,82.425,87.57641090547804
1490254080,A,138,13,development_group_oof,79.2927,85.58961669115403
1492254346,A,138,13,development_group_oof,80.27985,77.64750141872254
2056207562,A,138,13,development_group_oof,155.78985,153.86965191397195
2062207626,A,138,13,development_group_oof,157.4319,154.5471182779862
2062207634,A,138,13,development_group_oof,153.12735,153.11754435506546
1318253580,B,139,13,development_group_oof,89.44185,89.41278021472867
1318253810,B,139,13,development_group_oof,82.95795,89.50289388380683
1318253822,B,139,13,development_group_oof,85.8987,89.1740704536455
1462254126,B,139,13,development_group_oof,86.0289,92.08840002719897
1462254138,B,139,13,development_group_oof,81.7002,85.19952550538737
1462254316,B,139,13,development_group_oof,83.09295,84.98735602114475
1462254328,B,139,13,development_group_oof,82.02915,92.02192956841881
1464254026,B,139,13,development_group_oof,86.72175,92.64746380513498
1490254080,B,139,13,development_group_oof,93.09795,91.87905537780004
1490254100,B,139,13,development_group_oof,86.7084,92.30908185273377
1490254140,B,139,13,development_group_oof,88.5099,89.63431384925485
2056207566,A,139,13,development_group_oof,154.2108,154.4901424263758
2667292716,A,139,13,development_group_oof,76.39095,79.75749606025445
1318253576,B,140,14,development_group_oof,90.0669,86.994385093371
1318253802,B,140,14,development_group_oof,88.58115,89.9433545398878
1322253620,A,140,14,development_group_oof,71.1882,78.00236090649923
1451738948,A,140,14,development_group_oof,77.8254,81.34564080230827
1451738960,A,140,14,development_group_oof,73.29225,81.3235318331786
1451738976,A,140,14,development_group_oof,78.66705,80.02083005468927
1451738988,A,140,14,development_group_oof,71.8506,79.05389746623977
1464254054,B,140,14,development_group_oof,87.6009,84.79783293180526
2667292708,A,140,14,development_group_oof,79.9104,79.78879797260566
2667292874,A,140,14,development_group_oof,74.82855,81.13558440265754
1318253620,B,141,14,development_group_oof,81.67665,84.21301601689909
1318253628,B,141,14,development_group_oof,87.9402,85.53019254884171
1318253814,B,141,14,development_group_oof,81.65685,82.98230841465599
1322253588,B,141,14,development_group_oof,85.3224,82.96279724735264
1322253620,B,141,14,development_group_oof,91.0695,85.33015354038615
1324253760,B,141,14,development_group_oof,85.6653,83.62216917845308
1324253858,B,141,14,development_group_oof,96.1875,89.65053439115455
1324253862,B,141,14,development_group_oof,78.72615,82.89122406800414
1324253866,B,141,14,development_group_oof,82.82955,84.19227334249611
1328253764,B,141,14,development_group_oof,81.8019,82.60252744706848
1328253772,B,141,14,development_group_oof,82.33515,82.5264918581664
1332253886,A,141,14,development_group_oof,83.76855,80.67042104409943
2665292986,A,141,14,development_group_oof,78.19155,78.95193662590677
2667292680,A,141,14,development_group_oof,81.3213,81.27974337238666
2667292894,A,141,14,development_group_oof,79.21215,80.90403083640832
1318253572,B,142,14,development_group_oof,78.1785,83.99735906555479
1318253616,B,142,14,development_group_oof,82.58805,89.25761997373621
1322253592,B,142,14,development_group_oof,81.51435,83.8633479963269
1322253596,B,142,14,development_group_oof,88.63005,88.59865032403471
1326253770,B,142,14,development_group_oof,87.04485,85.72822274802643
1328253768,B,142,14,development_group_oof,85.10175,84.95286030645771
1330253620,A,142,14,development_group_oof,81.0465,82.62964198504632
1330253782,A,142,14,development_group_oof,78.78465,81.38341229239197
1332253854,A,142,14,development_group_oof,76.2177,80.6721170300587
1332253886,B,142,14,development_group_oof,93.4476,91.32854712542277
1451738976,B,142,14,development_group_oof,94.0245,86.80444007948948
1451738988,B,142,14,development_group_oof,91.5012,86.96993521398464
1462254300,B,142,13,development_group_oof,85.91745,86.37925420295846
2665292990,B,142,14,development_group_oof,97.47975,90.54400243560166
2667292676,A,142,14,development_group_oof,75.87015,80.76901402869349
2667292704,B,142,14,development_group_oof,93.0291,86.85139438311042
2667292866,B,142,14,development_group_oof,94.9788,85.92234799984843
2667292878,B,142,14,development_group_oof,93.70605,88.82352107702505
1324253772,B,143,14,development_group_oof,91.19205,83.25968610007364
1326253608,B,143,14,development_group_oof,91.11525,86.00629941025075
1326253624,B,143,14,development_group_oof,93.7632,89.72717808345615
1326253774,B,143,14,development_group_oof,85.60095,88.06465343878571
1330253608,B,143,14,development_group_oof,87.6795,86.5930944573417
1330253612,B,143,14,development_group_oof,90.63855,86.35677079482623
1330253778,B,143,14,development_group_oof,92.46015,85.09132953148726
1330253782,B,143,14,development_group_oof,84.2172,85.78904007546234
1330253786,B,143,14,development_group_oof,89.1201,87.83821019651451
1332253826,B,143,14,development_group_oof,90.8298,88.79980527932732
1332253870,B,143,14,development_group_oof,87.45645,85.33481284684996
2665292986,B,143,14,development_group_oof,89.40465,87.18043067377165
2667292712,B,143,14,development_group_oof,87.42225,87.092425041535
2667292720,B,143,14,development_group_oof,84.65415,85.60484332582033
2667292870,B,143,14,development_group_oof,87.783,85.36674524385298
2667292894,B,143,14,development_group_oof,89.53875,85.89661865597334
1332253850,B,144,14,development_group_oof,93.6186,85.70134463671084
2667292676,B,144,14,development_group_oof,96.3981,89.53648544184418
1302253578,A,145,14,development_group_oof,88.0587,79.65806131984762
1302253764,A,145,14,development_group_oof,82.6446,79.67454093471093
1304253534,A,145,14,development_group_oof,79.31835,79.15730065886362
1304253554,A,145,14,development_group_oof,84.1734,80.01323527293168
1304253562,A,145,14,development_group_oof,81.01605,82.1938742403564
1304253572,A,145,14,development_group_oof,78.22545,78.3740396636589
1306253590,A,145,14,development_group_oof,79.4673,79.66544507343723
1308253576,A,145,14,development_group_oof,82.22865,80.56719589403492
1330253600,A,145,14,development_group_oof,80.1117,78.64316954366956
1302253772,B,146,14,development_group_oof,88.90305,84.99361496342493
1302253792,A,146,14,development_group_oof,79.0554,79.38240178704257
1304253506,B,146,14,development_group_oof,99.87045,85.84381658819268
1304253550,B,146,14,development_group_oof,91.2012,84.40359772140613
1304253554,B,146,14,development_group_oof,101.4648,91.78238847273856
1304253558,B,146,14,development_group_oof,91.3698,87.54456746190905
1304253562,B,146,14,development_group_oof,96.76815,90.22311473430649
1304253568,B,146,14,development_group_oof,91.12125,89.47837198695717
1304253572,B,146,14,development_group_oof,96.01515,86.61233337255263
1306253578,A,146,14,development_group_oof,77.6058,80.12135326951272
1306253764,A,146,14,development_group_oof,73.66995,77.96369055820779
1306253800,A,146,14,development_group_oof,73.90005,79.24939229051948
1306253804,A,146,14,development_group_oof,75.2157,78.72341275759601
1308253522,A,146,14,development_group_oof,81.32145,81.12448033197312
1308253526,A,146,14,development_group_oof,74.93835,78.5042407277659
1308253546,A,146,14,development_group_oof,73.7877,79.54131437604454
1308253550,A,146,14,development_group_oof,81.63045,78.95354672231319
1308253554,A,146,14,development_group_oof,74.68635,77.43254708778488
1308253584,A,146,14,development_group_oof,77.01615,76.45656131523555
1308253592,A,146,14,development_group_oof,79.19445,79.76195408525868
1308253596,A,146,14,development_group_oof,72.84,79.52927956999844
2056207400,A,146,14,development_group_oof,152.68305,154.80487762654374
1302253784,B,147,14,development_group_oof,90.11925,87.15769980886527
1304253518,B,147,14,development_group_oof,86.9931,86.87600063332619
1308253542,B,147,14,development_group_oof,91.52745,91.80651573236827
1312253522,A,147,14,development_group_oof,81.8646,81.51337062970397
1304253566,A,148,14,development_group_oof,76.1466,80.0689479695401
1310253570,A,148,14,development_group_oof,78.8031,80.26585697796541
1310253816,A,148,14,development_group_oof,76.1949,78.68715363360656
1310253820,A,148,14,development_group_oof,76.88055,82.06401576859821
1312253530,A,148,14,development_group_oof,75.49515,78.39554308973257
1312253546,A,148,14,development_group_oof,78.15405,82.18902282711733
1312253554,A,148,14,development_group_oof,82.89015,82.44387599820078
1312253566,A,148,14,development_group_oof,74.89275,78.93720444777898
2056207392,A,148,14,development_group_oof,157.00575,155.31622177573354
2056207396,A,148,14,development_group_oof,153.6072,155.2145161187433
2056207404,A,148,14,development_group_oof,156.5634,155.43144674890254
2056207416,A,148,14,development_group_oof,154.3845,153.59853064969917
2056207558,A,148,14,development_group_oof,151.85055,157.29437226360014
1306253772,A,149,14,development_group_oof,83.9604,79.94488881092943
1306253780,A,149,14,development_group_oof,81.7716,78.9676706550705
1310253586,A,149,14,development_group_oof,76.392,79.49895757528334
1312253596,A,149,14,development_group_oof,81.4992,76.17563925245378
1314253798,A,149,14,development_group_oof,77.07285,79.7112186260249
1316253826,A,149,14,development_group_oof,75.4695,78.53051532699692
1316253838,A,149,14,development_group_oof,78.31545,78.44133391296188
1316253850,A,149,14,development_group_oof,77.22525,82.04067925767615
1322253616,A,149,14,development_group_oof,78.7743,79.56842965558022
-4039511784,B,157,13,development_group_oof,84.47055,90.96906570302545
-4039511574,B,157,13,development_group_oof,85.1418,89.19901145973856
1288253474,A,150,15,untouched_latest_campaigns,76.13235,79.87773061330604
1288253482,A,150,15,untouched_latest_campaigns,75.2079,78.81126994041763
1306253582,A,150,15,untouched_latest_campaigns,74.0073,80.63060150974273
1316253792,A,150,15,untouched_latest_campaigns,71.7519,77.03970916810198
1316253804,A,150,15,untouched_latest_campaigns,70.40445,78.971986545263
1316253846,A,150,15,untouched_latest_campaigns,78.46065,78.04544947474926
1316253858,A,150,15,untouched_latest_campaigns,69.8547,75.58463524532853
1316253870,A,150,15,untouched_latest_campaigns,80.00865,79.99182357369588
2056207420,A,150,15,untouched_latest_campaigns,149.19945,153.43749431378706
3627681150,A,150,15,untouched_latest_campaigns,71.36775,84.67638927646586
1286253654,A,151,15,untouched_latest_campaigns,70.1898,76.27229740201729
1288253454,A,151,15,untouched_latest_campaigns,69.69645,77.02692762425018
1288253458,A,151,15,untouched_latest_campaigns,74.07225,79.73881924051794
1288253462,A,151,15,untouched_latest_campaigns,69.71775,78.12732050465758
1288253470,A,151,15,untouched_latest_campaigns,71.63085,78.18509922001292
1288253478,A,151,15,untouched_latest_campaigns,76.9575,78.7970096243659
1288253490,A,151,15,untouched_latest_campaigns,69.8931,76.07120883347548
1288253494,A,151,15,untouched_latest_campaigns,66.22995,77.44054897566292
1288253502,A,151,15,untouched_latest_campaigns,71.34,76.96550758129538
1314253592,A,151,15,untouched_latest_campaigns,71.70675,79.43725502372459
1314253596,A,151,15,untouched_latest_campaigns,70.60155,76.77827507032663
1314253628,A,151,15,untouched_latest_campaigns,74.2179,82.68530236560638
1328253862,A,151,15,untouched_latest_campaigns,71.7375,77.58316712601604
1286253642,B,152,15,untouched_latest_campaigns,86.1993,88.56308213899878
1286253650,B,152,15,untouched_latest_campaigns,85.06125,89.75461380890678
1286253654,B,152,15,untouched_latest_campaigns,88.69005,85.89704877989729
1286253712,A,152,15,untouched_latest_campaigns,76.1487,81.44851434852386
1286253720,A,152,15,untouched_latest_campaigns,72.1785,75.96419045147576
1286253728,A,152,15,untouched_latest_campaigns,70.9719,75.9826945047669
1286253732,A,152,15,untouched_latest_campaigns,77.313,78.26127033207506
1286253736,B,152,15,untouched_latest_campaigns,86.13675,85.91357620369841
1286253744,B,152,15,untouched_latest_campaigns,77.5551,86.3943255069808
1288253458,B,152,15,untouched_latest_campaigns,85.31625,89.18188400301678
1288253490,B,152,15,untouched_latest_campaigns,80.5515,87.0853732133295
1288253494,B,152,15,untouched_latest_campaigns,81.3786,87.09422336933524
1292253608,A,152,15,untouched_latest_campaigns,74.37945,77.87329074626517
1292253612,A,152,15,untouched_latest_campaigns,76.0131,79.21658914396784
1314253576,A,152,15,untouched_latest_campaigns,78.6927,76.73068963167007
1314253588,B,152,15,untouched_latest_campaigns,88.74105,88.05441721229856
1314253592,B,152,15,untouched_latest_campaigns,92.80575,87.64006903300614
1314253604,A,152,15,untouched_latest_campaigns,72.93855,78.96524127521381
2056207360,A,152,15,untouched_latest_campaigns,158.7663,155.48913106805728
2056207372,A,152,15,untouched_latest_campaigns,154.31715,154.46532412815472
2056207384,A,152,15,untouched_latest_campaigns,153.28515,154.7101740741874
2058207552,A,152,15,untouched_latest_campaigns,153.57315,154.69611084867404
2058207564,A,152,15,untouched_latest_campaigns,152.9673,153.10227059850143
2058207658,A,152,15,untouched_latest_campaigns,153.32505,155.7638453655306
1286253712,B,153,15,untouched_latest_campaigns,81.3783,87.25281815075982
1286253724,B,153,15,untouched_latest_campaigns,80.83995,82.51850388939536
1286253728,B,153,15,untouched_latest_campaigns,87.85875,83.54691204681983
1286253752,A,153,15,untouched_latest_campaigns,72.58965,77.11706111126948
1290253662,A,153,15,untouched_latest_campaigns,75.7974,77.71518737239816
1292253514,A,153,15,untouched_latest_campaigns,75.5943,79.87895463419353
1292253518,A,153,15,untouched_latest_campaigns,75.4989,76.55937958891079
1292253608,B,153,15,untouched_latest_campaigns,79.00635,86.6732203760402
1292253612,B,153,15,untouched_latest_campaigns,80.0799,84.78849468496074
1314253604,B,153,15,untouched_latest_campaigns,86.5368,87.33827750680045
1314253612,B,153,15,untouched_latest_campaigns,84.1677,91.34765739921198
2058207556,A,153,15,untouched_latest_campaigns,152.2884,153.47851040592673
1286253732,B,154,15,untouched_latest_campaigns,87.50175,85.53711014927539
1290253650,A,154,15,untouched_latest_campaigns,81.47955,79.11637935848154
1290253662,B,154,15,untouched_latest_campaigns,86.5365,86.43814170431799
1292253514,B,154,15,untouched_latest_campaigns,85.3674,85.41901183651218
1292253526,A,154,15,untouched_latest_campaigns,83.08275,81.35349009874139
1310253590,B,154,15,untouched_latest_campaigns,83.40015,85.14947177716321
2058207662,A,154,15,untouched_latest_campaigns,150.4917,153.8311413267728
2058207670,A,154,15,untouched_latest_campaigns,146.2707,155.0171509332841
1292253526,B,155,15,untouched_latest_campaigns,88.4625,90.08450039316197
1292253546,B,155,15,untouched_latest_campaigns,86.37765,86.99178033007573
2056207368,A,155,15,untouched_latest_campaigns,147.7914,155.2903843625312
2056207408,A,155,15,untouched_latest_campaigns,147.5847,154.61863489442808
2056207412,A,155,15,untouched_latest_campaigns,146.84295,153.44914855797663
2058207560,A,155,15,untouched_latest_campaigns,147.975,155.1110667449319
2058207622,A,155,15,untouched_latest_campaigns,147.2622,156.58965721034372
2058207630,A,155,15,untouched_latest_campaigns,150.79695,155.15253980079493
2058207666,A,155,15,untouched_latest_campaigns,147.70725,154.31195408903022
2058207678,A,155,15,untouched_latest_campaigns,148.0416,153.66366431977337
1290253744,A,156,15,untouched_latest_campaigns,78.55035,78.46096591414899
1296253608,A,156,15,untouched_latest_campaigns,81.66405,81.19896317236291
2058207646,A,156,15,untouched_latest_campaigns,147.56265,154.4937252177928
1288253648,A,157,15,untouched_latest_campaigns,75.90975,76.1913054319476
1290253654,A,157,15,untouched_latest_campaigns,79.8246,77.91238536337988
1290253716,A,157,15,untouched_latest_campaigns,75.14385,77.62640774360247
1294253602,A,157,15,untouched_latest_campaigns,75.89625,76.8997955527525
1296253538,A,157,15,untouched_latest_campaigns,81.09105,78.03873104840392
1296253550,A,157,15,untouched_latest_campaigns,77.87115,76.38705552957853
1296253558,A,157,15,untouched_latest_campaigns,77.34555,77.54142179488873
2058207618,A,157,15,untouched_latest_campaigns,142.38285,155.78488185778406
3625681202,A,157,15,untouched_latest_campaigns,71.34075,80.07808159976723
3627681094,B,157,15,untouched_latest_campaigns,83.2875,86.80828453016561
3627681146,B,157,15,untouched_latest_campaigns,80.24985,85.73319151829669
3627681150,B,157,15,untouched_latest_campaigns,84.8172,85.57805748748737
1290253654,B,158,15,untouched_latest_campaigns,82.5711,85.32141063127415
1290253724,B,158,15,untouched_latest_campaigns,84.19215,88.11729416562407
1290253728,A,158,15,untouched_latest_campaigns,75.29565,76.78188162289132
1290253732,A,158,15,untouched_latest_campaigns,73.5222,78.5152831647303
1290253756,A,158,15,untouched_latest_campaigns,79.75065,79.62844791372036
1292253506,B,158,15,untouched_latest_campaigns,85.10775,90.05221349055537
1292253510,B,158,15,untouched_latest_campaigns,78.38415,86.22794744654745
1292253518,B,158,15,untouched_latest_campaigns,79.16385,85.52172218760799
1292253530,B,158,15,untouched_latest_campaigns,80.78445,84.50178157984435
1292253534,A,158,15,untouched_latest_campaigns,77.997,79.69476662481817
1292253542,B,158,15,untouched_latest_campaigns,81.6159,85.36446825341172
1292253550,B,158,15,untouched_latest_campaigns,81.88305,87.68734882566163
1292253562,B,158,15,untouched_latest_campaigns,81.72885,87.1953252307957
1292253600,B,158,15,untouched_latest_campaigns,79.54995,85.1318781825711
1294253610,A,158,15,untouched_latest_campaigns,77.1717,78.99121447648459
1294253796,A,158,15,untouched_latest_campaigns,76.905,80.98208777019991
1296253506,A,158,15,untouched_latest_campaigns,75.6678,77.14991641746633
1296253518,A,158,15,untouched_latest_campaigns,79.37745,77.46203919601687
1296253546,B,158,15,untouched_latest_campaigns,82.73565,84.20563678025557
1296253604,B,158,15,untouched_latest_campaigns,76.1958,85.03902205695356
1300253620,A,158,15,untouched_latest_campaigns,73.72125,77.3768133317521
3623681188,A,158,15,untouched_latest_campaigns,67.6179,81.86405090805694
3625681202,B,158,15,untouched_latest_campaigns,88.3809,89.4805112047292
1290253748,B,159,15,untouched_latest_campaigns,80.59335,83.9990650482604
1294253606,B,159,15,untouched_latest_campaigns,77.9223,80.99019347784164
1294253614,B,159,15,untouched_latest_campaigns,82.7115,85.25855663893549
1296253522,B,159,15,untouched_latest_campaigns,86.8125,86.55656898162316
1296253530,B,159,15,untouched_latest_campaigns,80.27625,81.79030105322889
1296253534,B,159,15,untouched_latest_campaigns,81.7032,86.92893546295633
1296253538,B,159,15,untouched_latest_campaigns,81.31305,87.83594847999714
1296253550,B,159,15,untouched_latest_campaigns,81.4959,84.23223297476406
1296253558,B,159,15,untouched_latest_campaigns,84.9201,85.96207723161753
2068207530,A,159,15,untouched_latest_campaigns,144.85365,154.45997394513674
2068207550,A,159,15,untouched_latest_campaigns,144.41715,153.43473030532286
2667292672,B,159,15,untouched_latest_campaigns,90.6483,87.29259483782229
3623681188,B,159,15,untouched_latest_campaigns,86.2197,89.78683042616103
3625681344,A,159,15,untouched_latest_campaigns,74.68875,81.44425896921794
3625681348,A,159,15,untouched_latest_campaigns,68.4021,82.44536588269371
3625681392,A,159,15,untouched_latest_campaigns,72.6528,82.20097525037244
3625681396,B,159,15,untouched_latest_campaigns,74.0673,83.40883960873187
1294253800,B,160,16,untouched_latest_campaigns,91.1934,91.93627666320046
1310253788,B,160,16,untouched_latest_campaigns,85.35075,89.35839806347612
1314253822,A,160,16,untouched_latest_campaigns,80.0472,79.1253486802493
2070207528,A,160,16,untouched_latest_campaigns,151.17435,155.21121218250104
2070207682,A,160,16,untouched_latest_campaigns,149.4942,156.07266054100475
2070207686,A,160,16,untouched_latest_campaigns,155.46525,155.69239168991334
2070207690,A,160,16,untouched_latest_campaigns,149.62095,155.8378476209374
2070207698,A,160,16,untouched_latest_campaigns,152.4831,155.7400145092537
3623681090,A,160,16,untouched_latest_campaigns,73.2582,84.10134303054132
3623681122,A,160,16,untouched_latest_campaigns,68.32215,81.49381120710227
3623681184,A,160,16,untouched_latest_campaigns,70.4646,80.2011508251954
3625681348,B,160,15,untouched_latest_campaigns,91.728,86.78466006240237
3625681388,A,160,16,untouched_latest_campaigns,71.4438,80.56941772619119
3625681392,B,160,15,untouched_latest_campaigns,88.63455,88.12684877638866
3625681404,A,160,16,untouched_latest_campaigns,74.6391,80.17375995830864
1294253808,A,161,16,untouched_latest_campaigns,78.34545,82.41529177191552
1296253510,A,161,16,untouched_latest_campaigns,77.59695,77.99241378926703
1314253568,A,161,16,untouched_latest_campaigns,71.32785,78.03950539967933
2068207526,A,161,16,untouched_latest_campaigns,153.5343,154.70554509546173
2070207532,A,161,16,untouched_latest_campaigns,153.8523,155.43590751667261
2070207694,A,161,16,untouched_latest_campaigns,153.3288,155.85523112678243
2070207702,A,161,16,untouched_latest_campaigns,157.05285,156.97493293182887
2070207706,A,161,16,untouched_latest_campaigns,154.14795,154.27583750390988
2070207714,A,161,16,untouched_latest_campaigns,154.76025,156.13206274870052
2070207726,A,161,16,untouched_latest_campaigns,155.68185,156.17248747759066
3623681094,B,161,16,untouched_latest_campaigns,75.6351,88.07192755808931
3623681102,A,161,16,untouched_latest_campaigns,70.9332,81.55772815940267
3623681106,A,161,16,untouched_latest_campaigns,67.6572,80.30176938080861
3623681110,A,161,16,untouched_latest_campaigns,66.10965,79.0325045885912
3623681118,A,161,16,untouched_latest_campaigns,61.98,81.1220577337876
3623681122,B,161,16,untouched_latest_campaigns,77.82405,84.20250025941517
3623681126,A,161,16,untouched_latest_campaigns,60.5481,82.47942904132312
3623681134,A,161,16,untouched_latest_campaigns,65.3415,78.95814506598951
3623681184,B,161,16,untouched_latest_campaigns,95.3367,92.10157802623098
3623681204,A,161,16,untouched_latest_campaigns,66.20385,80.6996191442528
3625681356,A,161,16,untouched_latest_campaigns,67.2228,80.3043806940682
3625681388,B,161,16,untouched_latest_campaigns,82.5168,86.91525494508336
1300253518,A,162,16,untouched_latest_campaigns,73.0692,76.69574649675309
1300253526,A,162,16,untouched_latest_campaigns,76.26435,79.24162223298616
1300253600,A,162,16,untouched_latest_campaigns,73.5165,78.74700199388299
1314253794,A,162,16,untouched_latest_campaigns,72.7047,77.56806732292378
2064207574,A,162,16,untouched_latest_campaigns,152.20185,154.96552036884208
2070207718,A,162,16,untouched_latest_campaigns,154.9548,155.18682455552496
3623681098,B,162,16,untouched_latest_campaigns,75.3861,86.18559047851446
3623681110,B,162,16,untouched_latest_campaigns,77.8443,82.7256225994731
3623681134,B,162,16,untouched_latest_campaigns,79.54875,80.86725373069278
3623681192,B,162,16,untouched_latest_campaigns,74.91045,86.48471886341915
3623681204,B,162,16,untouched_latest_campaigns,73.97295,88.22388195575918
3625681356,B,162,16,untouched_latest_campaigns,74.42295,81.1830137578581
-1690100610,A,163,16,untouched_latest_campaigns,74.38995,77.68367067107171
-1690100608,B,163,16,untouched_latest_campaigns,83.39745,84.78443681770528
1300253506,B,163,16,untouched_latest_campaigns,85.2402,88.50286999013174
1300253518,B,163,16,untouched_latest_campaigns,83.4975,85.02753640195826
1300253526,B,163,16,untouched_latest_campaigns,85.5468,91.14221340061019
1314253572,B,163,16,untouched_latest_campaigns,86.14785,85.92096650080099
1314253794,B,163,16,untouched_latest_campaigns,85.0494,87.41084974370818
3621681198,A,163,16,untouched_latest_campaigns,68.7366,80.39409309500095
3623681102,B,163,16,untouched_latest_campaigns,82.9389,86.92426880873654
3623681106,B,163,16,untouched_latest_campaigns,89.19915,89.97074959539515
3623681118,B,163,16,untouched_latest_campaigns,86.75505,86.19701621102472
3623681126,B,163,16,untouched_latest_campaigns,85.2495,88.47760721629774
1300253514,B,164,16,untouched_latest_campaigns,72.7095,83.6699536285449
1300253522,B,164,16,untouched_latest_campaigns,81.1914,81.48315590688921
2064207420,A,164,16,untouched_latest_campaigns,157.59375,154.17249741352828
2064207578,A,164,16,untouched_latest_campaigns,153.22305,155.73089220462603
2064207582,A,164,16,untouched_latest_campaigns,152.25345,153.86370744488718
3621681194,B,164,16,untouched_latest_campaigns,78.0558,83.84785459590942
3621681198,B,164,16,untouched_latest_campaigns,77.5875,78.90350574535952
3621681344,B,164,16,untouched_latest_campaigns,79.2369,80.45351547351082
2064207376,A,165,16,untouched_latest_campaigns,151.99035,153.8613851307758
2064207392,A,165,16,untouched_latest_campaigns,156.93165,156.14569229368504
2064207404,A,165,16,untouched_latest_campaigns,154.1364,155.1718789529431
2064207412,A,165,16,untouched_latest_campaigns,155.9178,155.0666482807648
1270253716,A,166,16,untouched_latest_campaigns,73.39185,75.74160169760755
1270253720,A,166,16,untouched_latest_campaigns,76.25595,81.77226626450481
2064207570,A,166,16,untouched_latest_campaigns,145.27995,156.67488115224114
2066207572,A,166,16,untouched_latest_campaigns,148.4688,156.6149324756519
2066207654,A,166,16,untouched_latest_campaigns,147.75465,156.15845924329236
2669292962,B,166,16,untouched_latest_campaigns,83.67975,85.32358785618503
3621681186,B,166,16,untouched_latest_campaigns,84.90285,87.46851713774623
3623681142,B,166,16,untouched_latest_campaigns,86.92215,87.47837210805854
1270253728,A,167,16,untouched_latest_campaigns,80.5053,81.63065481309505
1272253470,A,167,16,untouched_latest_campaigns,78.29085,77.00023557491407
1272253486,A,167,16,untouched_latest_campaigns,74.6979,78.51876049453085
2066207556,A,167,16,untouched_latest_campaigns,152.6031,153.67719976672822
2066207666,A,167,16,untouched_latest_campaigns,150.2016,154.2935716854716
2066207674,A,167,16,untouched_latest_campaigns,151.3467,156.002824238493
2066207678,A,167,16,untouched_latest_campaigns,149.9028,154.31989288575357
2669292970,B,167,16,untouched_latest_campaigns,88.42305,87.4747377291653
3621681190,B,167,16,untouched_latest_campaigns,84.7362,86.52922435736414
3621681202,B,167,16,untouched_latest_campaigns,93.90945,89.67148600039954
1270253696,B,168,16,untouched_latest_campaigns,94.9866,89.16003818089725
1272253462,B,168,16,untouched_latest_campaigns,89.8257,86.64980320606645
1272253486,B,168,16,untouched_latest_campaigns,88.4877,88.02584564798532
1276253688,A,168,16,untouched_latest_campaigns,81.8163,79.53531982099963
2066207658,A,168,16,untouched_latest_campaigns,154.8909,156.75197208046882
1276253680,B,169,16,untouched_latest_campaigns,91.86555,89.7159381340707
1276253684,B,169,16,untouched_latest_campaigns,89.20785,87.63840739048507
2064207388,A,169,16,untouched_latest_campaigns,154.13565,156.16164530004235
2066207662,A,169,16,untouched_latest_campaigns,144.68265,156.3640988558924
2076207444,A,169,16,untouched_latest_campaigns,154.6014,156.44390124789763
2076207546,A,169,16,untouched_latest_campaigns,151.9125,155.89855185537104
2669292938,B,169,16,untouched_latest_campaigns,92.01885,85.13369490005047
3621681356,A,169,16,untouched_latest_campaigns,74.34285,84.94568831380295
1276253502,A,170,17,untouched_latest_campaigns,78.8184,79.70117604744154
2076207526,A,170,17,untouched_latest_campaigns,158.02485,156.17261018405142
-4039511578,B,171,17,untouched_latest_campaigns,85.39035,89.84168703890153
-3780722750,B,171,17,untouched_latest_campaigns,85.98645,85.87920082474656
-3780722726,B,171,17,untouched_latest_campaigns,87.85815,87.94385351204258
1270253678,B,171,17,untouched_latest_campaigns,87.74865,89.59527057019733
1270253752,B,171,17,untouched_latest_campaigns,86.8347,88.93928960393575
1276253466,B,171,17,untouched_latest_campaigns,88.69725,89.34868176224008
1276253498,A,171,17,untouched_latest_campaigns,78.42765,80.8495168205399
1276253672,B,171,17,untouched_latest_campaigns,86.3628,87.75116301816429
1276253692,B,171,17,untouched_latest_campaigns,83.82225,87.50566126481178
2066207638,A,171,17,untouched_latest_campaigns,152.1099,154.046516985906
3621681360,B,171,17,untouched_latest_campaigns,79.9269,88.91012764926734
-3780722722,B,172,17,untouched_latest_campaigns,89.0343,87.97782191271317
37494386,A,172,17,untouched_latest_campaigns,75.91605,81.32461099411701
37494408,A,172,17,untouched_latest_campaigns,73.31025,78.90311860827624
37494428,A,172,17,untouched_latest_campaigns,76.7448,78.39221834282833
1276253442,B,172,17,untouched_latest_campaigns,88.15185,87.776540978848
2076207436,A,172,17,untouched_latest_campaigns,153.14775,154.03499379551693
2669292930,B,172,17,untouched_latest_campaigns,87.5064,83.93303303615923
37494420,A,173,17,untouched_latest_campaigns,76.55505,77.67327320976759
37494432,A,173,17,untouched_latest_campaigns,73.3692,79.5575480862343
39494368,A,173,17,untouched_latest_campaigns,69.88185,75.24095416390496
39494376,A,173,17,untouched_latest_campaigns,73.35615,75.1690552180662
39494380,A,173,17,untouched_latest_campaigns,75.64485,79.90996486266485
39494388,A,173,17,untouched_latest_campaigns,71.3997,78.72989828212867
2076207424,A,173,17,untouched_latest_campaigns,155.06985,156.01198880249464
37494378,B,174,17,untouched_latest_campaigns,89.3127,87.134824958001
37494386,B,174,17,untouched_latest_campaigns,87.5946,83.3977629574108
37494400,B,174,17,untouched_latest_campaigns,89.34975,88.57470581110765
37494428,B,174,17,untouched_latest_campaigns,87.23535,84.94732358381734
37494444,A,174,17,untouched_latest_campaigns,77.51025,80.72463101698524
39494162,A,174,17,untouched_latest_campaigns,80.87775,81.13043358264217
39494170,A,174,17,untouched_latest_campaigns,79.3761,80.44591203603808
2076207476,A,174,17,untouched_latest_campaigns,154.3755,154.56265989247464
2076207480,A,174,17,untouched_latest_campaigns,150.46965,155.18741159348528
2655292922,B,174,17,untouched_latest_campaigns,88.9599,81.78943314938006
41494394,A,175,17,untouched_latest_campaigns,77.26905,77.81970755500451
2076207484,A,175,17,untouched_latest_campaigns,148.9098,154.49925166850647
2078207496,A,175,17,untouched_latest_campaigns,151.5633,157.32328940977368
-1696100360,A,176,17,untouched_latest_campaigns,76.45965,78.3573791676179
37494370,B,176,17,untouched_latest_campaigns,86.4036,83.19337033125247
37494416,B,176,17,untouched_latest_campaigns,83.7024,86.5210482059813
37494420,B,176,17,untouched_latest_campaigns,87.52425,86.23476066803448
39494162,B,176,17,untouched_latest_campaigns,77.36895,83.93864955739427
39494376,B,176,17,untouched_latest_campaigns,83.3088,87.62044301436289
41494428,A,176,17,untouched_latest_campaigns,73.0863,78.80589697441962
2655292684,A,176,17,untouched_latest_campaigns,76.8294,77.24401802736824
37494444,B,177,17,untouched_latest_campaigns,81.41025,82.08990309195981
39494146,B,177,17,untouched_latest_campaigns,84.94215,83.2496712223826
39494170,B,177,17,untouched_latest_campaigns,85.68105,84.59491931235232
39494174,B,177,17,untouched_latest_campaigns,85.0875,85.38890616793624
39494182,B,177,17,untouched_latest_campaigns,86.2092,84.9752776878961
41494398,B,177,17,untouched_latest_campaigns,85.40175,84.63668269119275
41494452,A,177,17,untouched_latest_campaigns,74.2878,77.00810367596705
43494178,A,177,17,untouched_latest_campaigns,73.3785,76.1618818207524
2655292676,A,177,17,untouched_latest_campaigns,77.9922,79.24265550349166
2655292684,B,177,17,untouched_latest_campaigns,93.74595,84.22814748336253
-3780722694,A,178,17,untouched_latest_campaigns,80.22075,79.18764311927013
29494108,A,178,17,untouched_latest_campaigns,74.1564,76.2551955231958
41494386,B,178,17,untouched_latest_campaigns,91.94895,85.90158883796889
43494166,A,178,17,untouched_latest_campaigns,77.00475,77.61728327621769
43494170,A,178,17,untouched_latest_campaigns,77.0565,78.37626862879503
43494194,A,178,17,untouched_latest_campaigns,75.6015,76.00753551744188
29494096,A,179,17,untouched_latest_campaigns,74.44695,78.16216244531668
29494116,A,179,17,untouched_latest_campaigns,75.30645,77.55621095751002
29494136,A,179,17,untouched_latest_campaigns,75.8166,79.51861217482092
29494170,A,179,17,untouched_latest_campaigns,74.8374,76.6422542743231
43494150,B,179,17,untouched_latest_campaigns,91.42185,87.09103714408126
43494178,B,179,17,untouched_latest_campaigns,94.39935,83.89423063649798
43494206,A,179,17,untouched_latest_campaigns,74.8647,77.4824538375598
43494368,A,179,17,untouched_latest_campaigns,75.34065,76.29461929509654
43494392,B,179,17,untouched_latest_campaigns,91.93665,83.51547948502862
2655292676,B,179,17,untouched_latest_campaigns,95.60205,82.33766997133888
2655292708,B,179,17,untouched_latest_campaigns,95.51445,89.41238053868564
2655292716,B,179,17,untouched_latest_campaigns,89.90775,83.85183751892055
2657292942,A,179,17,untouched_latest_campaigns,76.1862,77.2439907214436
2657292950,A,179,17,untouched_latest_campaigns,73.98945,74.016765333558
29494108,B,180,17,untouched_latest_campaigns,88.94865,83.68697618375575
29494116,B,180,17,untouched_latest_campaigns,85.6857,80.71226930437582
29494162,A,180,18,untouched_latest_campaigns,77.14635,75.29839519048541
41494456,B,180,18,untouched_latest_campaigns,88.36095,82.16874890095349
43494158,B,180,18,untouched_latest_campaigns,88.5447,82.97542142503514
43494170,B,180,17,untouched_latest_campaigns,88.18395,84.01247192402428
2655292700,B,180,18,untouched_latest_campaigns,86.5329,80.01992830278462
2655292712,B,180,18,untouched_latest_campaigns,97.2468,87.91932610148196
2657292900,A,180,18,untouched_latest_campaigns,80.43405,75.87988997265765
29494096,B,181,17,untouched_latest_campaigns,87.43395,80.94167536785346
29494128,B,181,18,untouched_latest_campaigns,87.93255,82.87635214792918
29494136,B,181,17,untouched_latest_campaigns,87.8307,81.11897444396953
29494140,B,181,18,untouched_latest_campaigns,91.3503,84.10556036980138
29494170,B,181,17,untouched_latest_campaigns,94.43955,85.1777420776914
41494444,B,181,18,untouched_latest_campaigns,89.39055,80.44019857503405
41494452,B,181,17,untouched_latest_campaigns,86.4978,81.12502292027932
43494198,B,181,18,untouched_latest_campaigns,91.86645,84.60016374799554
43494206,B,181,17,untouched_latest_campaigns,89.87895,81.66053405132327
29494154,A,182,18,untouched_latest_campaigns,75.9921,75.62933313788348
31494168,A,182,18,untouched_latest_campaigns,75.1479,77.4811455165723
31494172,B,182,18,untouched_latest_campaigns,81.77625,79.46508590980031
31494362,A,182,18,untouched_latest_campaigns,73.8966,77.06047851154274
31494370,A,182,18,untouched_latest_campaigns,74.36985,77.4526032082263
31494374,A,182,18,untouched_latest_campaigns,76.6848,79.71727932438958
31494378,A,182,18,untouched_latest_campaigns,73.24275,76.14652773911114
33494116,A,182,18,untouched_latest_campaigns,74.0394,77.27935242703471
31494354,A,183,18,untouched_latest_campaigns,72.08775,74.97546715438811
33494120,A,183,18,untouched_latest_campaigns,74.68125,77.45975378580546
29494154,B,184,18,untouched_latest_campaigns,86.64645,79.92261968564867
31494350,A,184,18,untouched_latest_campaigns,73.61865,76.75988282935293
33494136,A,184,18,untouched_latest_campaigns,72.76305,77.41647254005058
33494140,B,184,18,untouched_latest_campaigns,85.26705,81.77192240616958
33494166,A,184,18,untouched_latest_campaigns,73.33245,76.8439102283235
35494162,A,184,18,untouched_latest_campaigns,74.6139,75.93425652600179
35494392,A,184,18,untouched_latest_campaigns,74.4534,74.86444623269446
