Created from DLOG: C:\tester_data\MT40A1G8_SYN_0053_1_01_J750_PRB_06032023_89.78%.std_1.csv,,,,,,,,,,,,,,,,,,,,,,,,,,,
Test Program: DDR4_TEST_PROG_V1,,,,,,,,,,,,,,,,,,,,,,,,,,,
File Creation Date: 06/03/2023 01:07:00,,,,,,,,,,,,,,,,,,,,,,,,,,,
,,,,,,,T1.0,T1.1,T1.2,T2.0,T3.0,T3.1,T3.2,T3.3,T4.0,T4.1,T4.2,T4.3,T5.0,T5.1,T5.2,T5.3,T6.0,T7.0,T7.1,T7.2,T7.3
,,,,,,,V,V,V,V/ms,uA,uA,uA,uA,V,V,V,V,mV,mV,mV,mV,V/ns,V,V,V,V
Device #,Bin,Site,X,Y,Fails,Alarms,VDD Supply voltage,VDDQ Supply voltage for output,VPP Wordline supply voltage,VDD_sl VDD Slew rate,IIN Input leakage,IZQ ZQ leakage,ITEN TEN leakage,IVREFCA VREFCA leakage,VIH(AC)_RESET AC input high voltage,VIH(DC)_RESET DC input high voltage,VIL(DC)_RESET DC input low voltage,VIL(AC)_RESET AC input low voltage,VIH(AC) CMD/ADDR AC input high voltage,VIH(DC) CMD/ADDR DC input high voltage,VIL(DC) CMD/ADDR DC input low voltage,VIL(AC) CMD/ADDR AC input low voltage,SRCA Single-ended input slew rate - CA,VIH(AC)_TEN TEN AC input high voltage,VIH(DC)_TEN TEN DC input high voltage,VIL(DC)_TEN TEN DC input low voltage,VIL(AC)_TEN TEN AC input low voltage
1,1,1,2,35,,,1.186253964,1.180676687,2.57923411,229.5601945,0.200764476,-22.18415528,1.185659553,-0.738086994,1.107285959,1.07825045,0.269696605,0.053594967,830.9570644,849.8979038,59.04919718,341.757302,3.933912894,1.111950486,1.045263689,0.26107616,0.148676406
2,1,2,3,27,,,1.205265177,1.215621145,2.59319416,228.0217704,-0.074680519,-31.4161041,2.538073191,-0.277731934,0.995034682,0.965010515,0.18474359,0.073432767,882.7417132,956.7412659,246.241512,225.1846567,2.788654793,1.076064636,0.936903046,0.280123308,0.149059562
3,1,1,3,28,,,1.158140459,1.218070345,2.565152281,411.3009924,-0.08645493,-15.45935183,-1.372643054,-0.920809262,1.055308735,1.049526694,0.234363285,0.057214128,865.1024152,971.5343046,174.5264805,260.1853046,4.195625174,1.051888335,1.134943414,0.167728475,0.098500939
4,1,2,3,29,,,1.191340343,1.21969972,2.571706516,539.6550605,-0.607994414,-18.19868273,1.995259508,-0.144703895,1.104307067,0.965657467,0.201334947,0.099264062,830.0778786,793.6631214,213.9880119,198.9015552,4.606933617,0.987629314,0.901311724,0.335409377,0.216755636
5,1,1,3,30,,,1.171750308,1.161192986,2.510501482,376.7647162,-0.791273863,-1.523654768,-0.972526378,-0.743822773,1.066434307,0.965911312,0.111889895,0.12832117,900.2942507,945.9686903,320.6083942,293.7955442,3.228641184,1.084330867,1.07375797,0.141475895,0.117420151
6,9,2,3,31,Fails: T4.1,,1.172685995,1.173680382,2.587522058,198.1833726,-0.298585382,-25.14826512,1.32344225,-0.624759446,1.079712501,1.200552822,0.176220143,0.070745902,816.8233607,928.2818646,249.6995837,231.1193325,4.2689329,1.088931277,1.035892293,0.134539856,0.161956113
7,1,1,3,32,,,1.188428474,1.203919692,2.610003428,338.8878392,-0.566096083,-24.8439841,3.900192254,-0.707441964,1.075112818,0.986799239,0.156987488,0.064983234,810.1931142,897.7822949,246.9421353,130.1228633,2.346453198,1.115890012,1.083178301,0.16385559,0.102183207
8,1,2,3,33,,,1.204242794,1.189222569,2.563760555,291.6117176,-0.279047679,-23.43711481,-3.012395672,-1.085855996,1.120033109,1.035870733,0.133694216,0.155627595,980.8783389,1033.739092,268.8930577,155.2887747,4.68252697,1.083758709,0.960438005,0.241331123,0.120683732
9,1,1,3,34,,,1.192973636,1.214486695,2.43782737,195.3733799,-1.925825398,-22.62055532,0.86479551,0.241332954,1.093879954,0.956894201,0.176989111,0.177453032,1067.525949,866.4691462,271.6307515,275.1642315,2.659654725,1.053516699,1.084285303,0.277856769,0.171995932
10,1,2,3,35,,,1.190925354,1.216548368,2.657024728,262.5942857,0.779421855,-22.62538031,0.600389451,0.222965242,1.085763553,0.949829012,0.126493884,0.057298482,872.07043,930.3940665,214.9899281,159.8595255,2.507192175,1.077028985,1.053850429,0.227879769,0.126587651
11,1,1,3,36,,,1.184296455,1.220883716,2.643804814,363.5034042,0.150010829,-19.78094671,2.914709465,-0.457741817,1.119032995,1.048718615,0.328825652,0.11392568,923.045763,907.7348009,102.2151634,267.7667655,3.39194511,1.064684876,0.933344222,0.17541523,0.161224875
12,1,2,3,37,,,1.186488805,1.206632549,2.595233062,287.5132656,-0.098516559,-27.47001219,3.097151872,0.499687375,1.073706985,1.10297558,0.18266674,0.199766706,945.9582976,861.3918109,153.7241673,330.7677366,6.539319694,1.108583559,1.048213722,0.174590304,0.100682374
13,1,1,3,38,,,1.176323615,1.208367507,2.513138718,344.6004268,-0.288944399,-25.09812172,-0.504018467,-0.454167471,1.077347551,1.167742185,0.104077444,0.056380526,927.8329812,890.0053379,393.5014457,272.4979783,4.047044848,1.091675636,0.844648584,0.1105194,0.168864307
14,1,2,3,39,,,1.208712259,1.187918696,2.536121355,239.9791223,-0.31323927,-23.65646482,-0.573504758,-1.298114918,1.036695339,1.072905067,0.262040882,0.156775108,980.3489792,995.0565811,166.9308392,172.3351033,3.346565334,1.132163226,1.004710945,0.291741399,0.124903804
15,1,1,3,40,,,1.171191053,1.186392936,2.562377807,218.3475505,0.2578683,-31.89690034,1.245067305,-0.881031243,1.045317636,1.015453504,0.175793323,0.102285819,1034.537468,1004.352333,102.9946976,179.3262576,1.298912993,1.162378821,1.018896113,0.224643663,0.185921747
16,1,2,3,41,,,1.217347214,1.210072895,2.578890438,355.6339414,1.157071767,-12.50287947,3.216329467,-0.696050946,0.964596134,0.899906037,0.259595617,0.124466773,1132.132672,834.8865021,259.8504474,326.781281,3.787303124,1.067498786,0.981098855,0.226291634,0.182741798
17,9,1,3,42,Fails: T3.0,,1.204018433,1.187238171,2.599947904,250.763111,-2.193034721,7.347601903,2.286299296,0.233950766,1.093944586,1.132417048,0.2091122,0.087542234,977.7948462,806.117458,43.85119111,211.5323044,1.51228438,1.112467539,1.067059499,0.231389226,0.187409125
18,1,2,3,43,,,1.180954295,1.221860916,2.62983459,319.742363,0.144924513,-38.76141717,0.009801571,-0.204079956,1.092992305,0.988719139,0.143915628,0.082963489,1061.414445,953.2839046,295.9726861,184.6815742,4.521879895,1.042022881,0.970691957,0.167629826,0.153246978
19,1,1,4,24,,,1.188723624,1.22888406,2.597535159,373.6590628,0.832155991,-20.32007883,-0.283050796,-0.362833213,1.059601706,1.092223433,0.295965798,0.155864344,845.4719797,1069.778116,157.0982915,267.6668692,3.914937105,1.097761931,1.009614268,0.16793572,0.162356743
20,1,2,4,25,,,1.206153506,1.238903558,2.68570223,336.4480444,0.114377927,-28.72411117,3.489966353,-1.536553677,1.168214329,1.000919964,0.156480527,0.094954647,966.9300085,936.5669025,102.7979527,169.7646029,3.081617757,1.093667117,1.099500355,0.179998424,0.188859335
21,1,1,4,26,,,1.171369464,1.187021911,2.629438265,460.3171151,-0.257659676,-28.71586007,3.246337926,-0.684779533,1.060999539,1.097748374,0.124038052,0.17280438,855.6771939,751.9008313,130.9510992,208.1336543,3.763958105,1.049704106,0.982628425,0.17538772,0.165104926
22,1,2,4,27,,,1.186694176,1.221792816,2.664664944,351.935707,0.231492634,-24.43020538,2.260047798,-0.844029249,1.079564613,0.890811468,0.152654052,0.088577913,922.5672179,955.5199509,288.7098827,308.0355661,4.587844543,1.099368222,0.97207517,0.109906478,0.167489228
23,1,1,4,28,,,1.171015905,1.221916278,2.600190915,313.6392702,-0.9145662,-42.69516122,2.343843831,-0.442473653,1.084343415,1.052327055,0.198550589,0.095313065,921.7129538,869.0766031,176.1011669,384.6057528,4.692656702,1.073162526,1.026234103,0.16847373,0.166454843
24,1,2,4,29,,,1.218103324,1.21285364,2.549988189,322.3731763,-0.441279073,-23.94504312,1.480052121,0.73512285,1.074157299,1.022038527,0.173317144,0.173904695,748.0112646,881.2985524,188.095958,227.4835977,4.079212392,1.046254594,1.027781193,0.27095628,0.139121244
25,1,1,4,30,,,1.213689155,1.22006377,2.568509628,381.7730589,-0.128581515,-14.88446774,2.25805481,-0.496434787,1.060900034,0.977102343,0.217628802,0.071109563,754.7501195,890.2381837,146.8256442,353.6571467,3.222924117,1.030288687,0.938477261,0.253724844,0.071437799
26,9,2,4,31,Fails: T5.2,,1.154857381,1.16791614,2.564221897,442.6457648,0.477945686,-11.25151382,6.556311395,0.579079928,1.019716481,1.005528124,0.156771811,0.146399924,1073.580092,911.2733999,-25.09594186,204.9244807,3.254912839,1.08166906,1.023387484,0.210867266,0.193063691
27,1,1,4,32,,,1.22424155,1.216906245,2.583494751,242.3018476,-0.477089913,-15.26126388,3.268075432,-0.436268204,1.12957463,1.0773061,0.328717923,0.091287653,1064.24588,854.2168539,183.9776607,273.7074973,2.529169731,1.056787434,1.013859217,0.284542106,0.100171497
28,1,2,4,33,,,1.164553018,1.198398795,2.562669744,211.2829756,-0.154726922,-7.154641669,1.335975733,-0.913502885,1.008010964,1.157928116,0.090176898,0.111751999,1112.063361,776.8335394,274.742716,365.3114209,3.344507628,1.07432967,0.958042494,0.18070364,0.10067729
29,1,1,4,34,,,1.189118593,1.200917347,2.567842604,329.0644156,-0.28760958,-14.52345825,3.13497337,0.28007423,1.031795403,1.039283833,0.160894461,0.091637554,954.4226738,995.9284547,287.204226,291.8947116,3.651561856,1.051014892,0.967480637,0.135019304,0.068572819
30,1,2,4,35,,,1.198502337,1.22014028,2.421602384,398.2411906,0.429088609,-34.32592656,3.810797877,0.40319234,1.092493052,0.972644957,0.270431391,0.086061456,926.8084417,1068.765398,253.1241946,358.0585023,3.547755471,1.05291136,0.986217888,0.255396845,0.185400565
31,1,1,4,36,,,1.181204454,1.193528001,2.610129235,278.9368731,0.616811683,-15.73561895,6.501408844,-0.4517603,1.083951221,0.925785309,0.1990404,0.044970256,1054.957422,1097.640102,146.5738993,67.23001315,3.656960816,1.04172455,0.92896319,0.208506675,0.095530422
32,1,2,4,37,,,1.211022337,1.179722751,2.62019546,330.3323761,0.079425119,-37.46378302,3.001654541,-0.157956383,1.053177591,1.003472724,0.216330909,0.105034473,1010.724305,857.8521197,24.43543924,251.8449324,3.038829776,1.056469245,0.968264951,0.174737365,0.21594843
33,1,1,4,38,,,1.2058971,1.232136476,2.545078835,255.4872434,-0.927867423,-9.865380436,-2.162642985,-0.338099249,1.051243176,1.009025307,0.2028361,0.09271209,914.4264156,843.2905776,176.9888566,105.9554951,4.44456841,1.085380112,0.973940813,0.214976458,0.140798329
34,1,2,4,39,,,1.227352479,1.221765753,2.686478897,246.6277046,-0.3157892,-19.16419445,-0.800395444,0.364145818,1.071738231,1.06281511,0.15639638,0.169553227,1004.805406,920.3153275,202.8924252,292.0088647,3.220198694,0.963443069,1.121905157,0.175947901,0.16853692
35,1,1,4,40,,,1.195806663,1.233650764,2.630545282,350.047986,0.914343216,-22.52547441,1.641399773,0.973939663,1.077318084,0.992206136,0.136063105,0.166402726,923.3144509,989.3811301,240.6029555,294.343082,3.801147077,1.075767878,0.97514319,0.048531086,0.117532248
36,1,2,4,41,,,1.177497136,1.231355489,2.541531528,339.927878,-1.66998954,-20.20651644,-0.01998139,-1.200952828,1.076963409,0.972116764,0.199773097,0.103422338,751.8097949,824.5546048,196.7104778,156.4463979,3.230959688,1.082994831,0.929649837,0.197184425,0.10852936
37,1,1,4,42,,,1.230592874,1.21303558,2.513233215,388.0135835,0.086504252,-25.75249821,-0.399685116,-0.739773994,1.089792041,1.0490681,0.103613725,0.046055143,886.8689617,878.4014783,164.1956295,348.8094819,2.61128821,1.033706328,0.986145391,0.216278434,0.130769536
38,9,2,4,43,Fails: T3.2,,1.172314303,1.211236083,2.618300102,392.1086713,-0.541296129,-20.81626129,11.20375234,-0.297401559,0.974367485,1.13448334,0.282002755,0.048555186,808.6673035,855.5999169,223.4963912,258.8740724,4.132950013,1.044193881,0.97875953,0.151733255,0.196264551
39,9,1,4,44,Fails: T7.3,,1.202894223,1.198577891,2.566297567,244.683255,-0.141914658,-12.25548832,2.959545275,-1.315031482,1.121350098,1.07407242,0.268421662,0.149159706,982.1268318,1016.000084,213.3474831,188.029818,4.271882955,1.107457673,1.061756201,0.186083726,0.24976389
40,1,2,4,45,,,1.208565332,1.238569871,2.688305083,241.8630644,-0.62216811,-17.84886818,7.401718267,0.6562409,1.061943435,1.009168905,0.187890861,0.084995265,951.884379,938.4292318,317.9022195,189.274323,3.541081565,1.032545943,1.076804012,0.213278638,0.121440091
41,1,1,4,46,,,1.192797265,1.211962694,2.669702637,280.6034161,0.26136954,-11.41712497,0.675076893,0.178257795,1.129538901,0.977921217,0.19600115,0.099196514,1075.568102,770.680008,140.4535599,343.7500119,5.22101641,1.039104203,0.961262809,0.306443152,0.198241603
42,1,2,5,22,,,1.166415176,1.192280301,2.535986962,375.4281434,-0.079201655,-18.94389821,0.130212895,-0.034237067,1.129200287,1.115518956,0.083021567,0.103564208,883.4417466,886.1204591,401.0875909,288.1143166,4.105012597,1.132066043,0.981769702,0.21579926,0.145487871
43,1,1,5,23,,,1.193796808,1.223539131,2.581834587,324.9798141,-0.180171208,-13.98646305,3.375143314,0.54403241,1.008187131,1.064433514,0.148387853,0.094989869,862.7089016,818.1321914,291.6556497,300.1559387,3.616834604,1.072562894,1.038502817,0.182240564,0.211861783
44,1,2,5,24,,,1.147126684,1.248373339,2.567248143,421.0761386,-0.070576993,-21.55336701,3.47946634,-0.020765011,1.085154423,1.141083388,0.255243125,0.058908935,958.9102256,888.2319508,166.9270151,171.4168132,3.208850831,1.117320419,1.003728105,0.218538179,0.106779438
45,1,1,5,25,,,1.181890429,1.209209807,2.570950003,303.7211573,-0.91347548,-21.77700024,3.059050142,0.464026917,1.061956694,1.018144939,0.087195637,0.073518811,1089.017989,926.1707819,292.7308718,180.3128904,4.394240467,1.081168486,0.89779828,0.210193479,0.147801795
46,1,2,5,26,,,1.173883301,1.207704473,2.498974705,328.8377272,-0.227400103,-18.50278495,-3.768102972,-0.039012208,1.049044451,1.057433983,0.16503486,0.076921998,1035.180654,921.618573,158.6694045,148.6331765,3.694550419,1.038906321,1.087489932,0.232371774,0.159448148
47,1,1,5,27,,,1.235582366,1.202117485,2.548952752,406.7143954,-0.449414271,-15.2915966,-1.499872806,0.035562072,1.055787629,0.914541731,0.234985981,0.113880743,860.2798649,871.4414676,334.4901222,337.7372537,3.883177186,1.113295681,1.1100515,0.220035438,0.155466738
48,1,2,5,28,,,1.170821728,1.254122771,2.56659866,172.2883191,-0.125553973,-24.58279872,1.649926691,-0.758443354,1.019110473,0.983045186,0.290675833,0.10942183,854.4791386,1010.578825,202.1796635,222.9147757,4.674811367,1.043145969,0.943027323,0.202552805,0.112671697
49,1,1,5,29,,,1.196870589,1.210063065,2.567833681,258.5672924,-0.889444502,-38.60002951,0.578262568,0.252768331,1.048582204,1.069426778,0.276591948,0.117040124,939.4835243,874.9658729,303.4543484,346.5719953,3.171313172,1.099851373,0.964152746,0.226598379,0.122084213
50,1,2,5,30,,,1.198848878,1.200321883,2.465599962,227.4886611,-0.708267208,-18.90611882,1.496138613,0.312084286,1.07811834,1.068749675,0.157580289,0.199470771,984.1489681,950.7057124,306.310507,198.6521476,2.797139561,1.074924291,0.937748928,0.288784461,0.128689363
51,1,1,5,31,,,1.187403405,1.245429291,2.680692911,328.9963949,0.231686901,-20.0016243,-2.335975873,-0.576653059,1.064586331,1.000442331,0.193949971,0.139540295,968.4241784,920.8983379,248.5304431,455.2740576,2.852291404,1.095837589,1.013039525,0.215319303,0.159365239
52,1,2,5,32,,,1.226018797,1.215378343,2.490275913,199.8878287,-1.1588856,-20.73844298,1.267058956,0.033307014,1.084671579,1.06537199,0.322103624,0.165340605,942.1695197,788.9498256,221.7455793,162.284455,3.044895857,1.011745796,1.045792207,0.190479255,0.138070732
53,1,1,5,33,,,1.187679259,1.232581083,2.571522654,438.4564729,-1.001429805,-19.41354306,4.171679228,-0.531358901,1.132646643,1.123567385,0.322426593,0.069502348,958.9411234,955.9813721,303.5055117,172.008115,3.333220783,1.101715929,1.006136019,0.14126305,0.197456629
54,1,2,5,34,,,1.179741447,1.195115862,2.578597598,341.3159509,-0.636132689,-36.48804146,1.298663436,-0.835700587,1.097938151,1.028003932,0.201205408,0.133184142,1058.097162,866.8874844,271.3513252,310.362033,3.177019179,1.111231128,1.022247929,0.169041249,0.131114055
55,1,1,5,35,,,1.232206451,1.224232899,2.520077899,181.6911061,0.929294491,-15.93907827,2.774398785,-0.030596543,1.032474999,1.04687427,0.155721938,0.117292165,1085.919098,855.6884753,211.5548732,113.7619029,3.631376457,1.110550264,0.907151842,0.19150857,0.18861168
56,1,2,5,36,,,1.172968949,1.213168015,2.657096081,307.0014912,-0.317601368,-21.8514736,-0.263998259,0.064630589,1.054488358,1.006357122,0.133244818,0.191896553,1011.902227,875.414274,45.38304436,323.8628763,5.260560145,1.112443325,0.891782275,0.120125667,0.149455695
57,1,1,5,37,,,1.199753664,1.20731673,2.625302634,435.3518732,0.038297565,-18.26885087,-1.567578711,-0.184952875,1.045344057,1.043817366,0.260800017,0.033176844,848.8736955,910.1180808,83.7932083,181.6937691,2.118600246,1.030175887,1.074756108,0.223649925,0.177875719
58,1,2,5,38,,,1.21323375,1.259361269,2.46647251,277.3253514,-0.563735934,-14.30330588,-0.453068554,-0.961494282,1.064163692,1.116088407,0.190885477,0.085425359,1102.679712,836.295393,169.9150853,237.0960772,4.933521873,1.077652463,0.951761171,0.218940086,0.196958851
59,1,1,5,39,,,1.173203438,1.194185854,2.573191343,450.5365667,-0.131805502,-2.169565226,3.324613751,0.116945666,1.068888444,1.048692763,0.08612777,0.159318016,1121.992521,838.2242133,262.626625,230.5072656,6.228909482,1.067048889,1.012490106,0.190469331,0.065017061
60,1,2,5,40,,,1.208117052,1.227864413,2.691078993,210.2881124,-0.769999359,-32.63389572,2.588036388,-0.264843251,0.975809023,1.155095162,0.178432005,0.173346167,954.0807657,798.898763,115.1070564,349.5628967,4.58972671,1.095168034,1.036515009,0.216559813,0.11869345
61,1,1,5,41,,,1.209366007,1.21455477,2.528787515,262.5350079,0.203765259,-14.39823742,2.636083713,-0.229154508,1.091451587,0.995268615,0.076496644,0.09840842,888.0531655,840.092908,153.355591,117.0669139,2.585359374,1.050766674,1.01935192,0.195791803,0.133280703
62,1,2,5,42,,,1.185823207,1.186276013,2.593121614,403.4965396,0.264122681,-17.5339607,-0.675167911,-0.005090109,1.030233565,1.152384319,0.196535343,0.043319578,825.8729705,903.4304951,233.8273248,34.90854627,2.753817552,1.067467839,0.97420874,0.288283359,0.146075921
63,1,1,5,43,,,1.21478922,1.219135495,2.665709067,236.2394598,0.549712433,-2.226611867,0.037501409,-0.318139,0.990581439,0.934424033,0.200863544,0.120740287,989.1475211,1035.549202,186.0679281,189.2427127,3.076554498,1.050692207,0.951531463,0.196613926,0.118566193
64,1,2,5,44,,,1.179928691,1.186206989,2.449714705,235.6255529,-0.971332644,-17.32230123,5.829498765,-1.049010716,1.019853761,0.988284917,0.137577111,0.125241826,1020.860477,914.4646247,154.9265508,258.3635385,1.983865668,1.122839983,1.05541781,0.220286475,0.10420802
65,1,1,5,45,,,1.169077085,1.188488727,2.681221536,390.2048358,0.449947546,-15.46698444,5.23704225,0.406238927,1.054988214,1.011631332,0.103420543,0.057982295,1096.93056,949.7013666,238.9402339,188.1862766,4.22546395,1.078487932,0.936728444,0.242044003,0.12614261
66,9,2,5,46,Fails: T1.1,,1.191872498,1.260708802,2.503169186,340.2251535,-0.363776236,-23.00585948,6.216278119,-1.042360162,1.116466999,0.927858089,0.147759924,0.1515217,988.9903063,786.6344546,154.297959,320.4539156,3.777003267,1.066900638,0.950324109,0.103051416,0.191370214
67,9,1,5,47,Fails: T7.1,,1.218048765,1.244588121,2.614307124,247.3331413,-1.241626767,-17.33423551,-1.49272423,-0.484697402,0.999712177,1.027696356,0.159606564,0.083615624,819.8929108,910.4253425,140.4404252,292.5302335,4.120273686,1.084226514,0.83352134,0.169773501,0.072256194
68,1,2,5,48,,,1.16618673,1.220489191,2.674081405,344.7956635,-0.239417077,-14.39526547,3.248461457,-0.201648635,1.079772705,0.912184939,0.209546016,0.149120088,996.3854646,889.1084306,255.0725965,187.670123,2.59397989,1.077549459,1.048821792,0.159435082,0.122937285
69,1,1,6,20,,,1.202409028,1.190787308,2.537149353,367.472323,-0.291591917,-29.54495932,1.405397198,-1.03901335,1.072843173,0.969887589,0.172911541,0.093898086,845.6681628,728.5767731,238.2996105,362.5420926,3.575177686,1.057738396,0.933112581,0.257263407,0.068750028
70,9,2,6,21,Fails: T5.1,,1.20616052,1.21379988,2.543437902,382.0064694,-1.901845087,-27.66725681,2.203192067,-0.272492247,1.079638313,0.980128601,0.14028324,0.097876025,954.4615318,671.3111345,130.6213804,292.1184236,3.516724523,1.071062516,0.922292034,0.203382813,0.08063798
71,1,1,6,22,,,1.218555039,1.21896701,2.559847854,307.1100606,0.70467985,-17.17689069,2.94674565,-0.495710489,1.121760487,1.087828836,0.281913219,0.151417117,1001.84224,1017.612791,221.1944935,242.9691801,2.797206896,1.126883692,1.042204323,0.190838021,0.120509293
72,1,2,6,23,,,1.184874758,1.19040791,2.562461874,388.3858127,-1.690823403,-6.846502279,4.104757083,0.463488449,1.070339031,1.110631048,0.241663714,0.105036738,720.1913987,978.3154747,249.2717342,231.4239699,3.082112809,1.099137145,0.948948563,0.239129309,0.141670329
73,1,1,6,24,,,1.197485039,1.202724527,2.557342415,281.0144894,-0.680319736,-7.740327994,3.664030762,-0.426055837,1.069132923,1.093612357,0.245980429,0.10230579,1128.738692,822.716709,37.75968423,245.553971,5.059540467,1.009738263,0.99925229,0.336651758,0.194894904
74,9,2,6,25,Fails: T7.1,,1.159108309,1.200261997,2.633042773,545.3893014,1.103367108,-9.704037348,1.204585238,-1.44481045,1.04469542,1.075210236,0.169859852,0.051195578,853.1132686,1023.778241,190.3329436,337.1564945,3.410638018,1.069908435,0.832042953,0.232894202,0.156541562
75,1,1,6,26,,,1.220241004,1.183818518,2.554380166,254.5327503,-1.546443202,-25.4271398,1.954010769,-0.89015475,1.019982807,0.974549142,0.142257164,0.177204783,1027.94663,848.0854618,168.0804888,221.2814096,2.952967856,1.043215313,0.954012081,0.267802713,0.211649446
76,1,2,6,27,,,1.193652811,1.222747867,2.50767766,347.89911,-0.572294492,-24.99923092,1.780004722,-1.139410378,1.028295865,1.012085147,0.219244168,0.13398519,806.6710312,885.7226254,34.12129437,280.8575113,4.879088512,1.127131819,1.075215697,0.204260655,0.156635442
77,9,1,6,28,Fails: T1.2,,1.212642324,1.198374883,2.342075701,-14.71105492,0.318240182,-22.85831633,-2.349654092,-0.220580563,1.038039172,1.050311046,0.213461752,0.095006444,889.7437451,794.7818407,147.1846431,135.8384318,4.235218396,1.11967808,1.020166127,0.157596725,0.077218845
78,1,2,6,29,,,1.191425388,1.185976854,2.568897344,374.2434812,-0.705488178,-39.85557649,2.870641038,-0.214993592,1.098183214,1.014133696,0.178061988,0.162945592,1008.822874,824.6748317,177.0958251,257.2284716,2.851961628,1.070366713,1.005462929,0.255472328,0.186216503
79,1,1,6,30,,,1.198974876,1.213631645,2.606468768,509.8232436,-0.716195736,-11.81910106,1.171287898,-0.225976752,1.076801895,0.930247965,0.208004743,0.15677633,946.053763,894.6619819,266.8126495,368.5031658,2.426776742,1.04172037,1.004235011,0.287736042,0.135016095
80,1,2,6,31,,,1.222469872,1.192277601,2.499793877,236.1894543,0.733813058,-11.3407357,0.962107168,-0.895943996,1.0691533,1.064654777,0.178904776,0.098675816,968.0484365,906.2592975,195.8417068,348.793962,2.596019176,1.05322041,1.003658275,0.264507884,0.203637483
81,1,1,6,32,,,1.210605437,1.227906782,2.597996574,430.0921535,0.430121051,-29.29593983,2.64126025,-0.514969189,1.091379681,0.951046583,0.192732185,0.157892386,997.3087921,897.339379,212.8075343,229.5747954,2.419885482,1.068564252,0.969968043,0.233845859,0.205724157
82,1,2,6,33,,,1.19915411,1.21055963,2.62448783,320.0444344,0.279890678,-26.2785733,6.511808218,-0.637755465,1.064462051,0.989946097,0.181855749,0.208995047,919.8529724,819.3465831,236.8485723,210.6881338,1.625563886,1.044618518,1.059212512,0.192927355,0.109265884
83,1,1,6,34,,,1.220521321,1.199647576,2.581010601,277.8291317,0.03062116,-7.549407357,1.448961162,-1.099178879,1.108159557,0.929087614,0.242267691,0.075715445,1122.497204,945.6996257,221.937799,310.1247849,2.192204546,1.071761318,0.978310961,0.153614102,0.144005381
84,1,2,6,35,,,1.226665972,1.23779235,2.582609028,187.9285272,0.158053419,-10.94449909,1.621516629,-0.200512475,1.032925657,1.092485693,0.228405988,0.166482478,986.140177,811.5910109,226.1490357,262.1897971,1.765372568,1.073718852,1.034637387,0.228995284,0.11795779
85,1,1,6,36,,,1.150344608,1.150175398,2.576859549,209.4175144,-1.023108479,-26.62368502,4.869381838,-0.774191542,1.023180349,0.978455948,0.17176279,0.063198675,974.8179815,898.1751152,212.5141346,243.3055702,3.078538109,1.006986327,1.095221319,0.24943974,0.075295712
86,9,2,6,37,Fails: T5.1,,1.232775594,1.20944787,2.629274849,314.4550739,0.020428653,-22.06591499,4.428826895,-0.950133764,1.058274859,1.043342155,0.228870987,0.138775815,1029.674015,620.53872,179.7370958,80.95537921,4.573338791,1.113432882,1.056066916,0.247328411,0.121192224
87,1,1,6,38,,,1.171333921,1.191494406,2.545977251,435.5406613,-0.655966048,-22.99796919,4.188175568,-0.355868573,1.0515676,1.109173159,0.115414391,0.088298411,903.46495,776.7057465,351.8262955,173.6617474,2.651186954,1.08682561,1.045125331,0.222271328,0.171331248
88,1,2,6,39,,,1.212721277,1.20284903,2.649128953,315.1462386,0.879264761,-12.57798441,1.903732613,-0.404958682,1.036412685,0.960763521,0.222073104,0.095881067,974.0792009,691.6213416,316.9712744,104.0891463,3.099626819,1.101295234,0.975480474,0.13480838,0.144008955
89,1,1,6,40,,,1.192812514,1.186263621,2.533745066,341.1518029,-1.606197161,-24.53256421,-4.528770591,-0.00378365,1.078418167,1.001744896,0.240787881,0.096574398,1005.035113,768.414952,239.3853613,196.0331036,3.078597329,1.043250701,1.044941453,0.166546903,0.11448883
90,1,2,6,41,,,1.15903327,1.203896517,2.52990035,453.5410144,-0.692929932,-15.38587772,7.422322813,-1.179579894,1.009959227,1.122901256,0.233715647,0.112024619,1050.707594,935.0668288,382.8565741,206.9358706,3.880065744,1.149713787,1.009516622,0.245701553,0.129299171
91,1,1,6,42,,,1.239923745,1.184286763,2.559440791,239.8059162,0.561695253,-27.98297125,1.226260876,-1.056164885,1.091072088,1.09996404,0.209248822,0.020131258,912.9370633,756.2498004,192.7770358,200.7562031,4.619887686,1.124228193,1.100926499,0.128245484,0.19878308
92,1,2,6,43,,,1.178116314,1.211873454,2.619223356,82.86689394,0.85974067,-15.28760717,1.505690714,-0.772747686,1.11449616,1.012755433,0.110404288,0.018252781,945.0124958,899.472079,75.37573979,150.5336744,3.947149211,1.118435826,1.002523468,0.165768257,0.134253962
93,1,1,6,44,,,1.216270598,1.229708926,2.593084237,161.1988857,0.399781174,-10.90047759,2.413997023,0.317537988,1.044645697,1.035094599,0.141398085,0.193669283,904.3167728,739.7847011,216.1381845,308.3305582,3.027755457,1.062612522,1.101388312,0.166526371,0.130071213
94,1,2,6,45,,,1.187508858,1.207286077,2.602843619,243.4317518,0.334632482,-3.003070441,2.30025099,-0.232079739,1.114431354,1.049783545,0.225306517,0.144517349,1016.582432,970.5578546,198.2260135,251.1098252,4.672241801,1.064219923,1.068022732,0.184437696,0.1532939
95,1,1,6,46,,,1.163338452,1.175771586,2.591270284,390.1973978,-1.175551214,-28.71151229,2.625701347,-1.514977595,1.1557172,0.942824287,0.149089313,0.157022792,950.8530695,787.336826,190.1424551,202.8889352,3.927967568,1.069808265,0.909374219,0.129348316,0.114117561
96,1,2,6,47,,,1.243184049,1.18416201,2.609021826,157.25112,-0.274208154,-2.822780891,1.605198039,-1.092974408,1.084481319,1.088714418,0.153066802,0.105443514,923.8178801,855.9220235,81.89530557,80.59828706,3.568608781,1.094196076,1.014635829,0.204320184,0.081318839
97,1,1,6,48,,,1.198544742,1.230901154,2.60991141,220.7604702,-1.297337856,-27.61495947,2.000637067,1.135043543,1.122028588,0.978939374,0.161622144,0.0853844,954.4624504,899.0480754,191.8216085,210.5836109,4.620680983,1.061580756,1.024421516,0.199419222,0.190164032
98,1,2,6,49,,,1.174539189,1.195671182,2.604872052,406.2286014,-0.292489942,-34.49783171,7.714099992,-0.685122634,1.0524187,0.985481438,0.203840618,0.107348918,927.6148364,860.2084495,299.8131451,153.2736719,4.014122839,1.113565922,1.160282444,0.268623883,0.127145568
99,1,1,6,50,,,1.213384939,1.203060169,2.554938664,175.8198128,-1.085295167,-7.601356501,2.796614756,0.388593436,0.993824518,1.055715698,0.167558537,0.161573169,951.2233907,795.0160933,195.6499076,190.2674196,5.506009217,1.081461635,0.914282712,0.271587818,0.077689965
100,1,2,7,18,,,1.202797988,1.203617572,2.609344469,118.4228336,-1.08620834,-25.30669426,2.398671249,0.382873935,1.078436978,1.045042153,0.197686539,0.038788594,1034.37621,1036.777606,238.5890008,330.1641955,3.628935402,1.05829155,0.97817081,0.194335965,0.049439343
101,1,1,7,19,,,1.182903211,1.196924909,2.627553237,412.991495,-1.094894772,-29.87233448,-1.342299875,0.469104023,1.082716769,1.058621835,0.078449048,0.110673468,934.885554,847.8964459,128.8697154,303.6938327,5.738353471,1.10670058,1.01856952,0.180327195,0.197246977
102,1,2,7,20,,,1.186995836,1.201657565,2.548673013,364.9884356,0.259900581,-24.58552672,6.374195994,-0.330022634,1.096609248,1.101987058,0.259508714,0.131603173,1037.854424,899.0955484,128.6483977,197.0311682,3.434424826,1.066021289,0.98666015,0.239860795,0.112367041
103,1,1,7,21,,,1.176679925,1.21507944,2.592471356,248.6899872,-0.57405205,-15.04697808,-0.504185754,-1.471139415,1.075493935,0.928126655,0.218632769,0.106589716,959.8710063,760.3586476,113.4967779,68.86796997,3.126080794,1.106640013,0.964703267,0.323935001,0.087107025
104,1,2,7,22,,,1.197078249,1.21806798,2.627763967,403.6309318,0.254354249,-29.33327155,2.144052751,0.236386425,1.134801393,1.134861544,0.279693519,0.099261095,1009.776551,924.6772388,335.127328,198.5282526,3.850601077,1.083580785,0.984306799,0.159050793,0.206950642
105,1,1,7,23,,,1.180890508,1.210456381,2.592720579,417.2032225,-0.756508435,-19.14823086,1.285391259,-1.894486491,1.010736072,1.014761789,0.17222037,0.129512536,878.2147889,1115.077379,265.0516748,369.2888885,4.035811349,1.037400394,1.154969211,0.221647668,0.136963366
106,1,2,7,24,,,1.187274709,1.190177996,2.632902315,326.0813,-0.134962215,-11.01353578,-0.136785321,0.357638654,1.074023363,1.0727545,0.18003999,0.045889904,835.7331136,1045.459475,281.6630556,467.3367689,2.525112119,1.015517946,0.935324367,0.208147409,0.183563237
107,9,1,7,25,Fails: T7.2,,1.219319003,1.205593609,2.466169796,408.3831888,-1.195326073,-20.71045545,2.997615037,0.94741363,1.071038438,0.97619413,0.149967019,0.088953892,891.6507648,945.8238233,302.5507083,399.4879388,3.546625762,1.05500656,0.981007098,0.386884783,0.145964337
108,1,2,7,26,,,1.233711578,1.236802072,2.562861454,447.1876786,-0.482387607,2.150983163,-0.606855068,0.749103183,1.078631346,0.966833564,0.257712839,0.16790987,866.477279,892.5922339,220.3714354,251.4316436,1.534354279,1.060710039,1.000925641,0.226911547,0.171814462
109,9,1,7,27,Fails: T3.3,,1.144722119,1.175865648,2.575490448,252.6196843,0.428156432,-43.08210906,-0.866402828,-2.325168025,1.076205064,1.147148939,0.147916763,0.119962491,888.446928,1008.593534,156.6732903,287.3570501,3.447025216,1.041024668,0.98815793,0.215473332,0.173267257
110,1,2,7,28,,,1.187356729,1.208383181,2.618974076,438.7505419,0.779999755,-26.59195881,-2.788152295,0.165582947,1.071920102,1.116405292,0.160446762,0.124105158,935.8005871,836.7101156,217.9626243,347.7128888,3.074388815,1.045978072,0.941352229,0.245462803,0.143306212
111,1,1,7,29,,,1.235642961,1.209201552,2.593168408,164.7912014,0.204025319,-19.67479986,0.016553217,-0.306935438,1.030264515,1.160545108,0.140926165,0.088138827,1042.83122,923.241178,258.766903,133.790828,3.244275053,1.043352885,0.985899964,0.208565206,0.119893151
112,1,2,7,30,,,1.1943247,1.202796144,2.543939316,201.8920625,-0.642010667,-4.382021821,0.94828694,0.023194151,1.063641185,0.937334993,0.211984521,0.171472811,930.4771694,879.840375,195.5253931,222.6750787,3.946580969,1.09971835,0.974554468,0.275319009,0.116368499
113,1,1,7,31,,,1.185180235,1.19991473,2.614760798,325.7489319,0.641507184,-18.46972128,-2.80519218,0.210514962,1.0513358,1.039967804,0.120611143,0.066425786,834.0899171,846.5279089,300.1259743,160.6367484,3.792127316,1.09484743,1.19614411,0.215596637,0.109413077
114,9,2,7,32,Fails: T3.1,,1.199741423,1.224726312,2.632182619,396.4144403,0.542713053,-50.11764835,4.243498126,-1.926791788,1.005869083,1.118244686,0.102905276,0.151404525,921.8860957,766.0131318,134.0179821,137.1834177,4.259504253,1.068594147,1.004636535,0.183980408,0.117703888
115,1,1,7,33,,,1.169547647,1.226846185,2.612795415,248.0504225,-0.937061625,-27.02470555,5.000874584,-0.097888734,1.030586028,0.957647239,0.237353278,0.190340921,896.3447136,997.1346248,303.5595279,269.0124726,3.503027082,1.151977985,1.037787817,0.242321666,0.123345033
116,1,2,7,34,,,1.187119039,1.182610188,2.578055618,324.51414,-0.314682417,-37.34765218,5.20155103,-0.94302887,1.112960407,1.067993201,0.130546133,0.155112041,1048.184245,860.8568876,208.3269656,334.5496737,4.404846157,1.093491531,1.002315257,0.282588546,0.146507008
117,1,1,7,35,,,1.178325216,1.21169163,2.551201997,352.0625252,0.248823723,-24.81338266,-0.5614824,0.12670945,1.043626953,1.048664327,0.155390772,0.152165019,919.061851,961.6772685,292.4279684,258.0539431,4.724058244,1.159041568,0.910318965,0.246799252,0.175211444
118,1,2,7,36,,,1.205765926,1.206526818,2.600706976,311.3066008,-0.145853852,-24.44544395,2.815059569,-0.406071168,1.047800466,0.915188509,0.176711345,0.1057846,981.7376072,896.6482034,198.8797645,387.272971,2.61350622,1.053493346,0.985698993,0.200810711,0.168722067
119,1,1,7,37,,,1.175223099,1.25845667,2.540262091,223.4393808,-0.894944897,-30.05951242,4.097244637,-1.352659862,1.028585957,1.107544256,0.178537308,0.085978891,974.3769374,1050.624757,159.7834916,195.1946999,5.526600404,1.121014875,1.011839376,0.213557478,0.123682176
120,1,2,7,38,,,1.210891054,1.245294666,2.509480016,472.6959935,-0.278246852,-28.19043607,0.951278788,-0.453549893,1.115255871,1.062448649,0.185295437,0.091325112,994.1257482,844.0403344,242.9968005,289.5776763,4.210431197,1.126274708,0.981023032,0.184498722,0.110070601
121,1,1,7,39,,,1.191126515,1.207169642,2.554059956,254.206959,0.664111722,-20.32574067,2.905098689,-1.151934883,1.026674081,1.068569906,0.189816412,0.106477296,818.5127906,824.6271139,143.6160727,216.895814,3.592082639,1.072502353,1.040098256,0.087045152,0.158418017
122,1,2,7,40,,,1.210012043,1.196078708,2.644929113,406.3009106,0.679285813,-28.75563042,-0.46649406,-0.351268243,1.06913211,1.033283673,0.19060862,0.116367242,925.1030273,943.3036368,94.18296138,158.437736,4.118073809,1.076985986,0.908366047,0.252519484,0.118566411
123,1,1,7,41,,,1.198667938,1.215476634,2.616543017,333.9868716,0.769463469,-28.26722004,-0.520116796,0.389143852,1.040154751,1.003275605,0.13733403,0.129861807,1026.579831,815.1170275,230.090331,256.6236542,3.322481822,1.058983002,0.963833964,0.350516518,0.098843149
124,1,2,7,42,,,1.186515648,1.232296805,2.630749813,212.3054461,0.151323419,-15.5871043,-0.149963377,-0.362564395,1.085978662,1.118937653,0.256939495,0.152143485,963.1624548,881.464436,274.1811256,276.6537523,4.016931649,1.106644007,0.948759407,0.113709788,0.13669875
125,1,1,7,43,,,1.192681099,1.185942746,2.562810871,330.0757849,0.319360106,-17.96700265,1.690046398,-0.725444343,1.025177692,1.095389861,0.222519712,0.110735476,938.0778602,890.2335995,216.1384768,7.610512753,4.120882972,1.110511391,0.973583816,0.236295976,0.149948011
126,9,2,7,44,Fails: T7.2,,1.193602191,1.230404562,2.575515407,383.1041155,-1.419862995,-24.05210406,3.743320573,0.158736966,1.080411351,1.189639088,0.204231788,0.185803845,893.8260517,928.5498255,168.6567399,221.7480986,3.327620459,1.085718574,1.046904185,0.361295383,0.152791768
127,1,1,7,45,,,1.189957407,1.19606359,2.597213718,394.9783268,-1.073431666,-27.19180909,4.110937796,-1.140453742,1.075514282,1.055493505,0.162898923,0.134826325,984.4494973,944.1912186,271.3606047,207.2829532,4.285663057,1.152596364,0.972017549,0.139029511,0.102776422
128,9,2,7,46,Fails: T5.2,,1.190904263,1.208238234,2.588038185,274.802996,-0.276599421,-19.65511123,-1.165984219,-0.381489934,1.073482932,1.03220916,0.280057239,0.149343719,1014.262134,970.1692917,-17.9295743,359.5099531,3.860342825,1.057090385,0.965443413,0.146476471,0.188634974
129,1,1,7,47,,,1.18778226,1.194307744,2.520674626,334.7580434,0.058970972,-28.10141262,-1.65722228,-0.610121084,1.029653357,1.006330597,0.232749373,0.127503931,929.8229025,914.0037281,245.2792729,280.4140353,3.341591138,1.035372363,1.0179063,0.078074084,0.158486893
130,1,2,7,48,,,1.172164521,1.170339594,2.514690104,147.2032614,-0.395763171,-17.0176467,-0.273833513,1.360880399,1.080157585,1.027886821,0.242638184,0.128169411,1011.637092,972.7725937,212.2883913,65.20277704,2.087692719,1.046350741,0.880459724,0.284286686,0.155585804
131,1,1,7,49,,,1.184209086,1.226152782,2.542566228,336.8294667,-0.042400667,3.897864341,-1.687427754,-0.767568128,1.067204946,0.970046326,0.163407027,0.171035492,932.6689897,929.3398907,409.9831822,221.8328257,3.812586702,1.1121641,1.069754966,0.258939297,0.203541929
132,1,2,7,50,,,1.206226692,1.216742839,2.545044576,230.8776896,-0.286965436,-37.34040373,4.017655236,-0.40043563,1.099124492,0.846717776,0.236127188,0.09391413,855.3948978,953.9724196,140.0502591,229.5980164,4.16279313,1.126494077,0.910550193,0.183559076,0.113597613
133,1,1,7,51,,,1.187309424,1.20147736,2.616405056,340.0048745,-1.353296831,-12.81435372,-4.10779541,0.200076078,1.057725221,1.10127496,0.06035939,0.102673341,899.2755876,846.3032319,99.20202379,279.2483475,2.610863264,1.094870304,1.100272667,0.123826713,0.152048705
134,1,2,7,52,,,1.166280301,1.213120436,2.626951253,412.8419232,0.13239126,8.03968227,-0.581842992,0.424600341,0.997512442,0.936662081,0.095998027,0.086215401,795.1317355,1018.643518,223.1564827,195.0176003,3.869343304,1.017074365,1.03765288,0.283354883,0.078039173
135,1,1,8,17,,,1.184378619,1.202078126,2.652434074,280.3146656,-0.376631794,-37.9423252,2.1560615,-0.509229664,1.098384398,1.078045649,0.24962005,0.098449083,914.089858,762.5850267,318.9610954,230.7590415,5.952850383,1.043673262,0.92744077,0.12739746,0.185690716
136,1,2,8,18,,,1.216776031,1.219706828,2.563765192,248.1063506,-0.444475481,-19.32191593,3.315993385,-0.776543668,1.08467083,1.102720825,0.17382293,0.109576054,892.283141,817.4653418,203.6028254,311.8581849,4.949965201,1.092894356,0.931680624,0.193129703,0.107305472
137,1,1,8,19,,,1.203925156,1.200970011,2.538831903,278.3505039,-0.11903026,-23.80622672,0.61865993,0.209059056,1.060860525,1.046150884,0.313428243,0.148020633,923.2073266,880.3843961,62.22265774,200.4028094,3.241274046,1.130001724,1.028361407,0.168284221,0.135497347
138,1,2,8,20,,,1.194265928,1.227456618,2.595613373,389.0049181,-0.430736265,-23.64603294,-0.451187029,-0.219602034,1.054441485,1.104041625,0.208952007,0.157714487,1040.130649,861.9553353,132.6575223,283.2700874,2.442223194,1.041405841,0.983906094,0.229463069,0.114459943
139,1,1,8,21,,,1.172734047,1.18887801,2.639160413,375.4473869,-0.120856088,-29.31075372,-1.919086827,-0.224285605,1.010494471,0.95461022,0.21063054,0.122589615,897.0632346,869.6914628,284.8491262,290.0972865,3.150108433,1.110356969,1.125973235,0.122445762,0.11481466
140,1,2,8,22,,,1.185859334,1.187722569,2.565723932,266.1104918,-0.299896735,-33.63459211,-2.880554273,-0.357353916,1.045096127,1.014622344,0.234531941,0.16110696,894.2838035,802.8218245,425.4713959,191.4452018,3.638006751,1.03893697,0.944010904,0.108739995,0.113774793
141,9,1,8,23,Fails: T1.0,,1.132071475,1.169413048,2.656000852,267.9534858,0.244370505,-14.01110254,-0.256991442,0.343787898,1.060356644,1.133714079,0.125754149,0.14132352,1018.813771,878.8283521,190.0827795,216.2884523,1.922894691,1.091033993,1.027670065,0.23427478,0.149696879
142,1,2,8,24,,,1.217698,1.175089727,2.54120625,175.9085541,-0.195061986,-13.61256805,2.519087228,-0.230053735,1.087477757,0.978374938,0.217715821,0.009545731,842.0324854,815.129865,238.3129929,290.8366059,1.92004633,1.053645457,1.04156942,0.161263521,0.084665967
143,1,1,8,25,,,1.207453012,1.222338452,2.487901702,188.6525583,1.507142987,-27.79035538,1.463434308,-1.228933157,1.080103508,1.085504972,0.167712034,0.110234861,854.8336715,886.1016173,266.4470826,208.5602328,4.357990506,1.047204208,0.927466536,0.196968643,0.18882079
144,1,2,8,26,,,1.153086327,1.222292308,2.54030425,280.0547728,-0.503480901,-26.48773289,-2.485280549,-0.679697588,1.054307606,1.075855295,0.239889723,0.073724731,827.192693,924.8411581,189.6726319,398.401619,5.339617607,1.115138987,0.916681169,0.174747045,0.04580001
145,1,1,8,27,,,1.192173638,1.219267313,2.492359706,488.6838343,-0.237640047,-19.55736933,6.428328985,0.348983994,1.105877205,1.081940178,0.068634692,0.057517256,910.0881041,856.1594717,226.1991202,439.2492345,2.961595404,1.069040343,0.974303636,0.176146457,0.090006777
146,1,2,8,28,,,1.185164297,1.182161235,2.558592765,343.7337334,0.544988198,-11.65042775,-0.295502364,-0.116429279,1.006345721,0.960729938,0.174565721,0.118944007,924.9912831,838.5784472,185.9504895,257.5436133,4.037686415,1.052365119,0.997215679,0.163088658,0.126592791
147,1,1,8,29,,,1.203666923,1.191250838,2.601768312,173.569355,0.054818383,-14.22859682,3.412513077,-1.227951937,1.064694554,1.122479604,0.162917541,0.122558359,924.1850022,956.1703289,259.0197373,135.1193793,2.649417998,0.967684142,1.112096683,0.253864714,0.169823154
148,1,2,8,30,,,1.207576169,1.207330287,2.553456496,340.2974814,0.107660781,-19.78369852,5.623571484,-0.883044003,1.041617492,1.035354688,0.167943119,0.088734601,939.5600881,810.3807824,254.4764067,260.2707244,2.214698924,1.057534517,1.145669433,0.213713667,0.141507171
149,1,1,8,31,,,1.186614394,1.198625504,2.513744382,348.1479155,-0.271995207,-26.83187595,1.038998671,-0.497913525,1.118974363,1.043608848,0.352487072,0.141146639,924.7731232,820.8187856,211.5318715,295.6230934,4.132170417,1.075517115,0.979357296,0.181132563,0.130839205
150,1,2,8,32,,,1.182125417,1.188442679,2.640051925,467.3503524,-0.590957864,-12.58503713,0.885237441,-0.265854595,1.077640007,1.017372803,0.070219645,0.187635617,849.9611857,994.2987229,172.1000838,180.7068332,4.241514777,0.98893012,1.062844729,0.229367574,0.164986074
151,1,1,8,33,,,1.191721731,1.208537019,2.528169825,295.1971213,-1.309145458,-10.62819048,2.61005499,-0.973973744,1.068837878,1.056526374,0.174180096,0.186779773,1049.591613,857.2208718,25.17666387,194.6624925,3.269574263,1.086662658,1.059949491,0.21139872,0.137441536
152,9,2,8,34,Fails: T3.0,,1.166684458,1.195795001,2.550557681,144.0667982,-2.072493896,-19.21120881,6.065883028,0.484982764,1.083312264,0.980298919,0.134938934,0.131876164,988.5874727,847.1813068,189.9365868,202.3226291,2.671842295,1.108184988,1.098941655,0.224455408,0.047901427
153,1,1,8,35,,,1.210952374,1.217619593,2.527395206,303.8471641,0.512512433,-10.84636776,-1.976250095,0.108121218,1.040189466,0.990314133,0.20706855,0.19528404,917.5324989,861.7930325,324.9780066,146.7614412,4.288156169,1.103302667,0.984373261,0.246806697,0.124698469
154,1,2,8,36,,,1.192349598,1.252952788,2.5134468,284.3589875,-0.970621553,-13.66493596,2.843880847,0.048243303,1.147363844,1.007056702,0.218521445,0.104251355,969.0475814,978.8893027,205.6853051,319.0861213,3.571272122,1.128955484,1.030328921,0.185562147,0.123805015
155,1,1,8,37,,,1.205064394,1.200463036,2.49231683,125.7334169,-0.772244272,-27.01133275,-2.16479702,-1.236491904,1.003672746,1.130057744,0.271248702,0.089434811,887.5069231,843.0025171,83.6390293,427.8153523,3.255028716,1.05061543,1.012973754,0.137647305,0.168904145
156,1,2,8,38,,,1.21341047,1.186180734,2.655406405,345.1403841,0.18379428,-27.36875643,-0.50908847,0.457218059,1.051644384,1.056789695,0.162896409,0.190508438,910.595686,866.8271955,79.18906365,206.7443742,1.219373878,1.114790831,0.9558879,0.212248625,0.092627258
157,1,1,8,39,,,1.188052056,1.18525831,2.458957606,342.8430912,-0.961433997,-30.82847621,1.687311676,-0.688409067,1.101664848,0.991986796,0.263735995,0.146711343,905.7706884,844.8210521,307.6960877,116.085252,3.791952613,1.094093337,0.94097061,0.27860735,0.175257676
158,1,2,8,40,,,1.182976002,1.201646295,2.534885688,378.4711326,-0.515476656,-21.28375634,-0.632038152,-0.877437678,1.109062302,0.991844456,0.177461958,0.072538378,885.6586487,983.5003645,99.25459788,122.5955005,2.039120424,1.097175766,0.955438542,0.140778131,0.179163798
159,1,1,8,41,,,1.179098656,1.232261776,2.58801309,393.7277784,-0.55896736,-11.01238734,0.871152487,-0.458827469,1.104748361,1.01771874,0.246103959,0.061084502,1072.798142,931.0751552,242.1472009,180.6854102,3.770794788,1.064412024,0.890153983,0.177421502,0.188773883
160,1,2,8,42,,,1.212160082,1.218837405,2.550413891,418.8522733,-0.161488904,-21.42307884,0.965342935,-0.687219117,1.07673582,0.983325771,0.219895951,0.16187858,990.5689828,894.7599992,292.7231091,267.0222833,3.973301724,1.114921262,0.924024935,0.297943497,0.169989997
161,1,1,8,43,,,1.235327569,1.168847533,2.522411568,287.1868475,0.266493817,-31.73132438,5.036460207,-0.733205313,1.011444203,0.931048145,0.153073628,0.181684514,945.0476621,871.2824624,349.1473598,46.11807112,4.039551843,1.143245628,0.96019724,0.17656048,0.139026835
162,1,2,8,44,,,1.18599668,1.184570964,2.563417947,208.1803157,0.566171158,-17.16026708,3.119481929,0.437405878,1.014209316,1.091913878,0.197191126,0.094938142,1026.341386,839.5676506,14.83777578,360.0344598,3.070146364,1.095417902,0.944091269,0.273926961,0.094684792
163,1,1,8,45,,,1.189958506,1.256650139,2.5612971,338.8116185,-0.520001333,-32.49163716,2.103104236,-0.344378347,1.047208301,1.079394801,0.179678645,0.118514818,978.1266652,979.3443179,277.4480821,188.7851544,4.130186186,1.118778968,1.057529443,0.200590144,0.096475436
164,1,2,8,46,,,1.189170833,1.206178396,2.556834678,243.9803293,-0.179979124,-24.8633785,2.904693941,0.408104257,1.084841176,0.984846234,0.17123749,0.142252535,1133.197968,998.5778671,258.624751,149.7433102,1.864151189,1.063796623,0.949879885,0.257259748,0.108233524
165,1,1,8,47,,,1.206722105,1.192053294,2.54881449,449.473669,-1.069610657,-30.23485083,-1.981762881,-0.473399114,1.023086624,1.013587586,0.199280837,0.047493147,989.436167,1027.26579,158.4689303,263.386552,1.25052391,1.135014507,0.981151744,0.111585997,0.166096271
166,1,2,8,48,,,1.182942494,1.198244679,2.577618146,246.4279893,-0.426998414,-14.22506355,1.173893692,-0.627528164,1.026189237,0.941772383,0.252514089,0.085240478,926.2316818,857.9952646,245.9848836,116.7078459,4.229214903,1.128579998,0.880524902,0.174878923,0.177240843
167,9,1,8,49,Fails: T5.0,,1.200696777,1.235765642,2.531753535,318.7752272,0.679531132,-23.81243996,-1.720224708,-1.141580642,0.975416322,0.978880517,0.197072128,0.11011619,693.4798055,722.3441496,73.35426942,249.6929447,2.686488722,1.132631238,1.076563074,0.167328217,0.158767861
168,1,2,8,50,,,1.202611566,1.238841099,2.537073989,375.4340959,0.314036787,-5.370745805,5.294454817,-0.220276155,1.017129687,0.992746807,0.202988305,0.12176505,872.7593714,892.6174973,167.6315293,222.8711885,2.193466146,1.02982844,1.109403451,0.268423263,0.17270566
169,1,1,8,51,,,1.209150594,1.203753932,2.530981295,351.2925743,-0.107823691,-27.66914259,2.022081233,-0.858805351,0.974928477,1.062176836,0.276143679,0.212475994,928.4323366,909.2899227,208.0942192,121.8903669,4.189228844,1.069250401,1.009335053,0.229331797,0.109680247
170,1,2,8,52,,,1.197238019,1.194907256,2.597550252,265.167776,0.328851163,-22.2068173,1.41999194,0.023551533,1.035880421,1.021449036,0.155724585,0.165543481,965.976911,925.7724598,275.0320242,209.8996125,1.550190573,1.020185152,0.962186469,0.223823229,0.152319283
171,1,1,8,53,,,1.186849377,1.197062853,2.59687368,215.2669794,0.212203388,-26.02428259,3.759884235,-1.15559425,1.109500428,1.024785972,0.240039209,0.05517229,1069.505772,781.9365749,151.1022634,292.2883091,4.299433296,1.127086095,1.004312444,0.222268195,0.057214668
172,1,2,9,15,,,1.201026695,1.165279512,2.491179537,172.9169087,-0.978297884,-27.39817756,-1.078052047,0.371788364,1.031626761,1.128320936,0.182636785,0.137878596,1063.421466,779.5736811,338.9594521,179.6901672,2.630171356,1.105996168,0.971658623,0.241051317,0.114811731
173,1,1,9,16,,,1.176548111,1.178563638,2.536947392,319.7590436,-0.126942896,-31.54424685,2.75975774,0.353113298,1.009661159,1.094444372,0.173740637,0.121187468,878.9324464,1009.499114,78.832123,242.7668458,4.42521916,1.098215075,1.134716667,0.181029676,0.144107545
174,1,2,9,17,,,1.204645469,1.218281117,2.6395745,418.8290733,0.789460635,-9.7340354,0.472623276,-0.360000718,1.036099607,1.052807271,0.146411969,0.186014508,1021.4646,895.4824196,294.604315,288.8096671,2.964196922,1.024414332,0.946725736,0.202735144,0.119939776
175,1,1,9,18,,,1.209132229,1.187474594,2.636292142,208.9766506,-0.94427571,-12.76694494,0.120798001,-0.661769791,1.054286208,1.162081896,0.199946722,0.143981263,1102.35035,953.4861941,271.7181694,302.4295182,2.500241428,1.069624207,0.989326859,0.226791286,0.165175806
176,1,2,9,19,,,1.189467921,1.239730083,2.577145326,272.101085,-0.740168118,-9.610262671,5.355775805,-1.781895879,1.084415921,0.982523921,0.158927038,0.115628007,976.7684859,978.51666,52.65959388,136.0723153,4.768614361,1.108666675,0.920953923,0.251126805,0.110198896
177,1,1,9,20,,,1.204290256,1.204549882,2.576634168,163.9264612,0.196989782,-8.861737354,0.241606584,-1.271815634,1.041189911,0.95922335,0.106731313,0.124547343,1081.938149,926.9502091,59.14708104,270.2756003,4.820665344,1.080660991,0.977822047,0.181061274,0.122623093
178,9,2,9,21,Fails: T7.0,,1.215162892,1.235243583,2.644968461,394.019963,-0.359104943,3.945307541,2.23463168,-0.311208065,1.099912293,1.051953424,0.143139076,0.102256613,848.7247697,934.4298695,41.31217441,280.6232344,4.108400982,0.938446207,1.012441744,0.200648042,0.148925492
179,1,1,9,22,,,1.191859046,1.209443097,2.561426509,187.0875842,-0.574347856,-28.74253607,4.970182322,-0.020507969,1.123697356,1.108338505,0.192939664,0.119709401,956.4865224,885.0984235,384.0478595,215.0365821,4.699838876,1.047878843,0.971131005,0.257101481,0.223007626
180,1,2,9,23,,,1.175802794,1.199470054,2.545988555,215.0192033,0.218601532,-26.48575741,1.973843871,-0.825958167,1.037075342,1.141877969,0.232621514,0.130021274,1064.810487,881.7256673,295.1864457,182.0375497,4.502643322,1.105073762,1.034642417,0.195415748,0.10829925
181,1,1,9,24,,,1.230673026,1.233887977,2.592885693,272.086954,0.832409455,-32.71447114,5.05934809,-0.119118527,1.030803231,0.957866188,0.152724134,0.14256085,920.9640015,864.3855689,257.3006205,224.9046043,4.914490149,1.053686492,1.082841547,0.220058468,0.087982617
182,1,2,9,25,,,1.202586858,1.237404029,2.59384445,190.3188657,0.538170356,-3.357516677,1.850102838,-1.189484744,1.083206362,0.880145691,0.178033287,0.131406125,1000.170028,729.3436859,219.4423418,272.1903501,4.476622404,1.073280766,1.008088232,0.167943334,0.113585778
183,9,1,9,26,Fails: T5.2,,1.206003719,1.222051805,2.492819289,258.8380417,-0.203908116,-28.13138496,1.021176082,0.079610251,1.083166127,1.028632375,0.157386671,0.045033604,1013.31054,886.5686648,-12.53789774,277.0700586,4.181934364,1.073776329,0.965143116,0.222665314,0.121068168
184,1,2,9,27,,,1.222338015,1.204573702,2.600587692,335.2406229,-0.752046733,-30.23355813,4.256943123,0.493293322,1.033496473,1.078735104,0.261641842,0.182352358,859.0573568,871.5041078,236.2864055,184.2698702,3.52710383,1.128536562,0.991553629,0.159323738,0.14775566
185,1,1,9,28,,,1.192878325,1.241601687,2.571807854,303.1413019,0.930642154,-9.477295882,3.010795994,0.234001319,1.047995241,0.881599261,0.237578548,0.208761235,848.188845,1047.142996,285.5265259,259.6150171,4.187859351,1.122018004,1.070850487,0.298941291,0.103049777
186,1,2,9,29,,,1.143819037,1.17742518,2.595843953,186.1552755,0.146777203,-32.38688365,2.290653896,-0.454595761,1.061403064,0.988569332,0.173200045,0.121463063,1032.960465,852.844617,304.2615717,167.6508479,3.887022569,0.973065662,0.991344714,0.050367719,0.175619304
187,1,1,9,30,,,1.19639827,1.222364382,2.592206514,368.2493893,0.282576721,-26.00475237,-2.991605179,-0.733518318,1.074142081,1.044659988,0.198037843,0.170832293,875.9462988,896.9520799,217.6757096,264.9738363,5.699639263,1.091805021,0.963623156,0.187815423,0.089075514
188,1,2,9,31,,,1.211008264,1.181365541,2.482055061,85.38827379,-0.828816508,-9.981193822,2.535627491,-0.595773582,1.026968584,1.06384571,0.233051275,0.064760073,868.2868665,1001.662753,111.5520839,244.5682905,1.441173601,1.09016415,1.042895426,0.157391937,0.14577667
189,1,1,9,32,,,1.170821044,1.207718862,2.556584408,166.1354703,-0.101352747,-29.49704142,1.894373799,-0.982089532,0.990161928,0.945300186,0.243590273,0.150989392,1024.170383,948.7851843,235.8657182,357.5075841,3.461373276,1.057601096,1.025269408,0.127579747,0.152787816
190,1,2,9,33,,,1.240045755,1.21459143,2.696132445,272.5185026,0.260249257,-33.90869616,1.013643974,-0.242470452,1.065836442,1.052257956,0.208026765,0.125126136,1002.064068,839.0439785,322.233533,326.095005,2.506996555,1.084711921,0.927801245,0.258312636,0.174289663
191,1,1,9,34,,,1.180903916,1.220067937,2.666885095,191.0105838,-0.055410331,-25.95836206,-1.617134317,-1.261135275,1.094633545,1.169215993,0.192065425,0.046566076,806.2132744,951.3185288,274.3099096,277.3647471,4.502615683,1.049054228,1.001502966,0.353481624,0.157873611
192,1,2,9,35,,,1.162597748,1.23137364,2.515430257,340.979728,0.653692404,-11.95337324,1.451234042,-0.276633232,1.103743761,0.992831956,0.260055216,0.074009076,1014.897964,694.4540065,320.4470517,311.5939501,5.991993211,1.052233273,0.977903028,0.233154245,0.143314297
193,1,1,9,36,,,1.165439976,1.213950332,2.511204173,419.8886026,0.232719427,-3.077978988,2.158659613,-0.713742833,1.039910669,1.025780224,0.098281854,0.157044384,881.9994992,919.0882318,108.0610451,185.7236819,3.620423265,1.049146832,0.956192364,0.165022531,0.096350115
194,1,2,9,37,,,1.202017269,1.206832755,2.541336656,328.5772752,-0.362199375,-28.84108174,2.510941368,-1.500299971,1.05759183,1.014112538,0.188185802,0.131702259,951.649186,769.6110984,299.6499009,310.8944492,3.951662721,1.0629828,1.093905135,0.224274447,0.058406154
195,1,1,9,38,,,1.198818813,1.215386607,2.508724644,328.2829381,1.291703283,-33.94188275,4.308683953,0.576298493,1.047718874,1.04444693,0.269137581,0.110007902,1065.625103,1057.879526,264.1320466,233.2961835,3.011179342,1.041047604,1.112175546,0.178097679,0.162737259
196,1,2,9,39,,,1.199336336,1.223945035,2.608625282,312.3844402,0.415846326,-26.34530441,1.130944015,-0.782437489,1.088838427,0.985155437,0.131311969,0.13516761,1058.603948,897.7525959,186.002745,361.7940828,1.940758107,1.055331062,0.982779697,0.236126379,0.180963888
197,1,1,9,40,,,1.187946875,1.16729816,2.566798683,285.5953753,0.073525094,-24.4747214,-0.6824376,-0.58841887,1.013788528,0.99173847,0.203469312,0.092020973,914.8520487,833.535878,256.1140179,241.0070183,4.957081125,1.164087788,1.021785986,0.211035847,0.110007051
198,1,2,9,41,,,1.201887594,1.235828069,2.520532224,189.9768266,-0.242835737,-15.11797482,1.811584874,-0.494069603,1.121152536,1.007434248,0.14774815,0.092539779,1056.852957,746.6313575,286.7350363,411.3351939,3.943567122,1.122067637,1.093546696,0.15356456,0.122064813
199,1,1,9,42,,,1.200201865,1.21532191,2.534593925,331.714292,1.14125413,-8.718428174,0.979581784,-1.346720578,1.023345469,1.075697837,0.176002637,0.170296855,982.3390406,790.9708719,231.994836,166.5085326,2.358295309,1.043829782,0.951388239,0.250698286,0.162055249
200,1,2,9,43,,,1.214755881,1.222268962,2.711515691,367.2989759,1.30435792,-10.55717811,-3.400641126,-0.210795056,1.121191893,1.019405066,0.251921587,0.08232356,984.4639205,896.5879685,244.010284,197.3886664,3.679839481,1.107874191,1.01496251,0.261308215,0.153043075
201,1,1,9,44,,,1.197831209,1.215009206,2.587571815,110.4818874,-1.124943266,-25.04361481,4.172681574,0.713852021,1.017806771,1.087909835,0.172174819,0.069262542,946.8547979,828.2587307,116.4254274,412.7768069,3.054641462,1.071113344,1.022317254,0.087720529,0.144675396
202,1,2,9,45,,,1.189833995,1.184830214,2.638824199,474.0109043,-0.59077648,-11.26872701,-5.131793765,-0.314622002,1.083107562,1.048887857,0.188223567,0.101093294,1012.660091,902.9196838,135.1406986,231.343427,2.732301321,0.993754968,1.014025128,0.155626421,0.163360375
203,1,1,9,46,,,1.173638734,1.229756233,2.465458416,367.848243,-0.602244891,-34.38415383,2.658201745,0.643766312,1.021814751,1.078053268,0.170701332,0.096367374,879.3414229,817.4919077,241.7554506,136.3863604,2.104338712,1.117197109,0.958644533,0.267489197,0.179834049
204,1,2,9,47,,,1.203237576,1.232460793,2.492024669,408.5831895,-0.718672373,-33.09765025,1.193367909,-1.217606512,1.106997692,1.050677258,0.166062861,0.068447127,843.5439821,1024.421495,334.2797404,393.7511493,3.094024598,1.083739473,1.020909385,0.139948151,0.099489299
205,1,1,9,48,,,1.182161977,1.217423282,2.652139521,268.7241856,0.389911341,-5.155321385,-1.842085593,-0.031776774,1.053608533,0.9289575,0.116875563,0.107662458,905.9737528,1061.44953,132.6509441,399.0332518,4.501565393,1.010694958,0.951160288,0.14307646,0.064473375
206,1,2,9,49,,,1.177696003,1.206608437,2.529150314,280.1927263,0.870575452,-11.70041359,1.478367228,-1.293106896,1.01160892,1.00602993,0.197173404,0.120659163,858.9123203,961.0898955,347.1675276,302.7844913,2.338435782,0.992792669,0.930363833,0.201962524,0.10408588
207,1,1,9,50,,,1.205706303,1.193887827,2.556761318,327.8934434,0.416304289,-12.16572058,1.818415529,-1.342434645,1.010451025,1.013167156,0.124521622,0.077513649,907.5903211,688.7595441,163.7321184,287.3115782,4.214575637,1.081768721,0.953350889,0.169787216,0.096318654
208,1,2,9,51,,,1.157301698,1.198280596,2.58776851,313.8259287,0.397380642,-10.55331538,-1.095715222,0.047494035,1.150534152,1.01023577,0.218868467,0.148941445,759.2273294,862.7363943,316.9332189,284.6848701,5.321877808,1.056191239,1.043417757,0.221295116,0.128658456
209,1,1,9,52,,,1.182016639,1.238115465,2.537749538,386.0411835,-0.700956974,-28.12599433,0.406907536,-0.416944652,1.040857274,0.945709716,0.038649587,0.092785339,883.8592513,906.0233434,27.14995564,268.9116758,4.246804286,1.147016337,1.026577437,0.164622591,0.144015184
210,1,2,9,53,,,1.153454555,1.219185041,2.612933017,375.368702,-0.385604267,-16.86294069,2.637506719,-1.229392424,1.05891918,1.060948342,0.11202698,0.123468396,954.5495262,756.4990945,353.9495005,242.1307519,2.552311909,1.074125422,1.046604048,0.115193605,0.17517807
211,1,1,9,54,,,1.215865398,1.20354542,2.591799681,338.4589093,-0.37520532,-44.61080856,0.568741287,-0.96342175,1.041222897,1.018157861,0.110276993,0.054376813,942.3905879,913.8586352,305.5218786,359.4808204,4.887241833,1.125285893,1.003594903,0.102940934,0.116930069
212,1,2,9,55,,,1.201712781,1.211056651,2.527732686,265.9669007,-0.301386976,5.458882723,-2.259328606,-0.52744276,1.069642812,1.164723698,0.196610817,0.176155576,968.8989737,778.3727588,137.1002734,287.3872684,4.002298834,1.033454647,1.07567994,0.135552536,0.094130451
213,1,1,10,14,,,1.165759741,1.221846107,2.584697977,271.9173063,-0.348858828,-21.65041783,0.245726358,-0.075806077,1.033918092,1.102291515,0.206131741,0.163200641,968.3324501,845.020343,223.5064844,249.3847957,2.777270254,1.070472776,0.901191272,0.203441996,0.133076909
214,1,2,10,15,,,1.218158388,1.203903769,2.472222273,254.6452453,0.137733383,-19.90147008,7.407931267,-0.087142247,0.987973682,1.109637729,0.084886756,0.220483279,1010.899815,998.3506036,165.147605,291.8176718,4.392569061,1.010292049,1.057304024,0.156067922,0.122750602
215,1,1,10,16,,,1.193949324,1.183036497,2.594166493,116.6527457,0.420643585,-15.85881312,0.750672028,-0.300400574,1.18104008,1.10185463,0.153707631,0.092793983,1056.818299,948.9014926,184.2413471,220.5938081,3.772056627,1.036909758,1.144818872,0.024014771,0.174183635
216,1,2,10,17,,,1.204457548,1.201370844,2.590212929,215.3165645,0.329705295,-12.15510449,0.516658106,-1.271594882,1.074703894,1.007025349,0.087248962,0.153621676,875.624376,976.7828768,290.7012077,303.4057621,2.881513743,1.052210126,1.017490101,0.108016487,0.13908642
217,1,1,10,18,,,1.18851991,1.212561049,2.531749205,314.4418658,0.003708121,-24.07983379,1.421823377,0.494847345,0.973057204,1.054754589,0.265523494,0.132987742,985.9125547,893.2615046,261.6287822,148.2955176,5.127944856,1.074496937,0.940269471,0.205175329,0.108653971
218,9,2,10,19,Fails: T5.3,,1.170629223,1.191172131,2.528247777,310.414792,-0.213042468,-0.207265061,-2.379189293,0.152067209,1.035337065,0.96378808,0.26768591,0.064885721,920.658293,851.4598809,174.0766758,502.4334683,2.890541396,1.073234495,0.938012309,0.173022169,0.152475134
219,1,1,10,20,,,1.233767398,1.21680704,2.600361647,395.6408369,1.207469391,-1.354729154,5.555005124,-0.470004528,0.967476304,0.990890852,0.237676865,0.138102167,971.2577757,884.749878,235.9183189,271.6794261,4.607922499,1.064181528,0.96211125,0.216779617,0.142652467
220,1,2,10,21,,,1.207516037,1.229394729,2.61952544,415.7866297,0.365420165,-31.90497701,-1.940433154,-0.07316328,1.126890137,1.061052402,0.162603942,0.156502572,851.5430456,905.8736396,195.1025928,220.1030121,3.603906051,1.160936711,0.915153389,0.231055382,0.133295502
221,1,1,10,22,,,1.182366967,1.194464638,2.506633343,273.1500051,-0.059148398,-44.95475996,4.091281916,-0.342378446,1.105061432,1.057708553,0.256023608,0.061533241,984.5756631,873.9017169,123.5069897,284.4337481,2.511787196,1.082489738,1.005973025,0.196846221,0.193709096
222,1,2,10,23,,,1.203073199,1.232647228,2.494212091,336.835411,-0.070969925,-41.30174013,5.245886976,-0.221443236,1.030047813,1.078611407,0.156080253,0.170751467,918.1596388,798.4434695,212.291184,169.4951961,4.421797014,1.120046058,0.969393995,0.229959968,0.085712831
223,1,1,10,24,,,1.23393912,1.212868459,2.509640726,455.8591859,-0.269064171,-13.82014047,2.88212889,0.651696916,0.988989602,0.9970577,0.16912717,0.153338861,961.875105,845.2685,197.1167203,293.4919565,3.890980305,1.077270392,0.987210366,0.221796895,0.151121454
224,1,2,10,25,,,1.184043721,1.213697216,2.574497186,280.1928161,-0.543673035,-32.51415327,3.669098135,0.050309357,1.059506218,0.924839039,0.247336331,0.114028184,798.3458528,923.4818245,201.4959598,355.2875824,3.888217062,1.062841496,1.148346677,0.281878311,0.136352507
225,1,1,10,26,,,1.16412797,1.207547358,2.599296038,507.9534089,0.026453738,-23.56479804,1.131190303,-1.267757281,1.030378421,0.941449074,0.216379457,0.10022755,767.5691424,1001.549985,204.0094272,214.9505882,2.488769826,1.070393599,0.977338038,0.209538088,0.135632338
226,1,2,10,27,,,1.197572795,1.207693208,2.643185778,49.46113216,0.057386346,-3.527848383,5.592990186,-0.250129174,1.021405271,1.00985236,0.136185987,0.148163486,887.6749071,782.6447442,101.1888414,208.0784848,3.932262744,1.051162479,0.970224234,0.200567843,0.137886849
227,1,1,10,28,,,1.17669234,1.194466561,2.543059761,317.2904813,-0.54045243,-6.499734245,2.899303177,0.417659246,1.041323258,1.116881845,0.159098523,0.15392285,946.3858442,745.6427556,216.2996585,260.3100196,2.947580853,1.121343442,0.947817648,0.305028762,0.120866807
228,1,2,10,29,,,1.203993839,1.18100594,2.616102548,237.3932203,1.026352922,-16.05704129,1.184559061,-0.364660496,1.049564714,1.087916193,0.195234386,0.156138424,1021.98508,832.5911554,343.4420781,276.8056186,4.703376746,1.093523924,0.989088816,0.22216294,0.164889522
229,1,1,10,30,,,1.16075295,1.195235266,2.607358721,374.9251816,0.194235507,-23.89097249,1.60031575,0.450236961,1.046709442,1.121586899,0.344150064,0.113164922,955.1779299,950.7648532,171.0615006,310.6977221,3.780204151,1.054859123,1.007068579,0.115087914,0.171123536
230,1,2,10,31,,,1.174698772,1.231008619,2.584138546,168.2766311,-0.10282771,-8.571968296,2.860320072,-0.536771252,1.079029521,1.104769583,0.143946148,0.093206701,1071.244574,817.3671832,284.2063193,284.3320035,2.251172176,1.013017551,0.98596921,0.153473012,0.202708795
231,1,1,10,32,,,1.212418268,1.211912582,2.507020283,382.2132811,-0.668464914,-15.52070484,-1.240903867,-0.671533215,1.018126894,1.06749591,0.14659252,0.105543793,1071.233898,973.8255306,56.9638759,344.4723539,3.20694831,1.087106945,0.973037961,0.230787862,0.127373082
232,1,2,10,33,,,1.181625454,1.207274582,2.709870827,147.9326503,-0.535540871,-33.51578557,2.399877528,-1.082670984,1.038279883,0.946591697,0.218910409,0.119725072,1077.385151,892.7631255,180.4088912,193.2228199,3.30077604,1.069061101,1.011869226,0.151357815,0.122687641
233,1,1,10,34,,,1.192172916,1.229470677,2.567022645,192.916425,-0.092775269,-10.53785195,-1.722772527,0.319707764,1.06919476,1.058291661,0.235801222,0.077158733,1073.643156,1019.400898,264.9746223,176.1332573,5.301757278,1.060464925,1.043017056,0.216941476,0.107574215
234,1,2,10,35,,,1.176520941,1.209334553,2.610728738,331.0948457,0.643415047,-4.436566071,-0.812384481,-0.394248525,1.017854566,0.991090007,0.267411951,0.123379838,913.4255513,896.5293149,171.0161784,281.0659149,2.598741605,1.0504725,1.005802362,0.131700829,0.096539518
235,1,1,10,36,,,1.160114793,1.214186495,2.632611423,297.2621291,0.25688612,-15.09968679,0.875845928,-0.685533111,1.033650346,1.161234321,0.182026797,0.181843528,893.7888367,1122.256952,251.1817064,354.1581148,3.135929317,1.103156634,1.008510694,0.19139732,0.087716173
236,9,2,10,37,Fails: T4.0,,1.161491164,1.215198276,2.56858626,221.4898846,-0.859645622,-36.45678289,3.280179035,0.666086463,0.955687648,0.984167375,0.189536423,0.116211663,916.9244779,790.6132788,122.6705746,256.2058854,3.082660699,1.101264486,1.033755169,0.249011862,0.100869487
237,1,1,10,38,,,1.240341464,1.232566603,2.711438112,570.1011075,0.309078899,-17.96432838,0.327282114,-0.212053582,1.067549181,0.915929758,0.198678811,0.160746723,811.5377505,800.47431,251.5807568,261.8226472,4.866032922,1.08766137,0.976969179,0.182603016,0.175107248
238,1,2,10,39,,,1.20738327,1.182872533,2.552695729,360.1496451,0.407081366,-24.48588002,1.673915928,-0.437713251,1.096778381,0.929693854,0.097569325,0.040630474,939.4633985,958.6373643,249.1477909,91.4756651,3.884118556,1.103708227,0.906392211,0.2399364,0.143066477
239,1,1,10,40,,,1.247517186,1.232438483,2.518666317,265.7209748,-0.796145311,-25.84013839,0.016160992,0.186973952,1.00517123,0.937693126,0.122257453,0.15009249,885.9839945,836.0715095,239.6107908,282.3245557,3.174069495,1.056580905,1.014691111,0.205872117,0.14329422
240,1,2,10,41,,,1.208279911,1.245590533,2.521789665,194.7566351,-0.531232556,-14.89687356,1.588510178,-1.255586829,1.108599828,1.03509484,0.204533631,0.117004557,949.9205952,979.8593752,162.6121901,272.8025112,3.892555185,1.072544716,0.976981687,0.264233693,0.098835978
241,1,1,10,42,,,1.236078186,1.246915254,2.474384674,280.5989856,0.465124139,-7.507724929,3.684439231,-0.567105575,1.044884078,1.017856365,0.12908084,0.086971957,838.0223624,972.2262897,150.5094415,174.6193119,5.683281,1.113038144,1.021464861,0.156805384,0.151065941
242,1,2,10,43,,,1.210183954,1.212264359,2.585294813,452.6953615,0.10648217,-17.84729426,6.185418244,0.039898956,1.097574708,1.082691867,0.24383193,0.08228221,955.2788163,942.7621816,191.8764942,275.1376812,2.457811249,1.049871169,0.915836805,0.087576376,0.197271524
243,1,1,10,44,,,1.200569172,1.173485635,2.543719988,414.4531714,0.285356752,-16.66078878,1.157499959,-1.130839186,1.065671402,0.998925341,0.211148895,0.098614783,896.8917511,972.7686497,224.3408039,244.8383074,3.886294512,1.118951936,0.981152892,0.284562631,0.192202531
244,1,2,10,45,,,1.182133559,1.194990869,2.418857833,222.4116701,1.33474911,-29.69845713,5.54638491,0.441387679,1.120766088,1.049582348,0.196997161,0.094105012,969.3482868,1041.710566,47.22529884,363.3266929,4.52359955,1.009307929,0.99304232,0.171765227,0.144948798
245,1,1,10,46,,,1.233233014,1.179761871,2.49445245,359.2559685,-0.183687086,-12.91629107,0.485941351,-0.239701246,1.028811452,1.014236222,0.280678092,0.068554973,1027.135531,943.9585473,276.0374339,170.4242915,3.577314162,1.11755166,0.964487915,0.155795583,0.162102663
246,1,2,10,47,,,1.225678804,1.237464455,2.423099719,521.3913411,-0.738492782,-14.60028001,-1.784965511,-0.694929678,1.032013159,0.986940328,0.097944111,0.115151495,852.7887791,790.7378322,251.2773329,218.2157598,2.966161217,1.060515836,1.079929186,0.176918622,0.170161173
247,1,1,10,48,,,1.151894422,1.204558082,2.564012198,192.0801543,-0.33231067,-21.50541789,6.630719689,0.572661967,1.094632974,1.001812877,0.171822658,0.094521892,946.0727624,1108.394698,80.62605599,175.9955674,3.839407752,1.11316268,0.970177572,0.17933159,0.095325447
248,1,2,10,49,,,1.195912631,1.221570624,2.642580299,275.7324678,0.05469928,-6.627837562,-2.445192313,0.02881163,1.02668819,1.088724268,0.255744663,0.108420252,1071.217852,997.6431319,322.5394179,72.02542368,5.261697629,0.992997408,0.842431548,0.191643349,0.100895386
249,1,1,10,50,,,1.200321583,1.224172719,2.54590941,178.4159849,0.124812594,-24.59828404,5.676326912,0.244286624,1.074793776,1.044803631,0.248171513,0.096916146,956.5611061,797.4118019,296.0814729,173.9660576,2.868459225,1.118235559,0.953380291,0.137521681,0.129863467
250,1,2,10,51,,,1.212756964,1.232340989,2.54761983,159.5993515,0.084814402,-34.61543369,1.534240408,1.127057822,1.129615793,1.002400063,0.114729066,0.127654056,717.9626837,896.186203,154.9955712,324.0674523,3.450570468,1.069407555,1.0923059,0.091829026,0.102947282
251,1,1,10,52,,,1.21694797,1.226041517,2.566475979,280.4352519,0.115855215,-7.51172435,-0.524319609,-0.899923972,1.093880287,0.988380849,0.113107251,0.124729672,890.4964094,778.2597518,215.2316632,226.1083724,3.169042306,1.107807932,0.985807859,0.212751943,0.124753499
252,1,2,10,53,,,1.183633945,1.224865249,2.585973102,268.7377332,-0.353254998,-26.33123483,0.842265785,-1.24970584,1.063662332,1.067514515,0.305741663,0.118809341,1013.236455,957.4327049,255.4630146,357.1565099,1.866489729,0.967664777,1.048039953,0.258548192,0.131784301
253,1,1,10,54,,,1.196236774,1.212307253,2.694311736,240.4876954,0.112587028,-13.87586433,-0.683651545,-0.190259245,1.04756351,1.033263342,0.161428265,0.10322471,1079.165549,732.3754384,255.1667233,217.1380042,2.357908786,1.085769072,1.08049639,0.270751541,0.089402892
254,9,2,10,55,Fails: T4.0,,1.222200188,1.191443205,2.573912466,238.5021659,-0.265451566,-19.09427549,2.265906646,-0.608928493,0.930452823,0.956760484,0.270548396,0.123733674,904.0673697,976.5928444,199.2638299,174.4289408,4.196960815,1.140715605,1.06060814,0.199105707,0.175742378
255,1,1,10,56,,,1.170630676,1.210758638,2.619530163,353.5071281,-0.330558536,-12.54625807,0.718752801,-1.214877746,1.034828734,1.111508538,0.160192686,0.162658216,980.8123793,1026.482953,334.4294518,301.6953626,5.220910187,1.046841533,0.986473203,0.141834139,0.091699
256,1,2,11,13,,,1.170649736,1.22089897,2.568851471,308.6886613,0.431082421,-27.45885948,4.998754699,-0.853512898,1.047560278,1.039686055,0.224316155,0.051961422,959.777674,880.5696435,79.10686496,180.2013264,4.596920854,1.044456122,1.060546263,0.229876394,0.068011096
257,1,1,11,14,,,1.196659382,1.233519737,2.554323942,342.2880675,-0.379920947,-15.6924305,3.220631817,0.341800721,1.046821448,1.067877582,0.298862068,0.140862987,943.2640059,969.010479,82.77533855,339.6154986,4.06838253,1.064119086,0.996788324,0.254810849,0.14463173
258,1,2,11,15,,,1.182209255,1.226638567,2.506081221,313.2772752,-1.15720432,-19.88435823,2.488534843,-0.229110839,1.095403186,0.9865308,0.27979136,0.161722649,936.9045794,955.0859283,170.9020606,271.7311617,2.240953158,1.169168,0.98825416,0.173427869,0.085659874
259,1,1,11,16,,,1.188917669,1.196517632,2.556466629,220.1056199,0.125459366,-13.74665651,-0.899774536,-0.451618806,1.118500625,0.950384439,0.229832485,0.152994951,865.19624,868.8558253,158.4499982,223.4183927,2.686096408,1.086647208,1.060486376,0.243985718,0.145458885
260,1,2,11,17,,,1.179853011,1.212810458,2.473520184,157.3212443,0.673213003,-18.11811443,1.214928166,-0.929235034,1.076425283,1.053526522,0.263880576,0.158783381,890.4487501,941.2550026,250.5563692,373.2020679,3.718917271,1.094643775,1.032552048,0.217011552,0.154097351
261,1,1,11,18,,,1.182691349,1.228712747,2.658309287,278.397696,0.037537094,-12.72942863,1.254955785,-0.899250693,1.102087916,1.026430424,0.21512821,0.072931931,952.6613751,916.0998661,215.8467729,229.4820085,4.717695672,1.039372699,1.056025934,0.254371392,0.124081673
262,1,2,11,19,,,1.180220739,1.212414653,2.635983988,411.0699734,0.295429185,-32.06757683,0.872625932,-0.3585493,1.020016224,0.976027197,0.228239909,0.058850622,911.7083622,862.8754204,269.6300563,357.6428107,4.693397883,1.128418671,0.920550727,0.279631115,0.132300033
263,1,1,11,20,,,1.190021173,1.211197022,2.566885822,375.0811833,-0.161504258,-17.01170323,3.827770161,0.30251111,1.076498888,1.039078176,0.229231809,0.054126815,991.9302288,1021.139318,358.4340347,214.2906843,4.163775625,1.040809148,0.923452796,0.268212774,0.060991049
264,1,2,11,21,,,1.164967365,1.21982504,2.497513997,256.2491417,-0.100700985,-28.41119544,0.246948549,-0.030566733,1.096233513,1.05244512,0.253475498,0.161888028,1020.38393,788.9760599,161.3736771,209.8287796,4.126104467,1.073438301,1.097668799,0.229015025,0.124835831
265,9,1,11,22,Fails: T7.2,,1.209894029,1.193917602,2.474631854,223.8746174,-0.870516283,-23.13608536,2.96435129,0.391989239,1.023203793,1.068474921,0.16482492,0.096942724,987.6002355,987.9484946,188.2807217,140.3362349,3.702647064,1.100349828,1.08993421,0.363441126,0.204786949
266,1,2,11,23,,,1.191295647,1.230785263,2.651872709,319.20628,0.37107015,-6.582509337,6.859920559,-0.78145514,1.031450547,1.115404211,0.218075319,0.101018357,985.137993,747.8029941,159.554864,260.6944772,3.499528353,1.015540842,1.006104741,0.117853563,0.160118174
267,1,1,11,24,,,1.196190887,1.195417431,2.600675917,156.7681814,0.856103306,-16.95982971,4.541375552,0.24633744,1.078819686,1.058396534,0.264034693,0.081806683,1006.918901,897.1460663,239.9432146,221.6653764,4.703265303,1.078360094,1.00204173,0.279042318,0.077087746
268,1,2,11,25,,,1.181113428,1.225378966,2.680875173,119.1426185,-0.502266489,-25.53511252,0.427956222,0.04872208,1.073009696,1.046745243,0.178517424,0.092027765,969.2565335,904.3633802,294.5454882,199.4124935,4.7163186,1.032081333,0.997518726,0.320318028,0.107058212
269,1,1,11,26,,,1.222380306,1.200203336,2.641440649,239.8156569,-0.821208652,-23.55284237,2.53553918,-0.152793603,1.075769947,1.048465817,0.139924764,0.160746431,895.6733236,846.2305046,151.5836892,169.0072335,3.756357843,1.057794969,1.051568961,0.066957161,0.117270971
270,9,2,11,27,Fails: T5.0,,1.166974143,1.230291206,2.48768258,301.0690182,0.592749701,-26.16170744,-2.221075961,-0.345155915,0.978679967,1.043128412,0.149436954,0.118783605,1210.93407,897.983386,282.9692855,370.2596309,3.124496702,1.094195652,1.133959884,0.206472187,0.143791938
271,1,1,11,28,,,1.191366398,1.208366653,2.517761028,402.821284,-1.188915994,-15.07219684,0.586069012,-1.04573915,1.03922114,1.158107082,0.225303001,0.089780037,1130.907621,1038.601354,127.8222777,305.3843699,3.764569675,1.112514942,0.927934404,0.310894589,0.151971356
272,1,2,11,29,,,1.208288919,1.204116391,2.44040761,358.5420619,-0.898491943,-21.54284779,5.086037227,-0.251554142,1.065314506,1.058710182,0.19722575,0.119936126,952.2331271,892.5023154,214.2346608,302.4105434,2.937068421,1.098497298,1.043554976,0.166526483,0.133321051
273,1,1,11,30,,,1.179814901,1.242835911,2.506065945,305.1393618,0.740740437,-16.96552146,2.279093507,-0.571457976,1.122760421,1.014487482,0.113551728,0.031770191,951.8481209,1009.578812,158.4354239,189.5662748,3.310484391,1.12748813,0.886526777,0.139319313,0.139375443
274,1,2,11,31,,,1.169317531,1.224132594,2.440820277,324.4666619,-1.075998311,-29.24426237,1.055122621,0.943136986,1.042777917,0.988424378,0.238329201,0.097542338,811.7379948,1051.047138,139.1497228,225.318293,4.199216869,1.13030382,1.061691273,0.144028309,0.118510345
275,1,1,11,32,,,1.232487317,1.207600557,2.607503723,310.3566813,-0.690488513,-6.07029323,-1.468189215,-0.88250516,1.08678805,1.037641632,0.161512314,0.123369001,1012.639795,854.2965321,243.8418048,288.5209949,2.761552461,1.073170792,0.985517555,0.1821322,0.076806436
276,1,2,11,33,,,1.178722748,1.208640637,2.467831906,283.6621177,0.795583731,-10.93895812,0.744351058,-0.248205333,1.082821862,1.058772693,0.160457288,0.099583501,895.1518538,771.2883894,203.9740487,289.6127728,2.608519435,1.054712707,1.086018621,0.26238107,0.09908478
277,1,1,11,34,,,1.1965907,1.227340566,2.497905478,253.9071996,-0.201304148,-18.3921664,3.873142825,-1.083053771,1.047496358,1.105370757,0.242553002,0.124122252,1046.214407,845.3538067,109.8395726,261.5771287,4.116916668,1.060357854,0.882997697,0.269212918,0.115035985
278,1,2,11,35,,,1.181323145,1.232321608,2.437739424,243.5383338,0.024084127,-17.92557805,5.265823281,-1.297142759,1.116258615,1.013315305,0.087321768,0.081398839,1057.827961,763.6113341,204.593043,191.5302801,3.775174508,1.088436719,0.907898497,0.231338583,0.044656853
279,1,1,11,36,,,1.18566717,1.224633308,2.450447106,280.2745482,0.804235549,-9.355555643,3.371273541,-1.261262708,1.062341381,1.044348734,0.272684682,0.184555549,807.1055965,746.448042,222.3098091,222.8741883,3.992382557,1.000801324,0.966764739,0.067082125,0.179553508
280,1,2,11,37,,,1.206677954,1.196804547,2.668888067,160.0045477,-0.255819461,-23.68803243,0.727289859,-1.329266044,1.017546602,0.965720418,0.151594848,0.045516483,1042.46405,1011.482604,254.9081586,331.1589499,2.678966493,1.083798331,0.96912984,0.208418663,0.207287111
281,1,1,11,38,,,1.160437348,1.186287778,2.504025094,468.3629559,-0.079723931,-23.37979492,2.867289031,-0.679822922,1.024611542,0.961069181,0.135647118,0.11969535,907.2749397,874.025283,96.57541534,314.4451066,4.494695811,1.1836493,1.00805687,0.223010206,0.118770328
282,1,2,11,39,,,1.223670378,1.212392413,2.633498549,311.7119112,-0.018586443,-28.85672321,-0.575260258,0.146445428,1.060908377,1.061257598,0.101815923,0.144812628,941.4398683,988.7923167,168.6646744,232.8313841,3.914016873,1.010611862,0.900177275,0.306848224,0.159159815
283,1,1,11,40,,,1.196016237,1.193195375,2.50963102,460.2673928,0.0896051,-36.46077978,-1.223757053,0.118210861,1.065154537,1.108997157,0.311705041,0.154618044,893.6535328,845.6185711,241.7310094,238.825871,2.822393304,1.061879402,0.962596993,0.062273661,0.09954897
284,1,2,11,41,,,1.173020103,1.190323738,2.493136134,148.3134961,-0.673628318,-27.40741183,2.320454047,-0.391070662,1.109517158,1.014888535,0.249174939,0.09862361,1044.028417,967.4545138,213.1931957,285.567121,1.924798785,1.108002767,0.999468818,0.263044587,0.051592909
285,1,1,11,42,,,1.174534287,1.190363157,2.571699734,155.9580713,-0.22470785,-15.23027345,3.05680048,0.06619223,1.059921454,1.079775007,0.137883295,0.119482735,815.9738467,865.5194955,131.0153879,297.013494,3.937082789,1.020286487,1.073326114,0.133903864,0.133327942
286,1,2,11,43,,,1.163662636,1.227692796,2.545142141,84.48161214,-1.361888968,-3.940846796,-3.251971297,0.853878276,1.031098663,0.990203234,0.221378425,0.189187628,991.0193985,904.9284841,38.4174055,136.5682536,2.838102992,1.038242714,1.004492351,0.129560967,0.120736247
287,1,1,11,44,,,1.179027591,1.173514869,2.593917993,307.4865576,-0.741372047,-35.27107123,2.499813167,-1.023455565,1.147492996,1.043312683,0.147634124,0.187666,871.3685086,986.0546117,192.7974122,171.7510784,3.257362636,1.025067771,1.005212835,0.334168091,0.07587605
288,1,2,11,45,,,1.188034798,1.212182893,2.52793288,170.5648593,-0.146673355,-18.0687951,0.156853907,-0.722489567,0.967941542,0.928132198,0.268467246,0.089115716,895.880968,772.3889391,181.9694183,263.2989099,1.710442134,1.141444764,0.935489901,0.198964582,0.099274972
289,1,1,11,46,,,1.196582516,1.216191353,2.647753577,277.2922519,-1.03588466,-11.07276992,5.852979502,0.764783545,1.06104083,1.130978752,0.116255017,0.141319801,979.855521,1106.016168,200.6926331,225.1544927,3.807859112,1.061991499,0.908810187,0.236181239,0.121483665
290,1,2,11,47,,,1.176211976,1.203728295,2.700112133,288.3614257,1.226998372,-16.67611968,0.765726732,-1.426120344,1.112299183,0.994119307,0.167262465,0.09798184,1057.630838,937.0926476,147.3323035,127.3745528,2.241590153,1.044717392,0.956432897,0.223599528,0.123320504
291,1,1,11,48,,,1.177462798,1.239059613,2.595976331,279.1142855,1.050871513,-21.4962254,1.31357461,-0.991836027,1.085577407,1.014434222,0.130402597,0.112617176,853.1948658,931.2420873,254.6840083,320.7983806,5.204544643,1.053098291,0.980187478,0.227473197,0.16697793
292,1,2,11,49,,,1.201506607,1.172392131,2.465186247,337.120655,-0.50143186,-26.47779382,-1.837639964,0.072343015,1.114445846,1.168953705,0.255792219,0.120783824,974.4156725,875.1987501,158.433525,213.143958,3.648478582,1.072940585,0.964657205,0.213261318,0.086861105
293,1,1,11,50,,,1.203245413,1.188353482,2.616173263,280.1607724,0.009859429,-25.83365,0.300531243,1.27672041,1.101271899,1.047257785,0.305911434,0.151512035,918.9040335,936.6858263,295.4559261,187.2722892,4.549892372,1.049052822,1.080648937,0.203467318,0.072669399
294,1,2,11,51,,,1.178663954,1.20472113,2.515739775,318.9917229,-0.398554401,-17.38384762,-0.056258294,-1.256993307,1.084605696,1.093924472,0.105651037,0.144375678,958.047843,945.1594871,208.4898676,269.6814031,3.817487082,1.073972274,0.999020733,0.099273166,0.186264501
295,1,1,11,52,,,1.23811974,1.244998332,2.580801593,365.2957197,-0.465233313,-13.20846119,1.433561235,-0.8201767,1.028397939,0.993071965,0.117868008,0.102022671,910.7441258,860.1443818,31.6755377,293.9980995,4.914844354,1.16232392,1.053041205,0.210510794,0.115020239
296,1,2,11,53,,,1.208990223,1.194790326,2.557141448,124.4555338,0.41825665,-31.98495122,4.249387086,-1.492780464,1.116729567,1.001498738,0.113087002,0.06638857,1021.08202,762.5452809,341.8135503,253.9724181,4.175149274,1.124662456,1.015512634,0.321377319,0.086943647
297,1,1,11,54,,,1.232290206,1.206533114,2.61904156,211.1619646,-0.236462999,-15.95358907,5.248075024,-0.229073427,1.11718246,1.014259288,0.166784908,0.1405348,1045.858901,977.5722533,382.3635517,175.8241647,4.79757667,1.093116216,0.946487921,0.28807222,0.113402031
298,1,2,11,55,,,1.211268147,1.206754732,2.437244334,355.7362869,-1.156165349,-21.9547783,-0.20652785,-1.121685625,1.042698263,0.949893152,0.175255999,0.162608251,880.167698,861.5373063,294.3757193,170.9803121,2.833313421,1.078268591,0.964832862,0.153399216,0.11535965
299,1,1,11,56,,,1.200676148,1.220914667,2.572286127,403.7359816,-0.429227514,-20.78538314,0.016387332,-0.387655709,1.12111215,1.129198897,0.200359631,0.105178639,975.6904725,974.7598903,315.3300191,118.4809774,5.133785953,1.05902292,0.996383323,0.201478735,0.192843457
300,1,2,11,57,,,1.215179901,1.185752651,2.5400948,252.4927705,-0.02317486,-23.64426318,0.334119269,-0.9112167,1.070940233,1.03154566,0.198047757,0.087370735,914.1761208,879.4207997,208.9944735,331.6107154,2.488134848,1.061948064,1.012616739,0.265294609,0.171726163
301,1,1,12,12,,,1.150061101,1.213687926,2.646995746,283.0423959,0.71965734,-26.80022813,-1.618780395,0.579641553,1.038933892,1.00559922,0.114317416,0.078655097,897.1502493,944.5758909,262.1220497,273.5455896,3.823887249,1.096879416,1.001233139,0.324646462,0.140966521
302,1,2,12,13,,,1.220632636,1.159610801,2.50122076,400.0567444,0.242084364,-12.08421892,1.272914097,-0.991891905,1.058238927,0.952435726,0.184393454,0.072543447,916.6996068,915.9699884,348.7662284,278.0771501,3.260884629,1.124611349,1.11126234,0.241368178,0.119831523
303,1,1,12,14,,,1.169964548,1.205933548,2.591574239,396.5910519,-0.03555153,-29.4626547,0.988484462,0.115001649,1.106277454,0.921071866,0.220723565,0.114795105,904.4488921,1017.805915,203.6264099,120.5170244,4.987677307,1.065853746,1.049338355,0.226338401,0.232551363
304,1,2,12,15,,,1.166853904,1.204405748,2.690559983,378.143437,0.590233703,-22.00686219,2.722554278,-1.489583518,1.031856557,0.995134975,0.238549139,0.097446314,993.7325704,867.7248393,278.6782476,385.1936466,2.395349934,1.146370094,0.94142602,0.119116467,0.15617123
305,1,1,12,16,,,1.193790349,1.255601737,2.526868756,178.0243905,-0.472133223,-26.32435765,3.656196072,-2.24E-05,1.033065638,1.060666796,0.167087556,0.130671904,961.3924876,996.8474493,274.6887007,368.838249,4.27815274,1.084158907,1.026427484,0.145779651,0.175928522
306,9,2,12,17,Fails: T5.1,,1.217485469,1.220544651,2.624100291,501.0682707,-0.457206888,-24.78951677,3.362598442,0.466744486,1.071181891,1.038557088,0.153064117,0.070096453,998.1198047,661.8985917,266.7564351,185.5935593,5.169504926,1.051088541,1.027380058,0.19178949,0.17725711
307,1,1,12,18,,,1.228335796,1.208010299,2.446406289,149.7565224,-0.179101073,-24.96585752,2.739434511,0.249585925,1.016544308,1.041739118,0.15402238,0.06335448,1005.999546,893.3102557,106.0866785,160.4764445,3.512768591,1.132886774,0.999618967,0.161302988,0.080644177
308,1,2,12,19,,,1.232439997,1.200506971,2.56076569,268.1184983,-0.792290337,-24.15517665,-0.446942986,-0.390440128,1.044232572,0.990080784,0.1627305,0.126855108,853.0011279,790.6215446,296.7270508,287.4048039,3.782029819,1.135792775,0.957065036,0.224138069,0.091190572
309,1,1,12,20,,,1.188895132,1.223319604,2.674034566,213.26616,-0.611199835,-22.25241704,4.808896277,-0.084687043,1.121187128,0.961057143,0.182505874,0.159814333,864.9187937,926.6473762,98.25308592,168.2771729,4.895999573,1.060806597,0.990982688,0.236551212,0.165727791
310,1,2,12,21,,,1.186746714,1.207808482,2.634215414,408.4886307,-0.15901503,-7.429856651,4.022983629,-0.085303198,1.081527628,0.991682182,0.190588879,0.128212721,965.207985,1040.018093,243.3070821,212.1171053,3.969165026,1.114645281,1.009172309,0.149783928,0.203091153
311,1,1,12,22,,,1.191039926,1.226861252,2.703769853,24.88111457,-0.822629864,-8.466750454,0.120878458,-1.024740579,1.042285817,1.099277797,0.22735815,0.162609084,1069.522298,841.8037747,319.1250469,249.6751507,3.7716709,1.058323042,1.073007853,0.243612444,0.09909641
312,1,2,12,23,,,1.17525602,1.196334794,2.61845341,257.2734024,0.416434124,-9.165239797,2.75059392,-0.034724595,1.119357812,1.017498316,0.141433324,0.088891213,964.3066051,960.5939065,67.04875269,193.9878373,2.216285653,1.131049171,1.04340491,0.104444759,0.109564568
313,1,1,12,24,,,1.186071451,1.226663594,2.584165096,269.7015336,0.297226385,-26.94398883,0.106902373,0.600125632,1.063375184,1.034631277,0.132383481,0.094312572,984.933763,809.8122524,153.2158223,100.1996853,4.481781264,1.12636378,0.952158788,0.253438292,0.12054314
314,1,2,12,25,,,1.209013567,1.172690169,2.621493905,282.3129685,0.485526292,-20.21514862,3.742036097,-0.398014543,1.099569186,1.061664368,0.083858827,0.080193499,843.9399896,931.5270966,116.5781634,293.1142441,3.89859275,1.119388314,0.966618675,0.090162374,0.153884983
315,1,1,12,26,,,1.18802517,1.214442493,2.530370062,162.7309646,-0.154546905,-25.95055564,2.827808992,-0.568301877,1.09975382,1.078982186,0.259824977,0.081081302,886.6824211,860.2436995,243.6825672,35.72173122,3.438639953,1.066796941,0.947699897,0.190733935,0.147617162
316,1,2,12,27,,,1.17271967,1.251707527,2.581628757,344.6885269,-0.132955741,-42.0021773,1.420860562,0.086710094,1.133151812,1.033004063,0.328068173,0.082911368,873.7458472,837.1132209,328.3226542,216.2633744,4.068896592,1.123556904,0.917606026,0.281855429,0.111279544
317,1,1,12,28,,,1.202253222,1.200254633,2.57571898,322.5279016,0.603686477,-20.32209313,6.74049142,-1.089193441,1.071244509,1.000155401,0.146902706,0.146677443,842.4852353,825.8409978,302.5041269,243.9436514,2.879032185,1.052167262,0.910134567,0.24240041,0.103919063
318,9,2,12,29,Fails: T1.0,,1.128897841,1.199415952,2.716660122,237.3493525,-1.039259966,-13.52615111,0.435616685,-0.526352608,1.071346887,1.019662792,0.186192687,0.12947833,852.347128,911.1575174,278.8043711,305.7861614,4.605737383,1.00031172,1.058170932,0.091448026,0.111178451
319,1,1,12,30,,,1.218762328,1.194454711,2.455658217,457.1822311,-0.100411454,-14.10129788,0.693552978,-0.737437404,1.135417315,1.024195331,0.145186259,0.114207279,940.6707637,936.5944153,243.850857,130.0029404,4.839609462,1.094386113,1.104611476,0.189182844,0.092074428
320,1,2,12,31,,,1.186734562,1.222896221,2.486087596,260.2411587,-1.777002248,-18.06441865,0.699387445,0.119020823,1.028747661,1.012565236,0.228102601,0.05934959,1033.366165,930.6887378,252.722532,184.9507006,3.733280575,1.064103949,0.94657381,0.218413222,0.049890287
321,1,1,12,32,,,1.183242648,1.16373766,2.64079202,271.892655,-1.041160403,-22.91125669,7.341633424,0.181545577,1.181889154,1.032626573,0.202525764,0.06390757,897.1641251,1025.585542,297.7816653,200.9471697,3.774231527,1.06997931,0.948386967,0.122787516,0.123863839
322,1,2,12,33,,,1.194926003,1.17168484,2.453709171,310.9912038,0.565171376,-22.89348655,-0.24678756,-1.713204598,1.019285872,1.041167411,0.137873242,0.132825055,915.8158823,913.7472341,203.8827236,371.4137589,4.041283934,1.111322305,0.971501838,0.142547166,0.077643128
323,1,1,12,34,,,1.195281708,1.191209803,2.565526756,305.5426982,0.625980561,-30.15656424,7.462951408,0.7581236,1.077306549,1.054733312,0.211588533,0.107224828,959.0064447,824.9413603,233.7378233,114.2420068,2.762042116,1.13361367,1.01665305,0.111311919,0.10106404
324,1,2,12,35,,,1.176014459,1.206738825,2.581801778,497.4810487,-0.394172636,-17.41294736,5.113324404,0.351869375,1.068318153,1.175202293,0.233426699,0.115473046,1068.332878,994.2866069,157.9072671,241.2625387,2.738606642,1.043796029,0.882761846,0.239583839,0.161950118
325,1,1,12,36,,,1.195282499,1.184191154,2.55837714,330.5313723,0.036208554,-35.64809071,2.175531241,-0.727947322,1.054757998,1.019934133,0.204468137,0.130369794,889.7965277,933.066886,166.6242323,210.870136,2.62619745,1.094797452,0.884763907,0.119330371,0.19494384
326,1,2,12,37,,,1.196588692,1.204288796,2.592335192,397.6839503,-0.093735951,-18.54198825,6.240312218,-0.071133476,1.114991958,0.915779301,0.261401813,0.138187225,822.084669,815.6264391,54.27952795,345.0122965,4.854143554,1.056479867,0.952301094,0.187485773,0.179707299
327,1,1,12,38,,,1.14177748,1.209360021,2.617504523,301.402072,-0.607187076,-26.32883392,3.571530977,-0.668655384,1.061225479,1.149252808,0.227222353,0.064983694,936.2234443,988.5473681,304.1296356,226.9173671,3.444515668,1.072246394,0.960576072,0.168765936,0.158285828
328,1,2,12,39,,,1.193142783,1.202776522,2.524015823,292.4898305,-0.62965618,-31.85942328,2.519632279,0.048816,1.11441152,0.989466625,0.153537618,0.062893791,978.2294861,1050.609629,270.8966957,307.3940556,3.596400296,1.037428305,1.049723862,0.235659785,0.140502788
329,1,1,12,40,,,1.220862581,1.199833821,2.544081212,177.3083704,-0.482960931,-18.99031089,-1.000579116,0.850675757,1.095892252,1.070653083,0.150744225,0.214365906,938.1736771,825.3414226,233.2429522,236.4949529,3.531325771,1.095178572,0.999759085,0.223165322,0.146380162
330,9,2,12,41,Fails: T3.0,,1.16176108,1.223303917,2.665263458,299.6889666,-2.227621376,-44.3279298,0.468600686,-0.98647845,1.0680511,0.991650386,0.165961636,0.13895885,899.3343466,913.235433,185.1671693,396.247882,4.225657506,1.025894614,1.038332775,0.119245737,0.179304589
331,1,1,12,42,,,1.195438329,1.223008181,2.602182116,488.9404885,-0.489579135,-12.95201652,5.06335535,-0.877714868,1.064953691,1.126470189,0.296870504,0.121710442,1141.550577,852.2188435,157.4281384,264.3846401,4.59373222,1.053233007,1.037229628,0.227113504,0.101193699
332,1,2,12,43,,,1.196318455,1.206331066,2.619456757,172.6490593,0.245779027,-19.093135,1.413642778,-0.685813307,1.01019766,1.000300507,0.23380672,0.094638917,925.6177939,773.3170464,175.904833,170.3144366,1.775330915,1.082887547,0.929878464,0.157777071,0.116098412
333,1,1,12,44,,,1.194422833,1.231589042,2.50300934,420.4097817,-0.613808499,-22.68647756,1.062043053,-0.332114493,1.042881792,1.010873141,0.133782934,0.151818938,1018.703073,888.1777743,177.2017809,66.05240452,4.715975065,1.076135232,1.036899549,0.191114382,0.22723317
334,1,2,12,45,,,1.169965067,1.174658553,2.720704406,421.5202827,-0.627791427,-15.85881055,1.108515904,0.431839925,1.083049465,1.077115547,0.242558347,0.208652745,865.6819386,924.5524401,247.2083786,325.6384134,4.309025562,1.076477766,0.910444817,0.180946324,0.11260509
335,1,1,12,46,,,1.247146,1.212701535,2.495049483,304.0767238,0.030500706,-14.28578399,2.606294565,-0.091082781,1.086144889,1.085930955,0.195573103,0.076156804,1103.166524,962.8568667,256.14409,156.1037072,2.415647903,1.030860572,1.068613216,0.164292325,0.08482487
336,1,2,12,47,,,1.200947228,1.22929934,2.570775466,328.5707445,-0.716249029,-17.85940435,-1.13511843,-0.942883445,1.077009943,1.086441366,0.086851039,0.178839264,821.9125204,806.9326756,231.2399335,176.5820485,2.504953468,1.135958508,0.984787703,0.205965679,0.116185598
337,1,1,12,48,,,1.196931109,1.231871721,2.486707812,282.1194879,-0.20598257,-19.19341708,0.125502387,-1.134774844,1.060756114,1.074545949,0.172951572,0.108091599,807.8276396,865.4867557,141.3868624,196.5788084,2.443221966,1.069793988,1.032215362,0.255970886,0.106891271
338,1,2,12,49,,,1.202895011,1.195358245,2.473561527,186.7682452,-1.028573768,-13.79336198,2.848324167,0.489848924,1.043254235,1.000727762,0.270948344,0.128923212,889.9677925,952.6317391,201.5182218,279.4588277,1.792964097,1.154263083,0.909212626,0.247050251,0.16301347
339,1,1,12,50,,,1.229204934,1.219763166,2.687004763,329.7986663,-0.513202294,-36.77247857,-2.465709827,-0.211078525,1.10312192,1.068238027,0.207574448,0.180426044,930.7619772,810.8719665,180.4833339,235.3807577,5.766631351,1.086828475,1.01144111,0.197887573,0.137966978
340,1,2,12,51,,,1.19481915,1.199286352,2.466137536,397.1475694,-1.392940971,-11.57078474,-3.330349296,0.094317888,1.08325355,1.05808693,0.286613679,0.117636818,856.0506475,1050.154912,178.385719,476.9556702,3.79245473,1.155541546,1.038533518,0.239539476,0.153144133
341,9,1,12,52,Fails: T7.0,,1.226338471,1.205772341,2.544330817,304.1315084,0.791140133,-15.10777569,4.321423666,-0.021443209,1.100891402,1.091300541,0.247442846,0.1479978,988.0227093,892.1865534,170.2047202,193.8338531,4.269340209,0.935110241,0.962810096,0.207417779,0.094556339
342,1,2,12,53,,,1.203209446,1.191864406,2.621110353,324.6219859,-1.445950268,-16.51508225,0.592076389,-0.716031401,0.995461654,1.153914958,0.132223541,0.159836655,1007.463446,918.1244012,177.1231549,208.6879894,1.845470483,1.053389338,0.982025902,0.180863295,0.177105806
343,9,1,12,54,Fails: T4.3,,1.187092963,1.215867763,2.391660319,320.4395883,0.119015305,-13.8465184,3.573413806,0.534202603,1.078503684,1.106627054,0.171432657,-0.022932288,1126.62755,878.923711,361.135553,421.5439482,2.923438559,1.027980508,1.000168244,0.186038182,0.1046748
344,1,2,12,55,,,1.195802218,1.192437767,2.665460939,89.77216658,-0.037964943,-35.97184844,1.967723148,0.737100827,1.009617267,1.028975613,0.115140464,0.077002719,860.2724377,859.4250606,141.6810122,273.9817257,4.600568563,1.061525016,1.064957754,0.255475031,0.106623367
345,1,1,12,56,,,1.188783845,1.190990673,2.525755132,222.8468545,-0.674052608,-25.07988988,2.845697641,-0.634606632,1.072859866,1.02660065,0.25617981,0.099770963,931.1727859,786.1520941,248.7250895,150.5045934,2.744533857,1.056916258,0.99119566,0.154732139,0.142657054
346,1,2,12,57,,,1.173828334,1.18723695,2.588529256,385.1974627,0.393039938,-36.08626963,-0.538207428,-0.754371029,1.099054193,0.990623023,0.17688923,0.182258179,964.199454,930.7738482,266.5337275,122.1284229,2.400530771,1.012844223,1.061084895,0.140287372,0.174940879
347,1,1,12,58,,,1.178639793,1.204813992,2.642327395,367.221572,-0.404671348,-23.68758797,1.400488942,-1.030516263,1.078672637,0.962486128,0.145849446,0.142961278,1088.274953,941.4886726,215.8932703,332.878224,3.838562454,1.054272334,0.978096466,0.158099738,0.185687984
348,1,2,13,11,,,1.222001702,1.216889245,2.661573377,182.8300936,-0.051302466,-23.77958609,1.695961619,-0.948501337,1.097228665,0.993409471,0.186262333,0.088715949,912.576799,994.7498917,149.8803699,222.2544276,3.247011831,1.026315921,1.065836431,0.17586769,0.101976026
349,1,1,13,12,,,1.211101512,1.161649517,2.53905775,433.0572875,0.762928488,-36.8349505,-1.455847903,0.485195293,1.092079792,0.907724821,0.238383624,0.128900737,878.1486017,848.4673586,115.4218777,271.5973757,4.194592157,1.004236336,1.028991158,0.158013804,0.103868413
350,1,2,13,13,,,1.178906457,1.243635851,2.58483828,225.508547,1.125082836,-35.14834965,2.014644514,0.340829741,1.104062459,1.002021226,0.087516469,0.124371766,968.3422344,937.4236166,227.7589777,292.4202049,4.085358318,1.062366621,0.940737321,0.132661007,0.153710792
351,1,1,13,14,,,1.186181129,1.171225574,2.478870003,320.5946031,0.107906026,-11.32040542,2.198292671,-0.107644636,1.037345253,0.991022439,0.237724143,0.116837193,914.1993819,1032.335993,72.34285251,132.6470294,4.95942372,1.01068711,1.074631099,0.14669095,0.186018633
352,1,2,13,15,,,1.19056809,1.218257035,2.645490615,398.3707663,0.386679771,-22.56187727,-0.779860462,-0.767750545,1.032902512,0.908755764,0.192850544,0.137598155,897.1983026,869.6325108,239.6071559,420.2642847,2.515775195,1.11075863,0.968672445,0.264065892,0.150017622
353,1,1,13,16,,,1.209571013,1.241541304,2.500455887,335.9573349,-0.629782673,-12.56813492,-1.096448726,-0.299430631,1.052483722,0.975522438,0.207168893,0.095250188,998.3857391,907.594584,421.1512195,28.85872518,3.837913128,1.093543338,1.025661139,0.154283889,0.127401438
354,1,2,13,17,,,1.21989767,1.237166131,2.518323881,364.2236507,-0.332024657,-46.06580306,4.365666588,0.541416309,1.016391738,1.092947335,0.133498665,0.081598389,934.3070999,881.6172901,164.1248979,365.7973136,3.253711598,1.037508909,1.03307648,0.197941912,0.151602955
355,1,1,13,18,,,1.209782017,1.190476951,2.562862752,497.8571325,-0.787436919,-13.73524851,1.61915655,0.073332862,1.065096875,1.138081097,0.117576694,0.124279743,1004.166111,965.923425,350.89353,252.330815,1.1698978,1.121898855,1.100817763,0.213999575,0.105518612
356,1,2,13,19,,,1.198026563,1.222399527,2.621084099,143.8894063,0.925160817,-10.35395607,1.975816316,-0.158890299,1.084688091,1.088466236,0.185570635,0.055883588,964.9557476,858.3947918,349.8278337,211.196872,4.390927418,1.054936155,0.945789867,0.193942968,0.192560138
357,1,1,13,20,,,1.198753612,1.186586605,2.602068133,54.85238244,-0.634447057,-16.95934268,-3.000759507,0.579263382,1.026441113,1.001813419,0.178528903,0.156897127,837.6575662,907.514633,206.0295862,147.4760099,4.508987801,1.107018112,1.003764255,0.148979244,0.103045794
358,1,2,13,21,,,1.21024145,1.205149576,2.55851293,343.6069361,1.144379405,-22.03935497,1.773611704,0.051079127,1.120850151,1.09120249,0.225903974,0.095323011,1026.191001,809.826852,187.2938733,306.9231168,2.52462037,1.103329704,1.033870148,0.236493412,0.083868895
359,9,1,13,22,Fails: T5.2,,1.197042275,1.20983532,2.54909267,294.2092459,-0.564619901,-21.37269978,5.1656704,-1.060189118,1.045043846,0.942540803,0.20610977,0.119414076,933.0254763,841.9429596,-17.18259088,133.6876684,2.774155939,1.102068029,1.054787322,0.113422602,0.139842051
360,1,2,13,23,,,1.188684976,1.251704391,2.650263841,213.8129119,0.456450581,-17.08240756,-3.515665151,-0.597334602,1.053316627,1.093628021,0.157709216,0.164256932,941.7590888,849.6487835,240.1827668,260.8486054,4.44201452,1.133330014,0.891993438,0.168165116,0.080064582
361,1,1,13,24,,,1.165534686,1.226409938,2.597698236,454.8666605,0.00140383,-8.659720196,1.484321756,-0.60167985,1.076070803,1.095925094,0.218660348,0.108799362,798.229649,977.6749781,63.02893285,216.8617904,3.868132976,1.088965231,0.913032379,0.151571061,0.134002821
362,1,2,13,25,,,1.161277463,1.185008628,2.499622469,273.6646185,-0.428122032,-24.59571972,-2.798808528,0.896189295,1.09201476,1.086959562,0.189416297,0.144751951,956.3149317,849.2334923,202.0915874,365.6640246,5.457165973,1.092479067,0.99059693,0.161912659,0.161465227
363,1,1,13,26,,,1.190065772,1.217709513,2.507918846,216.8900344,1.220898652,-28.66556653,0.13682982,-1.397011112,1.010853091,1.09687748,0.199947858,0.082552681,809.1571076,949.1916413,237.2750685,232.5531214,4.304047908,1.074168715,0.98260354,0.136331181,0.167203255
364,1,2,13,27,,,1.167643893,1.204368657,2.625386214,318.0598907,-1.360213727,-7.698625892,8.842350937,-0.758505875,1.098068887,0.951422567,0.216953477,0.105115465,970.4438534,969.8711184,187.6308077,167.4234858,3.520380861,1.097375645,0.951249936,0.176052838,0.130741279
365,1,1,13,28,,,1.214186026,1.212569973,2.540246189,280.4055491,-0.923285378,-17.82105456,3.492745824,-0.580354438,1.055095755,1.07805973,0.196500289,0.106313465,971.6321592,940.2917908,96.29757344,353.3184345,5.049108823,0.993818348,0.941627926,0.224938364,0.148424981
366,1,2,13,29,,,1.210070008,1.184548264,2.463243472,190.8031768,-0.560441914,-13.82660588,2.821244735,-0.243456375,0.999288416,0.978425521,0.203559964,0.083378591,805.3792058,867.0994371,115.4089718,187.8735022,2.320984456,1.091749243,0.924474081,0.258102974,0.128405868
367,1,1,13,30,,,1.188209486,1.219825953,2.665601742,422.4200759,0.782061239,-3.415860407,3.816157467,-1.428769572,1.057842786,0.951689027,0.195209767,0.056499921,950.1597717,899.5515735,169.7251286,340.9870254,2.670072224,1.087894034,1.028069701,0.302541842,0.174422248
368,1,2,13,31,,,1.206102869,1.181863853,2.514122019,290.9395045,-0.821306158,-21.02795145,0.280872052,-1.029073375,1.010255798,0.981012156,0.216468514,0.092463175,999.8132139,768.2089616,260.4137252,251.6489393,4.716649235,1.04875422,1.117689123,0.213406716,0.156430912
369,1,1,13,32,,,1.219042943,1.230348357,2.667535987,384.487756,-1.622276965,-16.86844913,0.587967319,-0.221489893,1.049121982,0.993414687,0.162152359,0.227785319,1031.911394,898.1592583,217.9700736,257.1451594,3.252811736,0.976209195,1.080805471,0.18117798,0.17693199
370,1,2,13,33,,,1.179578766,1.203575891,2.62321825,470.2934408,0.878673406,-24.58557269,-2.075155629,-0.971899203,1.07318244,1.010849816,0.263759708,0.133841767,958.7055483,973.5161451,102.6334529,269.1555648,3.012713683,1.058801278,1.010687221,0.282799522,0.142924915
371,1,1,13,34,,,1.23129302,1.217724125,2.446728666,363.8290174,0.686367102,-10.44795549,1.283535907,-0.458997968,1.10829098,1.031366206,0.160559037,0.131445639,886.7117838,971.9119198,338.5469622,287.6096521,4.028444948,1.081008209,1.134203568,0.170317373,0.105340188
372,1,2,13,35,,,1.205343485,1.19645607,2.579683621,349.4160426,1.434776091,-24.62431198,4.964367206,0.160797779,1.019169239,1.036215171,0.169691986,0.050521782,1002.720541,830.1358262,307.05501,322.4262272,5.344778415,1.084922334,0.980723723,0.175343724,0.186303718
373,1,1,13,36,,,1.146570276,1.215326144,2.647143552,186.2186715,0.328706301,-24.15020835,0.86130402,-0.117324527,1.092544687,1.089472642,0.078495514,0.084316931,914.9129877,901.6839021,240.6404361,179.6247047,5.05513679,1.123637744,0.924836293,0.287044297,0.150111681
374,1,2,13,37,,,1.18304756,1.210063102,2.573618404,253.7398126,0.371182882,-11.06426929,0.718012381,-0.01364516,1.02751638,0.949248616,0.175106211,0.062313921,869.2628713,954.8457126,105.2593919,310.3800421,4.452844572,1.074059852,1.109182542,0.083363672,0.131346129
375,9,1,13,38,Fails: T1.1,,1.228617444,1.263662132,2.512260919,212.7875393,-0.847777843,-46.1076035,2.773217019,-1.279726859,1.068850185,1.127800302,0.208603555,0.066754341,1020.889458,969.9439818,141.8350771,220.210694,3.846064073,1.062722482,0.82484926,0.195632013,0.116845087
376,1,2,13,39,,,1.189178237,1.191451915,2.537619717,208.1433743,1.385440217,-19.10729348,2.652761995,0.845409716,1.074447398,1.06758075,0.182309355,0.100723754,961.4169899,776.0131271,331.618255,459.1321841,2.160506806,1.141601799,0.990639764,0.171983016,0.126647745
377,1,1,13,40,,,1.151664544,1.210212857,2.636467348,159.8430287,-0.528292671,-2.033328319,2.10100378,0.937967721,1.023575247,1.055265729,0.215865415,0.05563406,949.632746,819.8755826,168.4745908,220.0576095,3.03921371,1.09334765,0.9034617,0.174706942,0.132933519
378,1,2,13,41,,,1.184395767,1.202761893,2.532156682,351.4055099,-0.524809989,-42.90834157,-1.316786379,-0.023196636,1.113422235,1.012397686,0.16468501,0.125226051,1015.325889,851.8738555,192.4641228,460.050081,6.121875805,1.101005877,0.979925504,0.223516105,0.172943401
379,1,1,13,42,,,1.16754094,1.172200599,2.580984576,423.4139433,0.357575977,-13.35605028,-0.075698405,-0.549096017,1.053869383,0.982608895,0.079345835,0.06956979,974.5716413,822.8857387,264.3699135,215.4234126,3.005471326,1.048717741,1.060355309,0.324835835,0.136701622
380,1,2,13,43,,,1.190080011,1.215472692,2.593393351,340.3785621,0.712847659,-16.31110302,0.226241905,-0.621857009,0.990402851,1.063844573,0.109419789,0.135974983,967.2509139,994.7089081,136.7405234,325.0416476,1.871975896,1.071735142,0.964358969,0.218456817,0.137731587
381,9,1,13,44,Fails: T4.0,,1.175474993,1.212115035,2.679868142,239.4160692,-0.777527127,-29.9483346,3.728110043,-1.30864298,0.957534978,1.070745358,0.184338036,0.150097484,902.9491628,842.0440771,273.7228942,264.668285,4.324177381,1.082941097,0.981515968,0.167624088,0.165291356
382,1,2,13,45,,,1.199715331,1.222388291,2.554740806,487.6987031,-1.322725256,-18.92336788,2.91210443,-0.614858828,1.019912945,1.0966957,0.112420114,0.087419277,981.0467003,763.7310694,193.1795818,136.3646825,3.886180866,1.074701487,1.043357677,0.10055367,0.122962835
383,1,1,13,46,,,1.227238713,1.214956447,2.544621414,458.0218274,-0.776514334,-26.0336661,4.269489244,-0.551464611,1.066261642,0.948376545,0.205308276,0.093060646,863.7147324,820.8186072,212.7647179,194.0833351,4.211039266,1.04370289,1.015601571,0.264359424,0.102945218
384,1,2,13,47,,,1.191027696,1.226198602,2.600852248,245.6417716,-0.16404737,-18.88847825,1.030497002,-1.226945354,1.036063442,1.073193691,0.223206804,0.087172478,1026.781509,767.3680597,198.7111578,302.7107537,3.814523875,1.113553783,1.067196756,0.268462797,0.121905785
385,1,1,13,48,,,1.205298086,1.232522382,2.648472653,410.7138157,-0.190944601,-13.10191068,-0.387163415,0.402398271,1.023499432,0.943750037,0.267117892,0.108121639,913.4517236,745.1564756,120.0222215,136.9063582,3.72225205,1.048598729,1.037605249,0.19044458,0.162403974
386,1,2,13,49,,,1.215411142,1.232540797,2.652640268,287.049658,0.636181009,-4.801732056,3.453275836,-0.429457981,1.066613437,1.046994528,0.200530214,0.123110441,889.0227873,944.5863035,179.6444468,354.3608999,3.517926687,1.053740025,1.180822778,0.062882946,0.146556062
387,1,1,13,50,,,1.173661418,1.220351074,2.576822598,311.2477372,0.092777633,-4.890315029,-0.258007604,-0.628784126,1.109431435,1.018058491,0.171811106,0.048555781,1015.271009,1039.987269,144.8404378,252.2725941,3.518801905,1.056078623,0.984271302,0.191975963,0.030493591
388,1,2,13,51,,,1.20722326,1.220353908,2.63200956,398.332211,0.394539953,-18.31147419,3.561790558,-1.105883299,1.095731523,1.084054788,0.153637962,0.216050849,1069.398601,1017.505056,126.1716643,161.8022482,3.651537756,1.042714521,0.964098095,0.162260721,0.117695922
389,9,1,13,52,Fails: T5.2,,1.178672352,1.208045768,2.507317997,304.2466363,-0.560012512,-29.91176051,4.242887034,-0.092247342,1.087959204,1.120614108,0.140022707,0.104543626,955.592785,874.4409186,-5.389526032,128.0243834,3.905861269,1.120714245,0.990665276,0.186030227,0.188222409
390,1,2,13,53,,,1.178355566,1.205287793,2.466858766,314.8297988,1.155074802,-1.94729352,2.624357218,-1.315897089,1.019033208,1.029264477,0.257673136,0.167732125,903.3961809,951.8075101,115.0952462,190.7076169,5.067727131,1.060423827,1.038888355,0.2304692,0.054085244
391,1,1,13,54,,,1.227936958,1.248811154,2.475026886,336.8447514,-0.690646195,-31.32461062,4.596883569,-0.562354666,1.070106343,0.968370716,0.313473458,0.127174685,818.642653,961.0350018,298.2831348,439.2571781,2.443254355,1.063707142,1.096475397,0.135161676,0.156960292
392,1,2,13,55,,,1.199948236,1.195767021,2.559977556,314.411876,0.050639,-21.47994185,5.038817463,-0.761256028,1.025037059,1.098149044,0.109637612,0.173046845,878.5817228,791.4291834,141.6102882,197.8425054,3.733289894,1.013588505,1.038415483,0.150365522,0.105297425
393,1,1,13,56,,,1.23708437,1.222197658,2.584869944,256.8804301,-0.45821098,-26.70213366,-1.901769945,-0.233674288,1.02248361,1.013463057,0.208617748,0.127599613,1012.365059,1012.812234,354.6154153,207.3054196,4.521524289,1.083849512,0.97251271,0.051129955,0.100075752
394,1,2,13,57,,,1.226739247,1.220238553,2.572714611,276.5497147,0.040053714,-20.93022934,2.806959404,0.020473054,1.061887786,0.964521824,0.201043677,0.037134491,923.9407384,903.1962603,131.1128456,107.3258621,2.574978134,1.041952835,0.940713752,0.143462496,0.127439455
395,1,1,13,58,,,1.192743345,1.197736446,2.607286301,199.8171708,-0.854621648,-6.767596305,-4.359969846,-0.12282584,1.049852906,1.104316502,0.117663009,0.13155553,893.8652658,951.1979688,189.0478509,224.0175753,2.138492955,1.10794571,1.023967282,0.106944955,0.07983671
396,1,2,13,59,,,1.20411863,1.203083983,2.504742609,238.6535427,0.34540802,-31.80767232,1.985711522,0.282685158,1.110242968,1.013256089,0.168288896,0.141157885,1034.875055,951.1950749,332.07777,289.3223118,3.862363036,1.050180785,1.042484596,0.156113385,0.211099761
397,1,1,14,10,,,1.203704888,1.201336981,2.584381644,371.9415765,-1.305653913,-6.019667299,-0.77869978,-0.483642312,1.020498061,1.007044539,0.249664232,0.106307373,982.0691659,714.0893158,114.6740328,192.1522545,3.058322387,1.118747686,1.017708586,0.267715556,0.226728883
398,1,2,14,11,,,1.230827796,1.201974957,2.540809755,375.8699654,0.472987953,-12.80268566,-0.674542693,0.516163584,1.158962442,1.017222003,0.244484853,0.13902624,942.6922244,853.508493,12.00865341,443.7138771,2.873163574,1.084515162,0.989740874,0.255609346,0.208363054
399,1,1,14,12,,,1.197518321,1.224033451,2.5454107,318.1196366,0.168286218,-5.603555135,3.343491464,-0.658789106,1.083409907,0.964550249,0.245719073,0.148549709,896.4406175,859.7320408,131.1218387,360.9749939,1.436418276,1.083249856,0.898159083,0.201883457,0.198732359
400,1,2,14,13,,,1.189655001,1.236685459,2.544028375,291.3137538,0.632630127,-11.17552478,6.503083728,-0.811341813,1.062941229,1.058236501,0.17947791,0.106765663,950.4714797,892.1298877,215.3025519,280.2935735,2.656322663,1.094084999,1.000793804,0.320585529,0.073172293
401,1,1,14,14,,,1.207712199,1.221947424,2.541163686,246.3209203,-0.262961881,-26.54601704,3.074194175,0.355042462,1.081451567,0.94937637,0.111680203,0.169590495,1022.240981,856.817853,193.3375971,261.3605851,3.061048022,1.048205496,1.012270097,0.126954223,0.15170258
402,1,2,14,15,,,1.158824238,1.230233985,2.573068679,324.8234106,0.484532158,-15.55301164,0.95481934,-1.09050197,1.049846833,0.966080177,0.267689316,0.151140144,987.8846757,757.4056804,247.3790106,153.0533824,2.61932247,1.070637305,0.903083,0.09984831,0.128532913
403,1,1,14,16,,,1.18180304,1.223444874,2.534986094,132.4341587,-1.421785246,-22.44189871,5.287753084,0.449861562,0.986670796,1.031039336,0.21722254,0.122510802,787.3952989,954.0954577,203.2579024,247.4112355,3.734617639,1.082626733,0.944777785,0.221689001,0.172962104
404,1,2,14,17,,,1.2053451,1.18365847,2.652953062,305.2178268,1.098747033,-47.12177859,-4.041703396,-1.14936694,1.037608908,0.98221987,0.25477565,0.153792012,837.0971725,993.2538744,343.5078974,208.4255008,3.943510635,1.071798125,1.045504313,0.221120631,0.101000827
405,1,1,14,18,,,1.185803632,1.218071772,2.666818464,441.412564,-0.585982853,-9.921391056,0.293556107,-0.054228447,1.097347791,1.01786449,0.267973259,0.138908927,957.5341899,873.0468969,329.1698313,278.0464979,4.729404536,1.097735776,0.929131502,0.211574025,0.163328777
406,1,2,14,19,,,1.196282778,1.217784006,2.493338499,345.2797575,-0.357838451,-23.22216246,1.315704483,-0.801502002,1.050174203,0.929090048,0.193100005,0.117769424,971.5764225,863.1105589,172.5199594,417.8116699,4.18166825,1.052116521,0.992674667,0.150221635,0.190247805
407,1,1,14,20,,,1.205585478,1.179247713,2.583250118,235.5699483,-1.328050226,-16.41667921,3.313797994,-1.807939358,1.037983745,1.039737076,0.152547325,0.075259715,903.0671777,908.4480774,83.96753478,113.1681302,4.266049451,1.045474657,1.121521532,0.245838321,0.180659882
408,1,2,14,21,,,1.207605825,1.215536417,2.489556531,319.9964066,1.051524891,-37.95445979,2.390539424,-0.004572028,1.138717823,1.028560658,0.143401483,0.109291225,1027.133715,1047.220738,162.5676897,266.4278443,3.474211652,1.080655799,1.031927099,0.181510472,0.087654857
409,1,1,14,22,,,1.197968327,1.218249388,2.546557656,273.5021234,-0.262261873,-18.35753641,1.373008053,0.06314263,1.04541429,1.029008745,0.260883164,0.065075515,956.046047,831.857495,128.600399,332.6346689,3.38097284,1.064256146,1.0088754,0.279045181,0.152967346
410,1,2,14,23,,,1.192394618,1.214390548,2.564779039,246.4455242,-0.323910609,-25.66602371,4.676333665,0.796817501,1.074397614,0.913898074,0.215001429,0.128050151,1042.629412,843.4110154,83.76137948,227.8587491,2.98744897,1.121011839,0.893849637,0.167766458,0.12903092
411,1,1,14,24,,,1.183058808,1.22496163,2.651115908,356.0120775,-0.050830627,-19.41641171,-1.745561807,-0.044242811,1.080517896,1.015723806,0.186694806,0.144998724,823.6513026,909.3727291,268.6658114,276.196728,3.766016308,1.063005164,0.958335403,0.193632631,0.16687041
412,1,2,14,25,,,1.179513724,1.208946312,2.646022106,415.6893027,-1.425960974,-18.96381766,3.686058525,-0.05145511,1.11054649,1.123546219,0.109438987,0.127794299,989.7200077,954.7174269,265.6351195,238.047897,6.373334493,1.131927556,0.94616457,0.098050364,0.170507353
413,1,1,14,26,,,1.199020662,1.17790447,2.596914799,353.3930403,-0.668777487,-6.263826232,1.036034372,-0.05041241,0.970149422,0.987538738,0.264594336,0.120978291,824.8004861,931.2442895,208.6263167,300.5909478,5.426375552,1.026760963,1.051910927,0.274144693,0.099308827
414,1,2,14,27,,,1.206554444,1.192182872,2.529425126,505.7269548,0.160128371,-3.957891142,3.407614294,-0.447281452,1.03935464,1.092615069,0.163920825,0.112139822,964.705773,774.7997336,149.2902647,56.31212561,4.516362962,1.033986796,1.021379766,0.297121145,0.099381324
415,1,1,14,28,,,1.19678455,1.195980819,2.636864351,246.4173384,0.211585562,-10.96851612,3.560395691,0.572834969,1.113581356,0.967914271,0.248548861,0.150745736,1024.414222,897.4015208,266.4877013,92.48216073,2.979483821,1.114182827,1.09610061,0.194624634,0.14140519
416,1,2,14,29,,,1.179516419,1.250037553,2.633159522,496.8777823,1.604690761,-16.11660955,-0.605213301,-1.882723018,1.121768211,1.044506605,0.226637969,0.125930037,864.6575987,703.9537389,256.4737169,315.2867536,5.632066319,1.008469672,1.030991111,0.238398687,0.146168564
417,9,1,14,30,Fails: T4.0,,1.163355731,1.175131429,2.629271587,110.1424425,-0.709111996,-27.89428499,2.782514069,-1.27903292,0.947359385,0.98469088,0.223678303,0.054011052,1020.495376,992.3179655,211.9565078,218.7577578,3.267492321,1.099297399,1.032987244,0.13682212,0.149668486
418,1,2,14,31,,,1.186426332,1.172339712,2.505863942,514.3124765,0.321267339,-37.76990849,2.260261694,0.574658651,1.08965036,1.08349067,0.16316825,0.05495668,866.0939201,929.0089707,125.3294384,222.2911589,5.303980351,1.164613369,0.966971858,0.133850574,0.214310957
419,1,1,14,32,,,1.152981418,1.233795102,2.496129839,360.0254314,0.17364496,-29.40961086,1.706310439,-0.308779628,1.03899611,1.114492663,0.211082742,0.125525434,1029.712285,950.7506099,309.3552651,167.7352984,2.487439376,1.109527443,1.095927379,0.077586319,0.187563227
420,1,2,14,33,,,1.200933653,1.187006743,2.45185805,407.8003378,-0.924067491,-26.66911243,1.614581809,-0.123412153,1.097349274,0.99080909,0.161544762,0.081749486,914.2159372,956.1673482,225.4267788,62.58075748,5.25720325,1.079194652,1.05713507,0.171220258,0.175056628
421,1,1,14,34,,,1.200031858,1.223958129,2.683923686,170.3631769,0.296740624,-12.08810344,4.727454789,0.206968489,1.12838173,1.042457588,0.144163877,0.145554497,909.750071,929.1905203,258.2398729,254.6738547,1.811188865,1.08684319,0.859674393,0.118999798,0.046593789
422,9,2,14,35,Fails: T5.2,,1.190810401,1.214516996,2.695085842,199.0546804,-0.354756547,-32.76124141,1.186860803,-0.819622988,1.071389329,0.995709428,0.348371799,0.135252005,960.5807182,944.2251826,-42.31577122,263.0337793,4.233462971,1.139304748,1.07840989,0.267656998,0.130178339
423,9,1,14,36,Fails: T7.1,,1.195524624,1.177768862,2.524184042,367.0076833,-0.048237604,-35.22752177,2.496925209,-0.19378806,1.074769364,1.066174985,0.290528543,0.128264735,1031.869099,836.8293769,168.4656391,277.2555392,1.863054671,1.093089796,0.820958791,0.245448361,0.158657794
424,1,2,14,37,,,1.202849224,1.201626606,2.574671451,426.6248198,-0.246862984,-17.03815139,0.413496458,1.035758297,1.114129062,1.028878852,0.199459264,0.11288367,1034.719584,962.0252516,212.8784094,302.8406526,2.925845608,1.125398959,0.994546023,0.176479396,0.209943778
425,1,1,14,38,,,1.178295341,1.221315202,2.538241742,295.7953372,-0.7954304,-20.17603804,1.435485671,-1.351669713,1.046587649,1.108927202,0.084535039,0.202986734,916.6239079,760.8473344,189.4919058,209.9497376,3.121035102,1.063393356,0.9339968,0.179570624,0.10701773
426,1,2,14,39,,,1.175511316,1.238668029,2.562540494,239.9282205,0.308905077,-2.759959026,3.477169028,0.178726652,1.029986391,0.902951675,0.159644505,0.150389443,815.3959355,867.4758227,67.00109151,190.9104567,3.325129007,1.127577107,0.885105938,0.18982388,0.105959001
427,1,1,14,40,,,1.184873545,1.228080059,2.541285336,423.8280256,-0.24881317,-28.52372596,2.76176771,-0.488323387,1.065829267,1.056578468,0.095539652,0.030061599,958.8032833,867.8819915,257.9318243,165.1825085,2.660154066,1.022795622,1.047988114,0.199844259,0.113997925
428,9,2,14,41,Fails: T7.1,,1.233131303,1.230228831,2.480596906,236.7445998,-1.316481866,-32.1687683,-1.836187723,-0.27881092,1.052405364,1.059080193,0.170126408,0.110212108,1010.117479,780.1399377,253.8555063,322.911109,4.874541734,1.062830457,0.838330116,0.283456653,0.168691978
429,9,1,14,42,Fails: T4.0,,1.198602097,1.213622578,2.514742159,347.2832318,-0.086601716,-36.57447871,6.979830527,0.371168626,0.947785201,1.131042228,0.249639562,0.042530285,846.4713251,809.1642835,155.5269387,364.6051309,3.727789114,1.020915207,0.991838688,0.106200071,0.194887258
430,1,2,14,43,,,1.19254249,1.197220517,2.484490015,281.5260678,-0.578218723,-28.84087753,-1.972840023,-1.22125496,1.075685432,1.05431318,0.199732234,0.072255736,857.861408,964.9184385,165.5434986,177.6538062,3.022571665,1.142026378,1.02255066,0.223877839,0.154516164
431,9,1,14,44,Fails: T3.0,,1.183952455,1.231748722,2.621648095,303.1900041,-2.24514811,-23.98614548,6.754650094,-0.181317139,1.066432169,1.046156709,0.260080372,0.110770866,860.8094454,933.4688701,219.7214509,61.6841114,2.865023774,1.051537855,1.101632304,0.176598037,0.137131048
432,1,2,14,45,,,1.218744234,1.184758957,2.638546196,290.8849558,-0.471340055,-4.786836117,1.960113131,0.087997024,1.056419785,1.052043576,0.04179816,0.116029974,929.0007385,890.6225497,135.2924456,402.361165,4.217178887,1.08305437,0.941458532,0.236311576,0.135736768
433,1,1,14,46,,,1.194340644,1.208192025,2.510121375,240.3632362,0.555247058,-25.52735073,2.045620111,-0.928843161,1.056885919,1.051872723,0.153405558,0.105981055,844.2874663,810.5576143,330.0668316,342.2771023,3.874924463,1.040176315,0.988369225,0.239569471,0.184460984
434,1,2,14,47,,,1.205431906,1.231460927,2.643689083,298.1763819,0.266118597,-26.85320696,0.409918126,-0.445269271,1.078456027,0.997841835,0.108081866,0.103813763,994.405257,982.4824809,262.6499542,54.22923701,1.746905338,1.01230042,0.947413157,0.197454159,0.138639147
435,1,1,14,48,,,1.195737591,1.219839509,2.589103751,333.0521237,-1.496946079,-16.28591157,5.877619814,-0.719752406,1.071625861,1.045883704,0.235817573,0.135700554,984.0721158,971.6682649,274.7292881,137.7557894,3.394364138,1.045820518,0.925513905,0.255409974,0.031057398
436,1,2,14,49,,,1.168539423,1.225643802,2.599555502,404.1830327,-0.684755143,-44.1065285,5.031281754,0.594805793,1.03162424,1.034242419,0.164565823,0.193840671,1008.557426,959.2585574,114.6644194,382.9947075,4.185455967,1.083219773,1.077273998,0.186201707,0.063266784
437,1,1,14,50,,,1.158070261,1.230128798,2.568570366,27.18933141,-0.292593799,-12.7382608,0.986338725,-1.921971801,1.0125238,1.160850527,0.140444746,0.138862567,1044.301063,910.4247527,247.2943765,321.1189465,3.864996053,1.061883263,0.956721063,0.234653823,0.100725279
438,1,2,14,51,,,1.194015915,1.19376075,2.632960957,338.3650443,-1.05063337,-17.43851845,1.247382245,-0.791875133,1.065190879,0.991885379,0.244021039,0.152867493,988.4016329,945.3440485,196.0263501,215.8145656,4.550086642,1.103247307,0.92264075,0.152638036,0.135366771
439,1,1,14,52,,,1.174356866,1.176597561,2.547684453,173.1109592,1.330110078,-17.41471407,0.346685134,0.196656915,1.080858809,0.972747639,0.259725301,0.099448762,903.6989149,821.5816791,225.8093603,173.8876549,3.684828525,1.131075343,0.914278376,0.166810021,0.097839738
440,1,2,14,53,,,1.182031891,1.210801303,2.663023509,482.4254198,-0.399372452,-10.82993382,-0.665665799,-1.633316549,1.070115337,1.051385026,0.245260057,0.139481475,939.1896411,951.1077772,211.064295,220.9565733,5.043816142,1.028847703,0.949000601,0.235476953,0.083789063
441,1,1,14,54,,,1.17342996,1.18955694,2.609587791,242.6485655,-1.108078224,-3.573381825,3.614081004,-0.099717465,1.065137687,0.94143716,0.273198588,0.199753637,1114.473414,812.8025605,350.5673962,192.1352739,4.568446821,1.117840513,1.001595177,0.233488804,0.147531006
442,1,2,14,55,,,1.186453903,1.249278401,2.629659424,185.0635,0.300233638,-14.67731061,4.52756115,-1.178662122,1.115520664,0.998797168,0.197460843,0.147231482,943.3746662,1166.601759,86.06240328,287.7795391,3.953693875,1.110804116,0.998261227,0.180056023,0.184247346
443,1,1,14,56,,,1.214053362,1.197225732,2.533303025,379.0543784,-0.337522974,-34.96002795,-1.121270176,-0.239193834,1.13056327,1.07982235,0.171318434,0.124119916,957.0494494,988.726607,359.4969713,226.5765493,3.760235121,1.077263499,1.064502989,0.130276845,0.091951928
444,1,2,14,57,,,1.188424116,1.225476305,2.572383421,223.4500444,0.331536606,-18.03754464,5.695258545,-0.646536009,1.014504568,1.086849567,0.137227114,0.140797371,951.7890802,893.8748413,294.6336061,265.4755673,3.623205592,1.032478052,1.024057045,0.235170125,0.212183274
445,1,1,14,58,,,1.214160349,1.242447905,2.577551456,182.4264546,-0.871066198,-28.35047824,2.263909597,-1.400657538,1.0430891,1.029472083,0.205224934,0.140207332,900.7292902,808.353866,240.176314,256.4938051,4.706762943,1.113665498,1.018071902,0.213395235,0.15837857
446,1,2,14,59,,,1.166062762,1.20321086,2.607992505,431.952272,-1.357640707,-27.02219175,1.431070618,-0.086939144,1.018760997,1.096875719,0.212353948,0.132614107,1055.201636,789.4872942,122.116849,204.0311746,4.225885846,1.05304648,1.030653953,0.251973762,0.199753468
447,1,1,14,60,,,1.231580852,1.218674777,2.635318932,187.5636547,-0.724639353,-30.98698789,-4.827813299,0.185146512,1.107309516,1.150093212,0.140232647,0.123447555,859.9252294,842.6652934,134.9815962,346.226033,3.250726811,1.092909511,1.037551055,0.205326842,0.137871128
448,1,2,15,9,,,1.188409046,1.190957565,2.533805503,100.4696896,-0.970932047,-25.59188202,0.143407303,-1.079242416,1.035574771,1.058739768,0.233152019,0.204040851,940.5998903,973.4800596,136.4739742,275.8789181,2.359324544,1.036710957,1.015429057,0.190983241,0.192942339
449,9,1,15,10,Fails: T2.0,,1.171040992,1.224795437,2.576244258,-1.212735662,-0.163985086,-37.4573838,4.773752544,-0.652690323,1.057796496,1.062514454,0.189847102,0.150730854,969.6989901,704.720888,174.8231822,222.3300685,6.010111009,0.992709575,0.821225769,0.164277297,0.17195947
450,1,2,15,11,,,1.226875186,1.219476136,2.582947061,350.5575472,-0.311414278,-4.020954333,1.131108265,-1.026244771,1.097597764,0.984444943,0.196766318,0.064879948,901.4373738,764.4207448,188.016546,268.6648442,3.014564869,1.032865232,0.955037668,0.30547372,0.076696994
451,1,1,15,12,,,1.151253604,1.191819356,2.458155229,348.2651656,-0.020476578,-11.72277558,3.097835296,-1.034462557,1.056284812,0.955306635,0.232308054,0.13901503,1006.907333,946.4163405,159.8892419,179.174224,4.32699543,1.056727301,0.998280015,0.25946454,0.164436429
452,9,2,15,13,Fails: T3.2,,1.180552643,1.229847489,2.508899795,165.2239277,-0.313676167,-28.81094348,11.95758538,-0.450914435,1.076699044,1.039986485,0.26689987,0.035416684,974.6205812,960.6740463,212.9791599,439.3979135,3.686339033,1.033006512,0.964820105,0.161690239,0.159453917
453,1,1,15,14,,,1.199903422,1.209063971,2.515771466,289.3541374,0.217144931,-6.760301376,4.504128228,0.444043955,1.075550846,1.106084328,0.201238042,0.091840742,1034.716116,872.2289402,48.5581945,292.4034713,4.441206838,1.075549939,1.037481794,0.352894388,0.159182872
454,1,2,15,15,,,1.200929913,1.206361956,2.538100402,208.5840839,0.399542845,-26.16103748,1.67468878,-1.069446432,1.08169136,1.003184111,0.236652885,0.10790881,1058.417097,936.5365744,205.5166769,372.4723323,2.108899579,1.042978504,0.962725421,0.186207005,0.138952985
455,1,1,15,16,,,1.161098711,1.18204922,2.51862198,383.6781653,-0.911805182,-26.3632774,2.011152621,-0.118572702,1.069545162,0.984759558,0.20119668,0.205184579,944.103239,851.8653911,278.0944862,283.9249741,2.691515838,1.108837151,1.00922409,0.162152547,0.210406173
456,1,2,15,17,,,1.184036627,1.191057778,2.612386379,493.0012891,0.125635467,-23.90198001,2.218240713,0.175868598,1.066154924,1.017718077,0.226359985,0.08789796,933.6997565,927.956749,327.3732261,335.339842,3.624244126,1.127296321,1.085610845,0.116645745,0.206164626
457,1,1,15,18,,,1.169944468,1.220951443,2.556851391,173.2491909,0.183207372,-27.02427902,5.363706298,-0.445781675,1.11572611,0.948198451,0.238150013,0.071099683,915.5126477,956.9422542,217.2514108,142.0494676,3.116342333,1.049448712,0.950558923,0.182496706,0.105947224
458,1,2,15,19,,,1.177630751,1.16657819,2.477442105,384.6820823,-0.20572892,-32.07149284,-1.011537876,0.125168365,0.992386201,1.030076157,0.10370614,0.052044353,959.0460732,779.4995532,59.29696075,214.1034397,3.186595467,1.088029534,0.982305377,0.221112257,0.10068793
459,1,1,15,20,,,1.197458207,1.217862481,2.632035485,333.4101686,0.133909951,-33.64946976,1.990842824,0.717750308,1.020873358,0.979848924,0.197673132,0.121674515,955.0926858,978.2763893,105.7949045,291.6467672,5.698065629,0.983095166,1.053662224,0.161931087,0.189660618
460,1,2,15,21,,,1.202284948,1.170940316,2.670212409,580.63164,-1.104955687,-24.02661161,5.173759782,-0.861762979,1.046998901,1.106212235,0.199472994,0.079584446,962.5338373,808.9701192,336.2346626,320.5334982,4.292826757,1.080847688,0.985293649,0.053392338,0.142580729
461,1,1,15,22,,,1.190428828,1.189108626,2.578624083,193.365136,0.709757175,-24.04995824,3.31515249,-0.741308195,1.08475601,1.126269485,0.180588297,0.087267185,836.8113556,740.4418124,168.0846482,133.4180081,3.648678254,1.083635237,0.992935463,0.218720858,0.113332979
462,1,2,15,23,,,1.157597838,1.220567394,2.604170589,390.2907576,-1.750868869,-10.83641799,-5.763768978,-0.899100618,1.101977168,1.133224885,0.305579224,0.154855605,980.1425769,816.953942,233.7305131,292.2796331,3.558417582,1.122093461,0.953636494,0.269795555,0.141754637
463,1,1,15,24,,,1.213288878,1.227055138,2.54384368,284.2918213,-0.136698572,-17.18762403,2.436862644,-0.73208388,1.032325312,1.103689345,0.134082607,0.156146769,811.7995109,762.6203336,229.2410208,168.9678048,3.518010937,1.063423198,0.988179703,0.220124614,0.120883944
464,1,2,15,25,,,1.1578956,1.230809974,2.579444561,176.3601117,0.939034063,-24.02573884,3.633611836,-0.29530071,1.136634198,1.045089226,0.112892442,0.171929479,943.7379924,970.2323074,235.5835936,224.1447354,4.404200165,1.105168798,1.079445256,0.108119194,0.118590066
465,1,1,15,26,,,1.171492161,1.243705158,2.60320019,431.44923,0.434315478,-33.27465104,-2.835410367,-0.683415882,1.021542989,1.039507039,0.100052118,0.166448429,1190.764272,863.135296,151.3923018,314.1413753,2.872467624,1.054761737,0.959668474,0.243276014,0.141527683
466,1,2,15,27,,,1.17029013,1.244661802,2.609205387,290.8678248,-0.475363974,-27.6890015,5.189436652,-0.069044307,1.111774885,1.028857952,0.194553531,0.123684219,964.30369,950.3970604,262.1831336,217.2671305,4.7240998,1.052081066,0.962378777,0.207467836,0.13418049
467,1,1,15,28,,,1.191096513,1.213857068,2.694422555,341.3217952,0.615053616,-13.27860809,-0.157881054,-0.367025356,1.127537047,0.988608621,0.162445499,0.126666242,825.0918968,996.7040272,219.3957388,428.9891563,4.338235883,1.057636336,1.069384821,0.122348729,0.101015277
468,1,2,15,29,,,1.205111778,1.21556705,2.59217697,370.5501543,0.337687792,-6.192578417,1.544455534,-0.069520498,1.102921362,0.987635371,0.158078809,0.171905007,1004.716219,787.9931069,134.5104178,186.623669,3.53756392,1.063203119,1.008403614,0.184272321,0.091593687
469,1,1,15,30,,,1.165883704,1.200517828,2.572936142,389.4998079,0.468938023,-21.96188263,0.081507602,0.353173944,1.047965244,0.978192002,0.275624553,0.116795299,917.8397371,1133.87065,187.384682,284.24043,2.916278788,0.981668779,1.038831644,0.159421416,0.127956938
470,1,2,15,31,,,1.221520705,1.203832312,2.533500207,327.4393642,-0.285411992,4.202567697,1.615616059,1.335611434,1.085591221,1.000855169,0.200211628,0.092107434,907.0273433,917.1472789,275.9942388,233.3653049,3.807718591,1.062423399,1.004322718,0.21288302,0.118000245
471,9,1,15,32,Fails: T5.2,,1.184343943,1.226105639,2.490757657,69.08419992,0.245708123,-26.47631526,0.018821059,-0.646636817,1.092561529,1.043248117,0.221020558,0.145130369,1070.808709,777.7766609,-18.14962929,243.1801118,4.209953734,0.963311048,1.023355642,0.194246246,0.136040112
472,1,2,15,33,,,1.170898864,1.23206958,2.56105568,171.539686,0.788365839,-35.45225209,2.708342017,-1.167907358,1.076009195,0.96659646,0.299218853,0.163019208,1092.205317,915.2934128,101.9379251,116.0323506,1.596520546,1.165927639,0.958712796,0.250671445,0.154343097
473,1,1,15,34,,,1.212083544,1.192758352,2.543579226,457.886773,-0.484957563,-27.20863005,-0.416046976,-0.144141944,1.033551555,1.110764761,0.151135554,0.170466886,996.2037424,796.8133463,261.6999674,309.5824519,3.883950968,1.013866874,1.052760029,0.25309347,0.114925747
474,1,2,15,35,,,1.216932482,1.197664946,2.545778027,321.6494638,0.17095797,-30.18909213,2.484677451,0.040043965,1.013712348,1.109186728,0.191621966,0.128607798,1045.528558,750.9665724,128.8167358,129.9184082,3.114509892,1.12768852,0.973978608,0.189711373,0.111155841
475,1,1,15,36,,,1.17925524,1.211826061,2.58546484,332.5247967,0.098389106,-22.98424325,-3.966948324,0.373488168,1.050636577,0.990821833,0.033560209,0.098270238,1014.500358,815.3117966,86.56976392,232.6227151,4.560760087,1.075440357,0.932716777,0.253768196,0.134670615
476,1,2,15,37,,,1.193990207,1.209234145,2.586963931,302.5183796,-0.997749376,-12.81349521,3.490551058,-1.476209461,1.083410951,1.0855839,0.226725099,0.107700353,875.3588552,883.5047257,32.0677778,287.4393815,5.356464875,1.072825795,0.860351415,0.176027157,0.068882965
477,1,1,15,38,,,1.200760745,1.217549692,2.628370865,304.6031716,-0.004249393,-26.03511576,2.992093958,-0.784839119,1.048014652,1.088026411,0.184832227,0.15523206,1120.172386,820.2739282,221.8068963,211.6808456,2.852902546,1.10376964,0.894462332,0.198052065,0.136541196
478,1,2,15,39,,,1.180472662,1.224262431,2.40618409,264.9042338,-0.916434216,-31.56851454,1.453693285,-1.853320632,1.019164916,1.007243585,0.183656886,0.137981114,961.014374,793.8512308,214.3608616,261.1647275,3.448056186,1.036933241,1.056233477,0.174195575,0.086139446
479,1,1,15,40,,,1.188175499,1.215605198,2.641237928,292.5190363,0.746898368,-19.1637666,1.281682614,-0.643638632,1.065726418,0.966116455,0.173932905,0.120487214,916.8170872,833.5029955,411.7657722,203.4703381,2.05615527,1.042950217,1.038681813,0.239748758,0.155981826
480,1,2,15,41,,,1.220722422,1.204247528,2.665011744,106.0125266,0.510305934,-21.46456243,-4.897954329,0.821128295,0.988727107,0.994396995,0.135143868,0.199781481,840.8603523,986.7151209,192.916716,311.4326102,2.385041102,1.133256525,1.019651021,0.257154594,0.082453086
481,1,1,15,42,,,1.17871646,1.213129744,2.574669851,198.342945,-0.273865315,-23.63611635,-2.550020452,-0.420293055,1.117977033,1.014126524,0.096634635,0.096269179,868.581848,896.6448121,247.1793882,178.549953,2.555022282,1.041796216,0.982940653,0.145068824,0.195538184
482,9,2,15,43,Fails: T1.2,,1.200497535,1.220055699,2.810581188,244.1702654,0.061590505,-20.51876047,2.754795118,0.895956953,0.986131999,0.99313958,0.251226806,0.190634619,1039.62999,1111.576872,288.2702178,347.4702977,4.492811172,1.046186523,0.978766779,0.204324147,0.096642719
483,1,1,15,44,,,1.184633817,1.219673562,2.543454377,278.449526,0.624491935,-38.45963265,1.166940392,0.199546457,1.040229006,1.038841824,0.222695444,0.115676611,882.0959295,975.3641592,315.5958357,218.1845808,5.199866152,1.034325278,1.019627946,0.202810887,0.210995873
484,9,2,15,45,Fails: T5.2,,1.182582033,1.213528614,2.563535153,300.4907841,-0.082163824,-15.53137535,3.152149242,-0.821385582,1.029159001,1.014146852,0.247078249,0.193561922,965.4722736,854.9567445,-30.17071673,96.48333101,4.624790664,1.09860381,0.929503651,0.147812097,0.130837932
485,9,1,15,46,Fails: T2.0,,1.22733105,1.181538883,2.635134653,629.0843091,-0.739305709,-36.65135526,2.462712861,1.138285053,1.064062515,0.940655314,0.136199997,0.127977583,951.5636594,882.2980029,85.2017676,279.8004451,3.868056228,1.048501826,0.922206687,0.201074169,0.12225028
486,1,2,15,47,,,1.173236913,1.207663788,2.579842606,114.2809356,0.152781557,-13.18698298,4.563710549,-0.763699932,1.04895619,1.054792312,0.174417881,0.07915652,911.1851267,807.8714549,170.6643528,283.9966884,2.679422405,1.094779941,1.104157627,0.224597688,0.11373092
487,1,1,15,48,,,1.182812053,1.207154518,2.588464888,250.5092614,0.530391883,-5.648664706,1.227266113,-0.928834386,1.018994708,1.026049859,0.216713406,0.122636905,781.7631298,1081.58346,91.41527058,311.5556697,3.17644791,1.058023013,0.990522726,0.249092998,0.111232132
488,1,2,15,49,,,1.176732937,1.243753542,2.626456089,445.6632448,-0.30121243,-12.81967233,0.352391672,-0.13208505,1.022959607,1.045862397,0.158659451,0.098437676,1109.496804,930.4915268,148.8300881,119.9412426,4.007255467,1.050379504,1.04557612,0.193522165,0.160215346
489,1,1,15,50,,,1.167069885,1.210173463,2.404935359,499.7789523,-0.077417076,-14.92678332,1.176418189,-0.108924253,1.094747675,0.954720085,0.253957386,0.033693581,988.7714147,881.1019634,263.7669067,170.3837234,3.108545658,1.073250216,0.896049698,0.16853697,0.140597133
490,1,2,15,51,,,1.227525782,1.229269533,2.558914362,281.5217165,1.061483991,-29.49503077,4.314439857,-0.666055025,1.010400634,1.054502605,0.070727067,0.193877807,960.4043637,876.8336948,288.1372482,345.7018171,4.51648963,1.032641784,1.039107568,0.204781483,0.1329218
491,1,1,15,52,,,1.197730406,1.211670184,2.57352864,246.094922,-1.025399864,-13.52705016,6.704713863,0.955284903,1.105797025,1.005712432,0.254932887,0.033917188,907.385385,825.1942527,222.6230102,217.4461753,2.202393967,1.042986063,1.056338535,0.299314482,0.087725463
492,1,2,15,53,,,1.201031809,1.193930318,2.553804717,114.8678059,0.350611763,-18.60722537,0.15067288,-0.325884573,1.106663466,1.074957337,0.162643805,0.108764639,874.7936375,1027.645116,255.216496,485.4085633,3.304581238,1.060590557,0.964957319,0.198125182,0.120121383
493,1,1,15,54,,,1.202469442,1.216151457,2.529984438,202.911407,-0.364482519,-29.12161607,2.82578557,-0.046762282,1.046433804,1.038568442,0.253346909,0.123249723,1077.288234,830.1779193,56.78848797,336.5285812,4.856573945,1.101647799,1.040163972,0.186880464,0.155314486
494,1,2,15,55,,,1.170073092,1.221622025,2.525509255,349.4632294,0.51566381,6.779308773,1.533766534,-1.247991404,1.114853756,1.044000039,0.126635299,0.106236961,844.2145092,927.9094992,303.9467312,207.2519777,3.917122262,1.081205725,0.97450177,0.23311079,0.100905667
495,1,1,15,56,,,1.232024412,1.200074235,2.706916143,292.3551694,-0.630276328,-34.81608723,3.198986971,-1.317359262,1.078928328,1.043251935,0.148080893,0.049356436,899.0031853,999.5096676,250.048794,418.0869434,3.562639303,1.104200291,1.05240266,0.200952183,0.07629138
496,9,2,15,57,Fails: T2.0,,1.201180526,1.202303155,2.539123346,614.978279,0.826190275,6.457790354,-1.479186819,-0.402014072,1.038520992,1.129397979,0.181605723,0.138894947,1041.515938,925.7990536,254.0161756,321.9072683,3.490463857,1.036954746,0.987892097,0.132185943,0.128968824
497,1,1,15,58,,,1.194198068,1.174976806,2.576239382,298.5070001,-1.004166921,-2.339798585,-0.266230512,-0.198045028,1.120898202,1.092961887,0.0980365,0.148533522,910.1641851,1062.450791,228.7375987,367.3716003,3.974711811,1.102429916,0.894591735,0.266660815,0.14660319
498,1,2,15,59,,,1.197850349,1.209771312,2.532114754,316.2419436,-0.265294761,-44.06989661,3.256438516,-0.132315339,0.982172315,1.060969293,0.208787482,0.148643039,977.3197145,851.4076757,197.2054563,288.2462744,3.158021835,1.08137421,0.905032194,0.265904049,0.132570427
499,1,1,15,60,,,1.161926348,1.213940719,2.606051024,312.1237287,1.111348095,-25.18923467,3.444796846,0.356880735,1.068014732,1.081506999,0.206176082,0.136964644,1005.558565,962.4381082,261.2283826,338.2465159,4.206254609,1.097634368,0.973704858,0.209868463,0.175902838
500,1,2,15,61,,,1.174291899,1.189982969,2.709282964,461.8967274,0.164723679,-11.85174628,4.476959359,0.697821001,1.151888677,1.012328069,0.178825666,0.120395354,904.2055494,769.6752526,265.9086016,219.448735,3.526205902,1.074792708,0.983555539,0.119116148,0.1318473
501,9,1,16,9,Fails: T5.1,,1.195674044,1.200505982,2.516727108,93.73944123,-0.95004569,-19.10037531,0.936238398,1.207728342,1.080675175,1.039812484,0.250754706,0.147394471,948.4935934,633.3595282,164.9215732,77.26611102,5.181432231,1.109298421,1.058969128,0.194932257,0.244235952
502,1,2,16,10,,,1.185122198,1.200535546,2.597681269,158.8053726,0.097101259,-16.67765151,0.302581363,0.435963353,1.031042618,1.017033926,0.243821947,0.116918142,840.6346488,928.9262437,273.5742797,217.3752404,3.576699871,1.098261195,1.075579744,0.287051282,0.137856723
503,1,1,16,11,,,1.185893819,1.203431427,2.63539266,308.1903379,-0.110436031,-38.44707401,2.761604267,-0.314053072,1.022937233,1.053602699,0.239979107,0.066442068,931.6986359,997.7751822,209.7864507,277.6704608,4.829383933,1.077491789,0.966705152,0.152456401,0.189123717
504,1,2,16,12,,,1.185925924,1.25194863,2.624590757,259.353778,-0.448995224,-19.81117294,-0.420464114,0.126985375,1.044362535,0.994826997,0.134334845,0.057177936,883.7622632,1071.913603,234.1824914,272.1057282,3.507108608,1.08594948,1.021624641,0.270676799,0.145859402
505,1,1,16,13,,,1.176682214,1.176335841,2.636576351,329.4656511,-0.507122169,-31.43747342,-4.70664093,1.148788154,1.108301063,0.971785762,0.161161156,0.159966862,1031.25806,933.3510892,155.4175654,284.4164947,3.141398727,1.028684157,1.074895767,0.197143707,0.165933924
506,1,2,16,14,,,1.188048715,1.190564569,2.463870832,292.8794184,0.840595356,-24.13613447,-1.322913532,-0.401747969,1.040890474,1.073254739,0.308154323,0.075549218,1005.223615,802.5792125,169.6921057,363.2383454,3.673890743,1.069153237,0.925513477,0.235561224,0.121691638
507,1,1,16,15,,,1.173026756,1.216625393,2.574609431,373.3372701,-1.080724803,-24.29128667,4.844694521,-0.972450949,1.060316453,1.059369077,0.286422265,0.095626837,836.5612069,917.988996,281.0644539,176.0379395,4.374117675,1.084847549,0.998210954,0.242567029,0.112973386
508,1,2,16,16,,,1.183300402,1.198858952,2.662945932,421.421642,0.580143463,-32.46675415,-1.322951352,0.520033989,0.999809071,0.92611619,0.206070709,0.133021741,853.8350571,957.7602326,292.9000096,255.7295334,3.817623317,1.097848958,1.016394018,0.192998102,0.075327688
509,1,1,16,17,,,1.158293557,1.180961282,2.55092353,279.8314278,0.383124606,-15.12851154,2.752099408,-0.698007328,1.0156459,0.982703274,0.202806662,0.069214028,813.7724629,969.6168757,201.4932751,160.725915,4.227737067,1.107970221,1.038453199,0.234530836,0.235315275
510,1,2,16,18,,,1.20273712,1.226302985,2.575526129,251.8149986,-1.289788853,-26.07066648,0.939608664,0.95061644,1.053467337,1.063252876,0.196071377,0.096406343,975.7214954,771.6511963,174.001108,254.0421382,3.718743142,1.049073012,1.047250158,0.279075667,0.11206332
511,1,1,16,19,,,1.238785722,1.246949456,2.509118574,314.1594739,-0.013684134,-21.85747327,5.103075563,-1.665703565,1.077417239,0.99789992,0.25074208,0.114756321,957.7901539,736.8201944,188.1421798,212.7718003,3.723017522,1.077672356,1.115112841,0.139440369,0.143115867
512,1,2,16,20,,,1.179945622,1.175246405,2.606855382,270.9498932,0.476076626,-9.478977938,-1.078998853,-1.041464751,1.029658853,1.031144177,0.233823717,0.087676975,1003.039318,1027.601355,344.7944872,454.8101099,3.662635676,1.030924174,1.02587195,0.219908486,0.156850481
513,1,1,16,21,,,1.206397847,1.199647404,2.666856318,372.7921506,0.067860185,-19.75678039,0.326303038,0.069057403,1.110481731,1.032276339,0.23732734,0.051716681,934.6666981,902.7657496,297.4061253,257.887956,2.493293051,1.020498212,0.983050824,0.175045936,0.083858291
514,1,2,16,22,,,1.187668421,1.194349991,2.671266274,263.9554138,1.098085747,-25.32023821,2.314854188,-0.498364063,1.020930196,0.936278796,0.17720624,0.072394264,920.5505146,800.1014004,170.2431678,265.2550793,5.098389497,1.039033852,1.017979313,0.172434945,0.182031597
515,1,1,16,23,,,1.203782316,1.227739792,2.556345769,298.1878385,0.425579233,-23.21089617,-0.658046002,-0.015813859,1.044434638,0.990057907,0.286374418,0.151950001,851.9744488,932.2411146,157.9658162,181.2914933,3.871049938,1.050443432,1.027869641,0.137900078,0.088707581
516,1,2,16,24,,,1.217722947,1.167765833,2.608886366,235.6360745,-0.125594982,-26.80895801,-2.922358217,0.671759659,1.134146024,1.03310446,0.275800863,0.140373462,961.2387417,1048.568178,228.9812912,338.7976061,5.361841727,1.076019639,0.948169451,0.138274113,0.065917964
517,1,1,16,25,,,1.229283326,1.231125794,2.518335055,346.925216,-0.697537128,-24.56883619,3.256548379,-0.677100525,1.099729217,1.087188677,0.205972395,0.158779817,877.4867915,910.2437347,105.5519398,109.6545498,3.585667533,1.083674555,0.985346126,0.290168532,0.103029552
518,1,2,16,26,,,1.212976252,1.197698874,2.469515306,266.4564046,0.844715116,-1.757187159,3.14922698,-0.437240526,1.011286235,1.034838968,0.206326093,0.09910017,915.4833922,702.1564079,221.9171674,185.1525924,5.396122147,1.043667408,0.997949972,0.189068016,0.125002446
519,1,1,16,27,,,1.195503715,1.225181184,2.546771905,225.9462034,-0.336869144,-11.3927695,6.607978657,-1.660223148,1.063088711,1.095198392,0.176703329,0.083167269,991.9597511,842.7549549,124.3111779,342.0734118,2.813187919,1.082794006,0.919361806,0.270632847,0.15317453
520,1,2,16,28,,,1.211794409,1.18860781,2.568487325,361.5566629,-0.351181224,-28.75175957,-1.127545336,-0.876282267,1.006618774,0.971188878,0.258957575,0.049825019,985.9210119,1006.098239,118.9555712,146.9967437,4.922840933,1.039076719,1.040929252,0.231260416,0.187629118
521,9,1,16,29,Fails: T4.1,,1.183065137,1.19204262,2.53199079,342.9081344,-0.016039128,-37.66260519,3.16530707,0.751806438,1.034622956,1.213432276,0.167089344,0.103721305,770.2342356,1048.2485,163.4683024,222.9243076,2.274340158,1.007778454,0.998449068,0.231038282,0.137215183
522,1,2,16,30,,,1.16315758,1.235988916,2.592588755,315.1520259,-0.391538072,-31.52145538,2.069230688,0.263649829,1.007381097,0.913796631,0.109768475,0.094644351,1005.195718,778.2904911,319.0130603,52.56394329,4.407818977,1.12860601,0.988013476,0.2871493,0.197102194
523,1,1,16,31,,,1.14525968,1.209389113,2.560519898,201.3861253,-1.086901842,-18.51847442,2.302679142,-0.260819634,0.994945293,1.069667131,0.296335816,0.018609318,889.4398637,955.6299239,102.0680401,31.07751333,2.451364075,1.092768647,1.039549107,0.169773216,0.170573815
524,1,2,16,32,,,1.233245826,1.18231547,2.620903385,337.2356146,0.077416319,-14.67025547,3.842616396,-0.17071138,1.12118876,1.006511122,0.124960609,0.051729897,872.4135696,979.5185635,248.1126622,169.1613283,4.361561836,1.127606641,1.015891341,0.119955206,0.1290512
525,1,1,16,33,,,1.195566933,1.170648981,2.612203973,276.9845146,-0.187315326,-18.44427229,6.927796625,-0.637808282,1.111982957,1.139043761,0.218866923,0.156201978,862.0437244,732.9774362,193.85648,344.6705567,3.502811256,1.060922084,0.912123272,0.147105021,0.162577896
526,9,2,16,34,Fails: T7.0,,1.178205579,1.239196827,2.571175697,317.8579149,-0.456210683,-31.98655778,-2.005755297,-0.792486167,1.021443317,1.058233228,0.152215465,0.114840108,874.7402962,901.5750742,266.8539456,309.6798277,4.44588956,0.95847372,0.915609309,0.234449579,0.163478579
527,1,1,16,35,,,1.17863197,1.216572953,2.604350745,363.5985899,-0.822602811,-20.92674771,4.177455186,-1.040695349,1.028966216,1.003368621,0.084068503,0.050492411,996.4074224,876.8965351,218.1580222,212.8004833,3.053773869,1.035753529,1.075287898,0.249706751,0.167561494
528,1,2,16,36,,,1.211543406,1.201048826,2.550945641,338.5347532,0.989480733,-31.71635612,0.093957494,-0.515425689,1.023223306,1.034300981,0.332006606,0.125928664,995.0733359,932.7290286,149.9186428,273.7599313,1.514006112,1.113551845,0.917353093,0.253474237,0.053970124
529,1,1,16,37,,,1.191796409,1.21996497,2.651276942,280.7920184,-0.488591043,-31.17069851,3.605068808,-0.512110159,1.027871141,0.981971838,0.188990745,0.111133209,1073.384288,826.6309792,132.4856808,365.7035289,4.893048223,1.133388152,1.00817539,0.271853449,0.149132607
530,1,2,16,38,,,1.244976217,1.213961684,2.479579539,214.5587343,0.272678991,-20.61919316,3.393879261,0.570773556,1.001333879,1.014836206,0.175337376,0.130872106,952.257512,823.6951487,70.01290876,198.2717887,2.697158394,1.1040865,0.957777906,0.208012506,0.136582977
531,1,1,16,39,,,1.187793346,1.174935506,2.554831512,267.5518194,-0.27419302,-31.37039648,3.037427597,0.45098924,1.072585856,1.009156884,0.180630076,0.093619671,1013.046162,875.5179004,158.8419318,304.3806943,3.241072247,1.041454609,0.964850626,0.263427931,0.164176804
532,1,2,16,40,,,1.213429845,1.230776461,2.664944432,310.5135888,0.453668995,-13.43705262,2.985549923,-0.533865006,1.145387955,1.023121373,0.14788224,0.088609331,841.8876919,993.9352933,104.3523212,296.7303713,3.621638201,1.097821533,0.974448882,0.20384667,0.193760642
533,1,1,16,41,,,1.214906046,1.214050418,2.617455018,287.2307023,-0.171266385,-40.66207994,3.621083972,-1.548977635,1.071229335,0.974284042,0.124547276,0.123096206,1042.914549,923.3100491,214.5954865,325.3542433,4.539153707,1.055013723,0.997695424,0.273048843,0.149272074
534,9,2,16,42,Fails: T1.1,,1.202016548,1.26258142,2.687357583,332.2502179,0.868458451,-21.7935318,2.05159767,-0.352905743,1.075561761,0.975205621,0.241306414,0.070968798,997.7004416,912.1397421,235.7848916,127.5865216,2.974919684,1.124867335,0.953951884,0.192031295,0.055603377
535,1,1,16,43,,,1.204662973,1.193498815,2.690579721,283.9659071,-0.741798271,-28.80356628,2.376403203,-0.286727888,1.149687899,1.062007843,0.232360344,0.078567084,895.9424897,844.0780269,173.6130554,194.7840049,5.129562776,1.049480267,1.085940224,0.172986335,0.154744612
536,1,2,16,44,,,1.192576616,1.206044278,2.565567255,267.2333594,-0.236403227,-17.73806134,0.087531935,-1.135224328,1.158690369,1.08202336,0.135711834,0.110317311,1151.870345,805.6591962,203.5866088,315.6646908,3.251478124,1.061041642,0.90984534,0.151885162,0.1261698
537,1,1,16,45,,,1.182953531,1.195642261,2.565924469,386.0545068,-0.42897473,-29.40437605,1.791206636,-1.673881067,1.061836086,1.042057919,0.174511049,0.024614084,871.4727288,842.1459164,159.5827533,174.0256592,3.723201928,1.09043921,1.055271687,0.167126682,0.119630794
538,1,2,16,46,,,1.197164113,1.184659502,2.547668861,340.1250899,0.673039777,-42.70916903,0.682884341,0.888602806,1.08081431,1.03204949,0.16999611,0.058033301,907.4964494,841.2761112,255.0620625,290.6416914,4.480864546,1.112104668,0.933211633,0.160706502,0.121044763
539,1,1,16,47,,,1.214053878,1.224810023,2.542466374,248.104954,-0.672702278,-42.43617136,3.891485508,-0.759781114,1.09109221,1.094312586,0.217315947,0.121964214,918.8718696,917.0842892,430.0922739,414.7953324,2.548831923,1.03214159,1.060026321,0.054050877,0.061295136
540,1,2,16,48,,,1.199147164,1.196086712,2.606925013,471.1125274,0.522791798,-38.76968247,3.760569522,0.416486634,1.070510575,1.083230395,0.191004202,0.180314226,906.7718314,875.6531927,235.4371067,217.0168245,4.564939021,1.140897539,1.069289907,0.192044867,0.066029784
541,1,1,16,49,,,1.184516337,1.253198342,2.602297072,334.5544169,-0.493329583,-14.17064808,1.839696237,-1.721815564,1.073242238,1.033963654,0.124629963,0.074639533,979.4146916,926.8198904,187.4428256,292.807218,2.663712245,1.037070374,1.025662788,0.221249642,0.095630462
542,1,2,16,50,,,1.204390135,1.224782901,2.586465792,432.2909857,-0.438364121,-36.6125845,0.869960438,0.398639887,1.073946585,0.940833951,0.222034041,0.115924445,924.3937553,802.581477,205.1929859,352.0093419,3.401858747,1.03267535,1.015895957,0.259891773,0.167887431
543,1,1,16,51,,,1.165715759,1.196892756,2.598798399,237.8134549,-0.719294539,-23.03006336,-1.072608144,0.075687507,1.053595881,1.049933685,0.233171547,0.168431944,845.8865029,932.0162231,193.1741622,68.70859191,3.516605229,1.037395942,0.959141527,0.213389609,0.032335247
544,1,2,16,52,,,1.180283383,1.187080516,2.467401537,355.7927972,-0.117360542,-8.929124654,-0.242095459,0.25011643,1.058313045,0.97769266,0.337341088,0.124108947,1056.881842,1037.828552,169.8353078,229.6715115,4.176570748,1.106024414,0.925056437,0.183941226,0.131529593
545,1,1,16,53,,,1.170211805,1.237718012,2.523778908,320.8444485,0.430309316,-33.46198233,1.844596426,-0.411978461,1.108485451,1.045316199,0.077185765,0.075816946,1060.375091,877.2397099,330.8476399,206.8500406,4.726924756,1.08735543,0.984201846,0.199940951,0.190860345
546,1,2,16,54,,,1.207879881,1.201272354,2.604484732,447.9346392,-0.118632896,-24.90800387,1.79381738,-1.289281311,1.017182868,1.048217856,0.31200708,0.1097226,1007.438299,857.5722098,270.6577324,313.7534352,2.845217453,1.06402095,0.924820136,0.260934059,0.084639376
547,1,1,16,55,,,1.212274161,1.218460571,2.601617687,114.6266908,-0.752627785,-14.01440003,1.477945252,-0.791262517,1.064871455,1.083770631,0.06792273,0.07510971,923.946476,1025.601668,203.4371366,394.1882037,3.661057609,1.054013611,1.017213655,0.187255226,0.113287246
548,1,2,16,56,,,1.173220876,1.206477759,2.638103239,404.9914918,-1.907068715,-11.58235491,0.738513447,-0.978728157,1.105404648,1.077163606,0.130726618,0.096928181,950.8094711,1071.392604,22.33766584,233.6345565,2.547649907,1.07227002,0.988771887,0.275974075,0.106949558
549,1,1,16,57,,,1.212439919,1.212494634,2.511316138,227.3035302,-1.343284394,-20.5680207,5.936453368,0.539136963,1.105734899,1.079828783,0.303250902,0.124945403,959.2483273,842.1788301,256.4065591,174.7385094,4.454505847,1.011361824,1.022021537,0.233504568,0.123708756
550,9,2,16,58,Fails: T7.0,,1.236230995,1.210627555,2.654983911,226.1172044,-0.048612411,-11.94483672,3.422780526,0.008553131,1.067006392,1.040138642,0.160550051,0.095576421,953.9736682,904.7361466,192.7373729,267.9511281,2.729898367,1.201164541,1.009096891,0.192340398,0.178211492
551,1,1,16,59,,,1.201944836,1.216942501,2.608604368,144.464804,-0.975681405,-29.54142773,3.300168335,-0.400218935,1.081323941,0.993814902,0.173550083,0.064144041,963.0715178,890.8989888,136.9224878,279.9716589,5.411342495,1.118230595,1.009084893,0.275543616,0.055557136
552,1,2,16,60,,,1.212864648,1.212490948,2.603423276,447.8267533,-0.649562903,-22.9847136,-0.43326294,-0.078618865,1.147358633,0.942289816,0.291276012,0.107033332,1081.353428,996.4387706,53.93495898,127.9832658,5.517335868,1.143301302,0.910345841,0.256597048,0.096451816
553,1,1,16,61,,,1.232792116,1.229949334,2.687082557,217.3098892,0.106186656,-30.09938046,3.587750022,-0.427203262,1.049486757,0.982720544,0.284671305,0.106759843,923.2978969,841.341253,182.8744145,359.7529368,3.871737788,1.063932675,1.012296783,0.153652361,0.232001941
554,1,2,17,8,,,1.179805219,1.171739078,2.611562224,288.1996075,-0.840234937,-15.63155299,3.965030673,0.457317977,1.039901401,0.976233246,0.24796309,0.103036181,1049.387902,889.7626699,128.7753378,141.767413,5.319242913,1.066050709,1.052697108,0.242495114,0.135812213
555,1,1,17,9,,,1.212568902,1.200216331,2.541362923,406.0998567,-0.540669124,-36.53156363,5.204584785,1.262670096,1.030565166,1.091935421,0.264937307,0.1367581,934.7617815,908.6252767,87.44627655,374.9809459,5.117081871,1.049748764,1.036179528,0.263740074,0.156295161
556,9,2,17,10,Fails: T5.1,,1.192042647,1.217184359,2.602748561,302.6849988,0.776557532,-27.59114274,2.747035006,0.301275497,1.069411222,1.087514944,0.137023337,0.140221962,944.8434354,620.9729272,190.00893,218.6318954,3.602341244,1.102033391,0.914447584,0.229284137,0.152564818
557,1,1,17,11,,,1.194978976,1.219259362,2.531554621,335.0498655,-0.759974854,-30.35857402,6.811226881,-0.247791016,1.104272546,0.882888693,0.093599257,0.113552245,926.9893312,933.5059224,267.0218053,269.8502687,5.33162742,0.996931212,1.050341631,0.236339735,0.181992675
558,1,2,17,12,,,1.193840506,1.212135698,2.532069327,164.8349444,-1.48492742,-36.3305853,-2.668887164,-0.218403035,1.057338054,1.134810824,0.211172486,0.132122255,919.8241129,798.4607373,183.2682518,270.6270405,2.184204787,1.082445876,0.930077872,0.199069696,0.002821594
559,9,1,17,13,Fails: T7.2,,1.252088578,1.219981684,2.551518997,414.1301916,0.100394449,-40.10627045,1.568773337,0.386325203,1.017077797,1.028767036,0.271425725,0.092527421,976.4180923,911.0741896,209.3680994,201.9499974,2.860570172,1.151989384,1.011614156,0.365088104,0.123523556
560,1,2,17,14,,,1.195269091,1.199487406,2.482884853,416.80117,0.313612348,-30.14939708,2.818334568,-0.442627314,1.062392187,1.049482892,0.2965938,0.037307739,906.4129539,782.0284925,114.7403719,326.5249786,2.524362959,1.065974387,1.020074669,0.193175322,0.072078426
561,1,1,17,15,,,1.212312739,1.230382953,2.461054257,245.5701974,-0.690796021,-22.02039459,0.377539414,0.345845561,1.040412127,1.01565527,0.228495887,0.140441144,984.3852127,906.617711,260.6786558,162.2272262,4.53384994,1.127042979,0.91616299,0.205824503,0.119803735
562,1,2,17,16,,,1.182678189,1.18775686,2.497697285,270.1154098,-0.860180859,-20.7976124,5.378562843,-0.645436888,1.060820105,1.017396355,0.128243848,0.145513942,1076.39255,874.4793441,252.3646781,268.0370129,2.015094405,1.119113612,1.070901667,0.161286875,0.11059841
563,1,1,17,17,,,1.192860116,1.218793484,2.559975984,280.8890364,0.98977904,-19.95735013,3.700438118,0.054645618,1.137675943,1.00920639,0.097627308,0.0976585,1038.411835,891.5619945,196.2135185,180.031047,4.713097022,1.101020234,0.9517605,0.261195902,0.1537819
564,1,2,17,18,,,1.188408405,1.211211584,2.499836633,306.2989552,-0.050818156,-11.54493312,0.968317622,-1.038356529,0.995815342,1.008602768,0.17923036,0.08029781,980.7916217,859.5448792,171.0126047,190.648718,4.957928495,1.101757911,1.010532376,0.210394346,0.167653873
565,1,1,17,19,,,1.217353169,1.227831292,2.502130427,432.3361121,0.903359338,-19.52550414,-1.876762073,-1.810845532,1.140865588,1.028382333,0.350272593,0.155335475,974.6255401,786.9752345,130.5562377,203.2124804,1.016547858,1.073383248,1.014327544,0.175258658,0.103064458
566,1,2,17,20,,,1.183222561,1.217877168,2.469711186,414.3292642,-0.804000706,-20.31860999,-2.033749735,-0.111615458,1.121855074,0.944364658,0.174902112,0.108286106,941.9418605,841.4133558,199.0650253,265.8224871,4.193791401,1.080868415,0.907466635,0.137354397,0.123423004
567,9,1,17,21,Fails: T5.2,,1.195028457,1.254358298,2.511932438,319.6861968,0.426829253,-5.891307168,-1.623119249,-0.286463052,1.065236315,1.119644227,0.275487237,0.144474983,1066.373372,854.389273,-2.597600762,162.362911,4.511696431,1.101736438,1.045347841,0.135110249,0.086921796
568,1,2,17,22,,,1.176496528,1.220911375,2.599777201,218.1530949,0.047942765,-29.2972662,-3.058489565,-0.329286312,1.046862528,0.94970728,0.219011583,0.095985548,1052.130752,939.2362812,357.9945531,273.3798155,2.706020567,1.052349055,1.017794074,0.270055943,0.203598852
569,1,1,17,23,,,1.218971993,1.202544155,2.600774961,333.3211434,-0.613410893,-17.57231001,0.791015998,-0.382984397,1.043996703,1.146194126,0.290495152,0.11091682,1060.622302,858.9206913,147.6673567,307.430016,4.029906794,1.116415491,0.93835007,0.154299481,0.091216701
570,1,2,17,24,,,1.195506295,1.181798353,2.695372519,462.2457271,-0.047934488,-7.87975403,2.673804687,0.635025621,1.031488831,1.010527147,0.285638453,0.141708513,850.1668036,812.1282526,372.2572117,121.4419246,5.92920098,1.038157793,0.996608255,0.105160682,0.072728584
571,1,1,17,25,,,1.186466639,1.190872986,2.598876396,401.2972796,-0.761871243,-20.7788076,1.857214073,0.966720004,1.011973968,0.954044601,0.15489954,0.050084007,938.4626664,915.587256,147.8804601,215.7596415,3.678979355,1.027927161,1.029432879,0.297235198,0.162502924
572,1,2,17,26,,,1.195332674,1.207406112,2.520030978,311.8638004,0.693086077,-9.346357824,2.793021696,-0.076414501,1.054901429,1.006154504,0.095524622,0.086444223,913.0309452,894.8736749,248.6657223,239.1126702,3.072661248,1.020569732,0.845273034,0.232739691,0.105975361
573,1,1,17,27,,,1.173293282,1.187979969,2.585210581,358.8066538,0.337345804,-2.782938649,1.344889326,0.190051997,1.027780025,0.965207741,0.101183742,0.14790528,952.1358588,825.8881934,200.7087986,219.44217,2.198841836,1.12275178,1.039971782,0.271839339,0.14099267
574,1,2,17,28,,,1.213650318,1.172221929,2.649959933,431.7180117,-1.240645011,-18.43119261,2.353235981,-0.889122254,1.1050121,1.022020889,0.197682806,0.087386795,802.9233797,793.4919505,243.400831,168.7709314,3.157868113,1.054626616,0.942729654,0.124360019,0.152789532
575,9,1,17,29,Fails: T7.2,,1.197136412,1.176495773,2.562221386,486.5301999,1.219711183,-41.33131176,2.742608716,-1.100666465,1.025003247,0.913898998,0.188968086,0.131562525,1035.343461,686.4107764,242.3938142,238.5977951,2.682249638,1.029789245,0.999933999,0.369729408,0.135964077
576,1,2,17,30,,,1.178892488,1.244082004,2.58355158,342.7569326,0.73727754,-27.3330307,-0.573905014,0.081915819,1.037617985,1.081876504,0.276581613,0.077909566,884.6720548,871.1212052,239.4033284,221.5425275,4.579822994,1.080722834,0.973177259,0.240204326,0.122714091
577,1,1,17,31,,,1.220224631,1.216557875,2.488216969,502.7641877,0.0534382,-13.08956745,0.589401687,0.175632763,1.068065833,0.971512402,0.163444478,0.124930621,1028.610023,901.4559779,264.0627615,233.5985172,3.400480824,1.113901689,0.951495765,0.272980702,0.134843611
578,1,2,17,32,,,1.190835838,1.2266974,2.570767199,255.7296613,-0.730593426,-10.33003714,8.362268887,0.545920557,1.039181906,1.044865755,0.165509266,0.146503614,968.1900305,788.0334609,270.6706605,280.1651632,3.558636926,1.043855726,0.991273004,0.271166582,0.1502082
579,1,1,17,33,,,1.193094137,1.255401924,2.680722771,270.6368829,0.272632577,-28.10792264,2.504485433,-0.439543897,1.111275443,1.037053697,0.193122111,0.085575065,1054.063244,848.2819353,201.0681635,273.5853675,4.121780857,1.071949626,0.878160075,0.265667086,0.148009563
580,1,2,17,34,,,1.178250569,1.24125302,2.586346936,310.1856778,-0.186056152,-22.15413025,5.691848128,1.016396765,1.041728661,1.012106949,0.154007027,0.13334813,907.6053558,852.2046769,205.3368719,275.8445595,4.571972408,1.104932164,1.04496186,0.25503406,0.112717048
581,1,1,17,35,,,1.228928019,1.236536227,2.651715007,389.6527863,0.871895149,-18.40610416,7.214184355,0.326650934,1.011837437,1.001724053,0.104968016,0.105317185,988.6606095,877.3200479,166.0111194,236.654158,3.264812804,1.059054574,0.995787837,0.130658593,0.179206534
582,1,2,17,36,,,1.172258314,1.206870323,2.507278934,306.8773695,0.087808645,-9.587482572,3.992427817,0.984459127,1.089520379,1.039008097,0.295571958,0.109023077,981.042327,760.6995093,246.556948,310.030912,3.157985621,1.015204021,1.023043192,0.231066844,0.1932694
583,1,1,17,37,,,1.189305683,1.185516789,2.63430021,298.792571,-0.910867056,-21.0501054,4.684803903,0.158879389,1.108003052,1.049179089,0.257048899,0.132194763,886.4959195,951.7122004,280.265335,213.2179637,2.76165013,1.086138842,1.035855111,0.208380673,0.156934726
584,1,2,17,38,,,1.153045083,1.227424673,2.625105816,375.9612972,-0.936667099,-21.28804122,4.255545603,-0.478979562,0.973571849,0.999913915,0.318845143,0.081145611,992.3176691,768.7989919,282.7962953,284.56199,3.603658968,1.129911766,1.011344164,0.161022906,0.180595565
585,1,1,17,39,,,1.234020345,1.232080846,2.517601621,255.2525709,-0.108655797,-12.93859395,3.655548815,-1.576164007,1.048241146,1.135506758,0.252528084,0.114298853,833.3759582,1023.847441,179.3226752,103.5712863,3.413196672,1.07029781,1.023871671,0.30060909,0.161397115
586,1,2,17,40,,,1.211740381,1.20639843,2.591194703,300.7822131,-0.002885808,-15.08819538,2.223694755,-0.438029114,1.077437562,1.016538329,0.193374784,0.103084523,952.3894832,787.9445484,227.9494699,188.2659148,4.573995106,0.970621367,0.892126783,0.070265568,0.156653985
587,1,1,17,41,,,1.220499721,1.195046858,2.575663269,318.6701245,-1.102673474,-44.31016734,4.868911756,0.819523893,1.046794537,0.988875458,0.198414945,0.134094693,1050.40177,708.0041018,301.0643692,251.0486323,2.675105552,1.077643542,1.06615022,0.184796396,0.092015461
588,9,2,17,42,Fails: T5.0,,1.183352575,1.191733386,2.582312706,295.3968729,-1.078193857,-16.60605275,1.976800469,-1.144003572,1.129308261,1.031214798,0.221308764,0.117327227,693.9327574,938.361686,295.0380077,339.9099682,4.143698834,1.081849013,0.987066562,0.210041352,0.103849354
589,1,1,17,43,,,1.197910538,1.223515924,2.489839278,288.8403492,0.567048903,-16.43098128,5.370179649,-0.576908613,1.078836994,1.024092988,0.282365409,0.139072991,938.5029416,890.889113,100.4911817,311.1762384,5.009367044,1.090390733,0.994395977,0.135744739,0.144493969
590,1,2,17,44,,,1.188651861,1.217970511,2.584470904,210.7072873,0.495717146,-2.62633484,2.507612438,-0.82720789,1.042717699,1.03013591,0.180269067,0.056676083,873.5009664,1040.332644,50.52082304,275.9993409,3.446229479,1.064255621,1.061649277,0.226988119,0.094979552
591,1,1,17,45,,,1.191280867,1.205830232,2.544913893,398.4071051,-0.494594091,-6.924735026,-0.739458684,-0.523791234,1.090324315,1.007481887,0.157212055,0.111734911,1000.300196,849.4167701,248.1141378,98.4851447,2.925189592,1.004415017,1.050054754,0.134701255,0.190681937
592,1,2,17,46,,,1.173447909,1.157789687,2.596056059,484.524886,1.015999329,-24.65032956,1.388925096,-1.481868107,1.010559811,1.02228462,0.189971963,0.150276899,970.5596835,1004.080027,156.3833162,443.1310976,4.958197307,1.198769212,1.018395005,0.112466052,0.162694608
593,1,1,17,47,,,1.205700775,1.210455035,2.471362833,439.6937117,0.063979722,-32.52731836,3.631543122,-0.688977516,1.030136532,1.06361113,0.288876044,0.080929438,944.1000372,729.995555,288.0937438,287.1716488,4.00869172,0.984342381,1.060966151,0.198872525,0.076338943
594,1,2,17,48,,,1.199409167,1.20356537,2.688904512,363.9096131,-1.001708344,-30.00897559,-1.202805644,-0.294688934,1.07868506,0.963056127,0.186953643,0.113259895,852.925051,955.6608606,94.99240809,248.139181,3.765622853,1.064679124,0.905355708,0.144262483,0.084816505
595,1,1,17,49,,,1.186539072,1.180538984,2.54080661,296.8529648,-1.571424636,-40.85196008,4.651574967,0.087895931,1.046395586,1.050663058,0.185487632,0.083037989,993.9666928,765.8803097,145.4703076,394.7511578,4.648331739,1.096093187,1.001779972,0.335737274,0.092598534
596,1,2,17,50,,,1.171214726,1.191288344,2.648065337,217.762902,-0.151421132,-12.17219428,2.175713738,-1.075162653,1.053705858,1.082998181,0.153160029,0.147327857,1068.82454,913.4791916,264.5442652,233.2506729,3.429556217,1.009947417,1.073702342,0.181349539,0.106934154
597,1,1,17,51,,,1.161225088,1.202995415,2.525274458,263.2935636,-0.915345997,-38.55399813,3.01734402,0.165132349,1.078461871,1.002848082,0.178865874,0.134275369,937.2111662,911.0529199,279.4641648,263.4244212,1.30436886,1.066767017,1.018337028,0.108131634,0.076920379
598,1,2,17,52,,,1.163151227,1.212578757,2.641228177,228.0906568,0.78156426,-20.39007571,2.680169973,-0.049998943,1.07030543,1.099450432,0.224108524,0.154197483,879.8909985,1072.740746,59.59276263,371.4184743,3.278534834,1.055476311,0.986960548,0.09560031,0.065126283
599,1,1,17,53,,,1.218769326,1.231287439,2.576250248,460.5252082,-0.900318443,-7.114343472,0.306613016,0.147596321,1.056361589,1.004183958,0.265685161,0.106503638,950.2553625,934.2445878,383.8653231,106.7924633,3.238711658,1.105134369,1.059911568,0.267927555,0.121418089
600,1,2,17,54,,,1.176023064,1.178283476,2.524637719,297.0915863,0.40584252,-10.77263254,3.224839125,-0.82456574,1.063709041,0.978339912,0.161818548,0.063055455,919.4883805,998.3008495,105.0132175,280.3126565,2.939166978,1.124075098,0.926466682,0.097472031,0.078431944
601,1,1,17,55,,,1.154063263,1.192294704,2.642258377,169.5749323,-0.818837119,-25.05167641,-0.553728262,0.758058474,1.038648796,1.025907405,0.349600534,0.08310005,928.3323945,878.4742713,251.2342953,301.3117928,4.137771682,1.178498417,1.070934744,0.189792704,0.133667979
602,1,2,17,56,,,1.2050344,1.218776966,2.660310497,524.7064165,0.200808687,-37.67586445,-0.438206512,-0.125734925,1.081316504,0.988705332,0.217020721,0.131016823,962.6412661,811.7044618,242.8037239,336.2374439,3.433539163,1.112204956,1.029454423,0.271097458,0.124151433
603,1,1,17,57,,,1.190667156,1.229251583,2.646405744,381.1545111,-0.099339692,-16.1968669,1.126395376,-0.791558149,1.020339737,1.038892491,0.211816903,0.150566102,892.0901751,729.582588,431.9756222,240.9904196,3.084184709,1.083662542,1.044416911,0.243102843,0.19509307
604,1,2,17,58,,,1.167648734,1.185525657,2.688827379,440.9659533,1.003712739,1.122366524,0.164049563,-0.003128558,1.114010236,1.010354708,0.136386576,0.097027724,1116.563805,881.2234381,300.5545527,255.3688901,5.457120455,1.108898905,1.03056731,0.312232847,0.223884848
605,9,1,17,59,Fails: T5.1,,1.217848829,1.204363392,2.561203458,469.841912,-0.120560194,-18.91886065,-1.140465283,0.390526583,0.975275119,0.996938427,0.18306688,0.146163884,972.799872,668.6536609,204.3164896,102.4660573,1.82826729,1.065893436,0.980833854,0.231358213,0.137134489
606,1,2,17,60,,,1.203865853,1.194880011,2.582701879,308.7481808,-0.576883001,-41.34298891,2.345045687,-1.093101933,0.991559146,1.096855308,0.296258477,0.015181625,1004.83078,891.0336538,62.5826114,257.4912663,3.854662373,1.053914446,1.081915493,0.062347995,0.16931129
607,1,1,17,61,,,1.18467278,1.201582656,2.504221392,326.2407454,-0.175723125,-20.69975639,-0.00523533,-0.765419487,1.125239161,1.023000661,0.223168023,0.054216613,990.8810039,770.9937708,203.7518112,164.1886954,3.043331044,1.077081124,0.953590357,0.220743191,0.157813529
608,1,2,17,62,,,1.195921857,1.214967487,2.631877095,314.0293742,-0.290235502,-35.41421688,3.513142483,-0.111540096,1.025725376,0.991513168,0.225857301,0.102482996,899.7372475,889.4271485,183.8021729,323.2587328,2.869408746,1.065098167,1.079064871,0.224510728,0.165782615
609,1,1,18,7,,,1.190993299,1.224628824,2.530966172,328.0442984,-0.244837998,-21.87592801,0.611761175,-0.342695438,1.110658393,1.113451972,0.127319575,0.116839547,1106.455166,978.8430746,155.5340672,223.2096543,3.06701431,1.06478333,0.986268472,0.177948928,0.125976406
610,1,2,18,8,,,1.185325513,1.229374243,2.581660056,142.9038829,0.838816308,-36.49146679,1.56055578,-0.108498117,1.065725296,0.973709415,0.225034361,0.103837175,1015.570957,964.0529588,179.9243144,172.295593,3.168349718,1.07445048,1.030286226,0.227623511,0.167658397
611,1,1,18,9,,,1.179049072,1.203643964,2.687475112,386.1294386,-0.493493266,-14.56702134,0.541324068,-0.739873404,1.047509115,0.94307887,0.233884291,0.129366293,949.9709072,1020.637244,35.97629055,188.1124748,4.72443403,1.031978335,0.981623393,0.292970208,0.179341936
612,1,2,18,10,,,1.217028453,1.180260321,2.502990268,453.3869127,-0.22676978,-37.63396745,3.282998285,-0.421000933,1.037626597,1.006458833,0.1196583,0.147321625,930.0141555,959.7718663,80.25166486,366.1926793,2.992561827,1.06903942,0.955923562,0.090641121,0.205016397
613,1,1,18,11,,,1.202609964,1.147273861,2.503427518,511.2376486,0.070093892,-23.72539232,1.77959134,-0.965794729,1.090733159,1.069851955,0.149996081,0.115574839,944.1537029,808.8496363,205.1221357,285.6329593,3.359484515,1.078011796,1.085258694,0.207374106,0.110607139
614,1,2,18,12,,,1.243924659,1.170897573,2.598444662,252.8357115,0.917916148,-37.29805313,6.06499258,-0.269072048,1.019405735,1.1006555,0.175523583,0.110950424,979.9540723,933.6078085,297.4081699,335.4230397,1.890392023,1.007910691,0.90377411,0.065205627,0.174457834
615,1,1,18,13,,,1.169535486,1.212504166,2.617785585,329.126355,0.271518261,-25.26387179,-0.429845392,-1.135893957,1.1686361,1.115841932,0.108999709,0.159417609,932.0188334,774.1860868,351.5341264,197.543441,3.932553365,1.086146455,1.045195124,0.159474915,0.137991402
616,1,2,18,14,,,1.201105182,1.226055168,2.55424895,145.0404924,0.071997801,-13.69977296,5.414645329,-0.124945593,1.089772668,1.048579929,0.116542703,0.09517421,917.4512492,832.4507387,226.9716648,274.7414532,2.775233013,1.109359441,1.067977653,0.276439232,0.125644189
617,1,1,18,15,,,1.214047006,1.185398663,2.556844929,228.1742254,0.266204217,-9.002586652,0.664976391,-0.126761463,1.041696783,0.989643371,0.253759069,0.074855789,844.607764,873.0976752,162.7506216,159.1914191,3.617406049,1.063131531,1.041345865,0.198529767,0.113102564
618,1,2,18,16,,,1.20171355,1.219233629,2.595573857,402.3431741,0.581613733,-7.408055526,0.91968635,0.321530359,1.123265899,1.025845863,0.148521003,0.076853216,885.1622509,771.3144158,306.5967788,202.5721799,5.034954845,0.989051419,0.994307478,0.16163722,0.177441523
619,1,1,18,17,,,1.188034267,1.199330785,2.444541592,383.2146023,-1.270825917,-22.44005889,2.114217186,-0.089315476,1.088383959,0.979552125,0.230329002,0.116616774,964.5851927,976.7625912,221.7827448,305.9740463,3.279074329,1.076173353,0.961004614,0.325716758,0.13201551
620,1,2,18,18,,,1.179157316,1.216643791,2.552990236,222.0709177,-0.518562128,-26.32743391,0.310953232,-0.165796345,1.091859247,1.039499242,0.047689205,0.132895828,1094.928112,978.7233305,103.9902388,328.4878911,5.174244195,1.042382802,0.923214041,0.266833293,0.090279611
621,1,1,18,19,,,1.193582766,1.221535236,2.575623346,345.1767123,0.394767167,-5.668013416,2.948014109,0.269804893,1.08012716,0.996463987,0.068548193,0.109870659,867.9909708,913.2277602,189.9699173,372.5841872,4.008519348,1.05757784,1.056936199,0.257340912,0.136335514
622,1,2,18,20,,,1.233561044,1.205745107,2.475560275,274.6702387,-1.341179044,-35.64160907,2.719438094,0.194273173,1.02855846,1.089456174,0.190447082,0.082625917,842.7529085,964.5073336,297.6833598,346.2313377,2.306272488,1.046985501,1.032419913,0.096658578,0.166601837
623,1,1,18,21,,,1.208096244,1.200079776,2.616105975,269.3545864,-0.103181134,-18.90165533,1.085105318,-0.867949267,1.090966604,1.087617507,0.226348391,0.098935682,861.1186625,1018.524043,269.1355554,401.1691208,3.693136704,1.082475828,1.117311981,0.151136313,0.07162659
624,1,2,18,22,,,1.172225361,1.202480899,2.480973021,357.3789916,-0.951423135,-14.94132722,-1.35946589,-0.229111738,1.017652328,1.045955474,0.098836666,0.18058674,996.270972,1030.618492,172.9248616,284.5894837,4.435483292,1.056917193,1.077063367,0.10899393,0.053720574
625,1,1,18,23,,,1.186414267,1.190342021,2.530946178,104.3939891,0.683154784,-9.382607086,3.307722555,0.30477597,1.137807359,1.02714678,0.140827581,0.092869139,887.4092346,758.4782389,305.9125,214.2657648,3.94417937,1.114281985,0.979088529,0.25183597,0.042388139
626,1,2,18,24,,,1.230240998,1.219917639,2.619773006,572.9838608,-0.420659704,-44.88258106,4.148747653,-1.369139455,1.093206342,1.048153471,0.133241487,0.111376446,992.8816133,874.5419238,267.3652284,338.5373703,3.935699627,1.074570465,0.956992463,0.29156677,0.087929833
627,1,1,18,25,,,1.198655299,1.197628629,2.648964727,405.291426,-0.552763578,-1.248987194,-3.374016502,1.280508958,1.078426301,1.05781773,0.13835424,0.14945877,940.6106411,736.417335,209.9180626,155.3681412,3.32221323,1.097521721,0.924120337,0.176556326,0.137197352
628,1,2,18,26,,,1.199995942,1.219233438,2.646023611,144.1985428,0.027627502,-27.44061054,3.951866924,-1.323752251,1.004072765,0.975448613,0.094138312,0.123457481,848.3515065,733.807912,175.1534526,240.8033795,2.633513252,1.081611332,0.995604068,0.234334427,0.104695543
629,1,1,18,27,,,1.169336242,1.25163082,2.601223842,230.0335914,-0.793276619,-14.79730108,1.62524011,-1.11587412,1.052269916,1.047038471,0.11113969,0.134064132,868.9825196,816.1334164,164.025929,252.2920439,4.169444831,1.063322734,1.001643367,0.200565033,0.155130383
630,1,2,18,28,,,1.2085823,1.193711572,2.574511813,236.9231181,-0.449921479,-29.35894977,2.865724276,-0.125245559,1.127494444,1.04800169,0.177810518,0.089907876,1015.802825,786.7092237,255.8339499,169.7057588,5.136555968,1.13251719,0.944332868,0.172798225,0.16174514
631,1,1,18,29,,,1.18904395,1.196621468,2.638855434,271.7813997,-0.805933513,-0.487400788,4.269327685,0.648291198,1.088054193,1.147433264,0.133410692,0.099059146,1021.889703,966.7066142,201.6423009,241.8947379,3.885469544,1.109742849,1.003893983,0.068474521,0.195690455
632,1,2,18,30,,,1.212937667,1.191328408,2.455845006,465.7280906,-0.47372254,-31.42129845,3.469051257,-1.709868586,1.010193172,1.060029597,0.217923523,0.107514215,1029.60851,1043.845463,249.6486492,323.7581988,3.291083061,1.016087122,1.089897159,0.123890872,0.093751218
633,1,1,18,31,,,1.176203927,1.166535204,2.609696505,351.6547012,-1.363803086,-23.22009169,-0.483126967,-0.381309266,1.054051401,1.002977434,0.261858484,0.130383015,940.7950126,909.0366208,250.1465043,262.5084756,2.86254041,1.106544391,0.855871271,0.17734724,0.187731228
634,1,2,18,32,,,1.162381179,1.210060482,2.534169406,292.3391256,-0.476614502,-20.77365846,-0.11567639,0.561628952,1.060534362,1.037307028,0.124624587,0.081542056,958.2818216,923.0355331,160.9179341,250.2198841,4.953707005,1.077726722,1.078992573,0.278055983,0.197588239
635,1,1,18,33,,,1.179964054,1.192774412,2.474466553,279.4831339,0.549107707,-35.08432466,4.039057431,0.496797793,1.035273315,1.024121172,0.185046534,0.111208181,917.4514862,1035.512554,194.5267836,272.0309367,4.46742454,1.039547362,1.068386505,0.137289746,0.125039239
636,1,2,18,34,,,1.160968666,1.231425539,2.469080095,314.6195287,0.089992831,-37.13396896,1.766663201,-1.122626576,1.07207887,1.03100631,0.131884565,0.139452027,982.4802046,836.0343138,112.7510053,314.2574027,3.826868441,1.048931791,1.008725695,0.287852134,0.194947927
637,1,1,18,35,,,1.187446413,1.217753184,2.562326904,185.94828,-0.037874126,-22.08021272,-1.071031147,-1.137364848,1.126484372,0.975051277,0.202202185,0.14147801,874.2812121,809.0745525,211.598222,255.7927096,3.738239622,1.08270978,0.994318521,0.190383453,0.162693306
638,1,2,18,36,,,1.194865922,1.192751825,2.67153452,255.8135224,-1.570285964,-42.47486931,0.748393635,0.427984822,1.041507617,1.032716561,0.127365306,0.124156649,873.6238101,843.3988483,154.3642225,224.9178259,3.315532192,1.079983372,0.994434627,0.214536902,0.128456698
639,1,1,18,37,,,1.179240667,1.211703415,2.530333725,356.6310642,-0.101753354,-18.56425614,2.007990317,0.051536629,1.064508814,0.986806541,0.212126835,0.121312767,1021.321851,1096.590852,267.2508906,424.7505965,2.185968705,1.077978894,1.04502467,0.168097793,0.16255452
640,1,2,18,38,,,1.194991552,1.202814897,2.586504029,334.5006654,-0.23723361,-30.54165598,0.222657969,-1.189427765,1.055750263,1.080381739,0.282572188,0.161954421,965.125488,760.2113369,129.2264086,195.6938678,4.714521268,1.014754233,0.927004393,0.282729532,0.084559724
641,1,1,18,39,,,1.183580263,1.200169374,2.508894493,286.3929424,0.208570998,-39.60949693,1.285242986,0.09930581,0.994998929,1.026729668,0.117061391,0.106821797,927.4950111,924.0803341,249.4940589,259.58974,4.26443987,1.111950965,0.946460145,0.12619378,0.141247672
642,9,2,18,40,Fails: T5.2,,1.223138229,1.194926725,2.603450288,302.5349292,0.852739345,-24.64148319,-0.671620139,-0.925561239,1.071761978,1.013973167,0.19594774,0.170580259,893.5029239,881.3645515,-14.55985257,202.213979,3.061669163,1.080771671,1.045247425,0.175447147,0.179017461
643,9,1,18,41,Fails: T3.3,,1.174787844,1.239919072,2.571617055,179.3635861,-0.970568965,-16.65352121,0.343760602,-2.110250106,1.044000813,0.915742334,0.262614577,0.082395971,918.1287118,1068.407189,266.3661288,187.0379698,3.354166889,1.056068871,0.872323413,0.150619998,0.2070547
644,1,2,18,42,,,1.203370348,1.206227929,2.608029852,321.0038717,-1.191496369,-30.16615137,3.139013757,-0.019399765,1.11185756,0.928891132,0.169311467,0.050466334,860.6029292,866.2312104,208.5810168,167.3757624,3.074061826,1.144615045,0.963948239,0.116818043,0.06223028
645,1,1,18,43,,,1.200911007,1.229888458,2.510543772,348.8358929,0.153871937,-29.75468763,1.798172932,-0.888105269,1.049479149,0.961538758,0.251128925,0.091437037,867.0342658,772.2337136,347.4514361,109.5354226,3.37714064,1.079136631,0.958041496,0.169667903,0.114830466
646,1,2,18,44,,,1.187102568,1.182986454,2.617415986,258.3851477,-0.862404332,-10.6791444,0.465709793,0.320095259,1.064031839,1.013790771,0.161227862,0.128994704,862.5443174,981.2840144,181.7587352,353.1776292,2.982323414,1.050600596,1.091834044,0.246176452,0.152755027
647,1,1,18,45,,,1.214831358,1.230826737,2.586294897,344.4939348,0.256177842,-3.949583617,6.954265964,0.154361503,1.062985281,1.097554407,0.338614237,0.143713733,892.2991558,715.9429509,193.4521109,193.9075981,4.397299375,1.146728044,1.035294621,0.244932699,0.149324906
648,1,2,18,46,,,1.176169408,1.222954711,2.533959925,216.8537841,-1.133128245,-3.150819129,0.607834095,-0.255193363,1.034915211,1.108100307,0.252063668,0.064643431,1046.01019,955.2081105,177.9340756,206.5039391,2.273107925,1.068225889,0.997576207,0.105240207,0.183486715
649,1,1,18,47,,,1.220600991,1.187210834,2.546751789,425.962819,-0.794623629,-19.71817062,3.667201257,-0.429578756,1.075946251,0.933569375,0.235043852,0.09987411,990.2103761,884.5853973,261.2624319,258.4671454,5.610120103,1.028334424,1.003032185,0.120131121,0.238865451
650,9,2,18,48,Fails: T3.0,,1.211206533,1.185759238,2.619323885,511.381698,-2.104719494,-52.73597131,2.649054279,-0.554054495,1.080653082,1.084564927,0.198010105,0.085941862,981.9305689,769.2830526,189.2991438,270.1452849,1.573828831,1.082325137,1.005566905,0.208940192,0.106102511
651,1,1,18,49,,,1.218202147,1.244028686,2.63279637,324.3985961,-0.340319852,-23.01671241,7.025450738,-0.718316678,1.038866358,0.934653412,0.230452624,0.119301332,957.0500613,850.6872865,301.691009,444.9133067,3.183743546,1.08630318,0.956804172,0.177477619,0.089310617
652,1,2,18,50,,,1.231624148,1.196227371,2.583367736,385.2228356,0.634596657,-37.60041394,3.443022594,0.155723198,1.077609963,1.067889152,0.235411014,0.099742985,959.2277501,752.3200308,170.0332741,196.6044191,5.137978608,1.035998451,1.089241383,0.210352708,0.112152634
653,1,1,18,51,,,1.198406865,1.247548837,2.673426725,93.89953273,0.107462657,-20.92389993,0.779174789,0.350627064,1.098287203,0.993074447,0.126921142,0.116731632,1098.523955,996.9769656,302.2302117,297.8116881,3.435822396,1.084937207,0.995863295,0.250545531,0.125338924
654,9,2,18,52,Fails: T6.0,,1.20083734,1.207051344,2.608886325,342.9090918,-0.189507679,-28.85422651,2.54279029,0.05122802,1.058356382,0.969139232,0.205535899,0.137124261,1000.684122,685.8238752,232.1652038,169.9251381,0.790501099,1.140595866,0.949367029,0.134370943,0.173749148
655,1,1,18,53,,,1.200131226,1.181799526,2.51676722,330.9864812,1.329115932,-20.42466309,-2.149612093,0.602270163,1.156451955,1.059907766,0.166581041,0.137185911,950.4206134,1069.70326,247.6195067,392.2071939,3.081235475,1.0448516,0.932787254,0.264424516,0.124820467
656,1,2,18,54,,,1.206453859,1.239607773,2.620225897,406.3592612,0.165794514,-35.59650335,2.650784434,-0.076855228,1.031591279,1.031552458,0.151834574,0.077759785,954.9396112,1057.535194,295.3961644,265.9826254,3.627905349,1.076886144,1.022315696,0.246327365,0.095682591
657,1,1,18,55,,,1.168147949,1.181460323,2.651365298,120.9588289,0.449146159,-19.4986722,2.350529598,0.125349048,0.977781423,0.960119007,0.224128432,0.098865079,944.9199967,851.9676697,207.5366297,84.3766141,4.941522756,1.120094942,0.960185096,0.208734582,0.171923648
658,1,2,18,56,,,1.201788274,1.199266763,2.492827647,423.156277,-0.288397219,-7.387727307,-2.643462342,-1.267574771,1.093990664,0.996423845,0.234348935,0.05673122,924.2547081,876.0451124,228.3104701,289.5788779,3.03384712,1.155435907,0.950068394,0.195307098,0.115258865
659,1,1,18,57,,,1.187035818,1.187238224,2.547213423,372.8168207,-0.948943681,-9.849604145,3.875540716,0.339155015,1.049678609,1.004550405,0.241350586,0.116060878,1075.661017,963.3908143,323.4242567,252.4799458,4.308079901,1.096815376,0.981852662,0.201162712,0.185278456
660,1,2,18,58,,,1.154785394,1.21058656,2.456747631,162.4962394,-0.617026415,-10.3114568,-3.665712949,0.340108065,1.064000808,1.092730205,0.214081076,0.094128026,839.6341736,871.675933,276.4232258,218.9488254,3.12027739,1.069878834,1.029786859,0.249956724,0.197875157
661,9,1,18,59,Fails: T3.2,,1.152437193,1.224010482,2.617443475,372.9830498,-0.216063804,-33.80114104,-9.641822913,-1.046536403,1.00736401,1.060315579,0.15924326,0.111873156,747.9687359,933.9994257,184.7907737,239.0663816,5.434216033,0.968923113,0.995930233,0.2471632,0.19173855
662,1,2,18,60,,,1.182748809,1.201425375,2.507046941,434.9420437,-0.889602873,-20.74286237,0.248880191,-0.578517621,1.094679054,0.9366566,0.233382808,0.106145154,1029.244678,784.6218878,247.0309649,216.6721988,3.858991941,1.108701554,1.10884711,0.201977935,0.034836325
663,1,1,18,61,,,1.203432825,1.184221817,2.567089234,250.8915838,-0.443872809,-17.87925126,5.738207582,-0.585198362,1.110453952,0.922196484,0.13564092,0.154644814,987.2251504,932.0546931,278.0269605,283.0297415,4.984098942,1.074596519,1.042359787,0.151646966,0.098636238
664,1,2,18,62,,,1.19986176,1.220159125,2.558448337,264.6652996,-0.008882865,-21.95346596,0.107896901,-0.318695793,1.042878604,1.014572882,0.194132926,0.111101877,889.97164,790.5457498,182.8906241,196.3847794,4.735679401,1.157866216,0.988647627,0.190780191,0.123244817
665,1,1,18,63,,,1.221899688,1.234721526,2.595380439,234.387319,0.582601847,-21.31190913,0.303586499,-0.818236345,1.018864457,1.063362062,0.247786925,0.190563899,949.4548411,919.7231436,304.6230466,336.9906092,3.47557015,1.093436542,1.018211595,0.274633706,0.088079806
666,1,2,19,7,,,1.184845515,1.235575103,2.592350566,379.9438557,0.257040361,-14.57525456,0.8724977,-0.230392139,1.122419574,0.960736353,0.161669652,0.081574052,855.0008515,985.4108995,146.2137333,208.4491406,3.1765297,1.035127796,0.972330787,0.275386666,0.146720113
667,9,1,19,8,Fails: T1.0,,1.1186941,1.217350051,2.626437089,145.3950616,-0.723070083,-15.88438324,-2.871271376,-0.573484739,1.016149246,0.935748754,0.216486953,0.148584272,812.1033136,966.6895582,200.0206883,463.528819,3.438917004,1.045131516,0.989386593,0.173419568,0.079239196
668,1,2,19,9,,,1.222409543,1.210019369,2.5474188,103.9856892,-0.241807136,-19.52764907,1.372520659,-0.107781137,1.094471685,1.079313418,0.290027751,0.081132245,941.2361652,962.4742693,266.9005008,435.9081131,3.941229225,1.08039159,1.052324863,0.210177877,0.237771445
669,1,1,19,10,,,1.182465195,1.20147651,2.48035308,335.9677031,-0.634338206,-19.31819091,-0.972150453,-0.495791579,1.1273956,1.159167996,0.209570386,0.109720199,900.8246054,857.1271109,165.162122,366.6066136,3.459520127,0.995848841,0.989465353,0.151105108,0.169308282
670,1,2,19,11,,,1.197268738,1.248134796,2.560334454,440.5383403,-0.715725519,-22.65109883,2.515504806,0.05997792,1.080794974,1.086370793,0.129144157,0.191147564,974.3664305,1009.250992,60.85070663,175.5219733,4.977590763,1.05260471,1.041942021,0.195956525,0.217871337
671,1,1,19,12,,,1.219285176,1.229675289,2.594643831,404.3995704,-0.355699152,-8.678024108,3.634024938,0.447914359,1.136396912,1.034335867,0.19539556,0.122313021,900.4634056,944.1180406,400.7784219,319.4252319,4.336523798,1.060857586,1.064101354,0.149078123,0.165163363
672,1,2,19,13,,,1.211574609,1.218666943,2.507530824,375.3412077,-1.019024489,-18.10784816,3.895027142,-0.031923914,1.102084545,0.951999433,0.202651364,0.104311264,988.6217368,887.3582448,258.2659366,316.645184,4.330456339,1.098102488,0.961823785,0.222901174,0.127712393
673,1,1,19,14,,,1.1989033,1.229570056,2.459455614,199.8684394,0.955542956,-23.35000719,-1.168922905,-1.110117791,1.048997507,1.06799074,0.171374956,0.125040198,844.1246773,826.5562842,281.4708676,342.9182402,5.266162994,1.025059921,0.949454162,0.105368418,0.150699438
674,1,2,19,15,,,1.208390503,1.187246784,2.541012767,178.0128988,-0.143780135,-23.61480931,6.987586683,-0.49572567,1.075049864,0.998378618,0.205415215,0.068830804,743.3758383,893.6203956,254.298477,385.5081496,2.97544498,1.06210693,0.991268686,0.166505085,0.116818482
675,1,1,19,16,,,1.162966541,1.193700912,2.434067776,531.4555333,0.718638942,-12.49599676,-0.717084386,-0.171818968,1.036577425,0.955107347,0.097318671,0.110914789,956.441467,808.9058768,394.9187725,260.7653466,3.229533667,1.048442899,1.00095749,0.138365914,0.180577567
676,9,2,19,17,Fails: T1.0,,1.135439101,1.237035971,2.625780335,191.1825258,0.060825563,-15.86078285,-0.297071033,-1.224084995,1.098669789,1.054502708,0.232866841,0.148444657,926.0779088,987.2317589,155.0720777,338.8234409,3.438622684,1.077010844,1.079653319,0.302375219,0.148681032
677,1,1,19,18,,,1.185690566,1.223973767,2.632548091,218.9121022,-1.178540576,-23.56891894,3.360149647,-0.972866253,1.0858111,1.089230979,0.200747591,0.137596006,887.4247617,718.4128219,242.203883,279.0240578,2.542569617,1.084969143,0.900354286,0.171993721,0.126912178
678,1,2,19,19,,,1.171543399,1.222865691,2.541345127,185.1386691,0.67945138,-21.17911769,3.586296915,-1.153240322,1.087422031,0.977703661,0.154334645,0.102751359,1081.96262,904.0179005,258.200554,91.86365273,4.727185974,1.018517918,0.937341583,0.288497575,0.081825475
679,1,1,19,20,,,1.166386236,1.221978886,2.472948595,250.1309919,-0.384490489,-20.42509975,2.263552146,-0.904811316,1.155549962,1.117481259,0.277848291,0.104251939,1112.920786,790.7035901,174.2915338,359.6937096,3.83774086,1.034116898,1.003190433,0.178246333,0.125640438
680,1,2,19,21,,,1.195418529,1.178485406,2.669221161,287.3466834,-0.693332715,-11.43406092,0.528200419,-1.069838077,1.025366073,1.029927155,0.222471699,0.102352355,989.0536245,841.566436,215.2106703,85.02699217,2.650952651,1.018023946,1.030755454,0.115540987,0.133222663
681,1,1,19,22,,,1.199432916,1.212449638,2.520264855,483.0326099,0.07228054,-30.91355718,2.329372431,-0.647833164,1.071858268,1.129490294,0.191394225,0.10655082,974.721967,1043.338823,86.75632774,193.8520661,4.289324679,1.055175491,1.032544522,0.149965562,0.13175986
682,1,2,19,23,,,1.180262354,1.202097335,2.61440865,284.849541,-0.119124884,-27.12952494,2.911811597,-0.061549293,1.051011531,0.916092734,0.2410092,0.143899639,980.4667998,991.4552503,222.6346057,207.1966463,4.669541031,1.105332432,1.028063791,0.2347724,0.10231558
683,9,1,19,24,Fails: T7.2,,1.174760365,1.234742629,2.460021471,265.023777,0.088412334,-14.08526678,1.986901091,0.308397643,1.070359119,0.955515529,0.212151825,0.138056323,1010.27815,853.7535708,321.8548963,305.2646367,4.447152821,1.043432824,0.973696594,0.366566674,0.117286566
684,1,2,19,25,,,1.218411961,1.194352915,2.559207026,300.7465792,-0.375059536,-33.46748725,4.156406342,-0.728985158,1.062440092,1.062547259,0.139782818,0.146011097,896.3498858,874.3083416,206.5696394,290.8311543,3.524958333,1.087901614,0.964968782,0.204950635,0.147456641
685,1,1,19,26,,,1.217572396,1.184792804,2.472583647,244.3765522,-0.361763588,-22.08410733,1.243020906,0.667428144,1.111481948,0.997688455,0.162533512,0.041402373,868.1288508,893.7103581,84.8319591,73.66633988,3.681751056,1.10442649,0.932531094,0.155723982,0.112217423
686,1,2,19,27,,,1.174271185,1.205106236,2.62812892,241.3867786,0.393245836,-6.608254492,3.812715896,-0.186636593,1.155399984,1.001761328,0.196844968,0.074588493,1035.093737,904.033646,345.3969048,215.379757,4.097493876,1.030307679,1.067798915,0.174999321,0.088961355
687,1,1,19,28,,,1.183368232,1.207090897,2.46148591,385.8927065,0.530655855,-10.75791037,-2.732287938,-0.902525582,1.04677921,1.098847407,0.209614838,0.118974567,788.9472191,691.4825358,74.04440757,218.8992597,4.125030158,1.096807932,0.921615954,0.285381125,0.113902108
688,1,2,19,29,,,1.169887348,1.227083323,2.47060941,334.9531417,1.057593714,-16.58126636,0.795761627,0.572342639,1.072388965,1.080165431,0.155795625,0.12593066,919.7382355,1001.239825,99.72164797,491.9184161,4.282320565,1.027052491,1.058709454,0.206836923,0.120897102
689,1,1,19,30,,,1.169719004,1.186598402,2.570996815,31.40421319,0.290923359,-27.59225861,-3.266009645,-0.045756546,1.040895612,0.921586605,0.228872424,0.051307658,965.1727205,978.1511337,164.0680885,211.9201306,3.421992527,1.040240042,1.00881039,0.23342948,0.124289301
690,1,2,19,31,,,1.210717112,1.183721639,2.625880314,425.771427,-0.497426223,-15.5160474,0.738648862,-1.813779923,1.083073911,1.092948976,0.201028602,0.160826092,973.9464756,1018.850371,296.2776881,311.1667568,3.311678269,1.109587199,0.962292926,0.242170815,0.170948233
691,1,1,19,32,,,1.216980974,1.194123995,2.674406193,342.3327419,-0.547241531,-27.33869989,5.80644591,-0.467086973,1.090532372,1.022829945,0.232675641,0.092749266,865.4905349,889.7919242,103.3426265,367.6999637,4.560136531,0.965097652,1.039226981,0.19995126,0.164033308
692,1,2,19,33,,,1.171025588,1.249757894,2.586159292,412.2062933,0.133640941,-13.7824018,1.884394362,0.159609265,1.090448869,1.115773661,0.300280177,0.090753894,934.7220726,856.9105804,222.987152,150.3587103,3.19300029,1.091471021,1.014024005,0.265821678,0.127928998
693,9,1,19,34,Fails: T5.2,,1.177827919,1.198957352,2.608997059,319.5019889,-1.24305058,-25.30760399,-2.823061598,0.126149914,1.074378967,1.019006536,0.158769285,0.099569872,1114.374236,701.9911908,-19.57526702,74.98445082,4.895693,1.098224209,0.938550354,0.138148096,0.099730333
694,9,2,19,35,Fails: T5.2,,1.195782345,1.229882235,2.646711253,240.8496396,-0.365902831,-31.24386959,1.382725421,-1.256242125,1.080248278,1.002039751,0.17737134,0.1288657,970.9843549,962.3703047,-36.74734843,261.8345162,2.743848111,1.09548639,1.048810655,0.192379168,0.122674942
695,1,1,19,36,,,1.175206677,1.235077605,2.563172217,162.3896295,0.729843478,-33.13920118,3.84640376,-0.783472501,1.101557352,1.019150155,0.214287847,0.135204413,1074.594267,846.6015537,214.5612809,315.4166245,2.683985004,1.071529273,0.998802007,0.224528155,0.131946786
696,1,2,19,37,,,1.180184127,1.227414721,2.455522057,226.3233172,-0.122107099,-12.4547726,4.091816694,-1.518895266,1.100770886,0.902380753,0.183561592,0.126761992,905.5054535,978.7338738,156.1080376,352.8156239,2.267792755,1.030970702,1.028608167,0.235774114,0.209831596
697,1,1,19,38,,,1.187488037,1.221612308,2.606340164,231.7591028,0.342228942,-23.14681726,4.305958708,-0.058000094,1.021627285,1.013369919,0.168937742,0.112685426,915.0222542,792.256897,97.04003646,188.1423895,2.086730171,1.071820918,0.930685283,0.200904002,0.177471125
698,1,2,19,39,,,1.190626658,1.211888469,2.575684215,347.4724522,-0.114276091,-12.20226872,2.730462384,-0.550744442,1.018026671,1.171910267,0.22829024,0.093232538,1000.917903,954.0704246,49.300451,198.0246021,4.222047392,1.105575439,1.054938922,0.11681529,0.118220539
699,1,1,19,40,,,1.161725757,1.209372427,2.540854119,453.6765309,-0.690402468,-45.86409778,-1.503169844,1.204181852,1.120019967,1.046999556,0.23883936,0.091669737,715.2370635,1007.755291,204.9924392,282.2410725,3.307358772,1.090919655,0.926236767,0.106417925,0.184135668
700,9,2,19,41,Fails: T1.0,,1.13739277,1.209873492,2.56553738,182.3309472,-1.399241345,-0.656494523,-2.872580217,-0.586858045,1.047706599,1.021372127,0.209655885,0.042144139,1064.41004,1107.170062,323.248645,297.0688137,3.372534957,1.068493483,0.951835967,0.121484285,0.164917209
701,1,1,19,42,,,1.20617258,1.237601113,2.583357308,134.0732725,-1.424566542,-7.91770202,-1.111820066,-0.932161834,1.083616839,0.948480481,0.264215787,0.076750263,855.2843937,952.8464469,221.6342804,173.1875823,1.878092139,1.123459552,0.955794617,0.246353801,0.099434628
702,9,2,19,43,Fails: T5.2,,1.195667182,1.252579,2.492933129,350.4063373,0.306362135,-13.64608403,1.391199101,-1.132512725,1.074714798,0.949632374,0.134384046,0.09508846,1068.432678,854.6155495,-75.23284059,248.9380124,1.723313819,1.157216593,1.094732505,0.266123012,0.178276594
703,1,1,19,44,,,1.15380315,1.221697513,2.563802218,186.8295429,0.224540286,-26.69041286,2.581934526,-0.00044096,1.045768377,0.94328389,0.183541593,0.086051768,935.9248557,873.1873045,252.1022288,77.26840329,2.325781226,1.089494294,1.020343223,0.245308632,0.195391881
704,1,2,19,45,,,1.206784445,1.215722357,2.554081981,315.7898318,0.992797536,-20.16175604,2.166460834,-0.813253733,1.084587207,1.056949792,0.122278394,0.12659053,1018.472227,966.7423032,307.2041358,343.0302402,4.042116184,1.046444566,1.021566749,0.171190144,0.123081561
705,1,1,19,46,,,1.186868806,1.19021115,2.593852205,347.9408805,-0.074626498,-15.22273969,2.960741565,0.854253532,1.044354235,1.035907152,0.241952751,0.127268499,996.0323795,923.3828197,338.7126662,232.8366233,3.569326033,1.05003214,1.021032776,0.26818833,0.129617281
706,1,2,19,47,,,1.220194324,1.218230782,2.56531714,186.3670464,0.487721478,-38.2099161,2.324309182,0.699690384,1.137310202,0.973065328,0.222200195,0.049717902,855.0860513,737.5122514,210.7968385,210.8250111,4.22785641,1.087330806,1.026431262,0.198586595,0.128798192
707,1,1,19,48,,,1.194728744,1.217323423,2.562156157,333.8841724,-0.180512268,9.621545228,1.850585504,-0.929690844,1.09603461,0.943705518,0.170052398,0.192982516,847.4060754,817.275529,247.2643724,299.019603,5.262762734,1.070389205,1.151335424,0.259237655,0.09880145
708,1,2,19,49,,,1.17352276,1.185548135,2.497237723,341.4847762,-0.204542823,4.124560838,2.092878231,-1.328353444,1.089399224,1.115557125,0.231303821,0.061439196,932.6486928,861.4286682,228.6306019,178.0517112,2.907466765,1.083939672,0.894191415,0.279960821,0.143614771
709,1,1,19,50,,,1.186838334,1.203348128,2.558778963,192.5448166,-0.326863122,-16.62773007,6.70742966,0.692115307,1.044509078,0.993800127,0.22446051,0.116592978,1004.893945,953.8236287,246.6392512,126.2028206,4.660319359,1.048436146,0.993670253,0.128691563,0.135807191
710,1,2,19,51,,,1.19343732,1.222312166,2.572345193,217.4757454,-0.193201194,-16.75883273,1.004445339,1.096503934,1.067161285,0.994814117,0.232917227,0.129301728,946.128535,776.8557286,230.4002825,236.8541063,4.873822935,1.065136702,1.038924972,0.270733754,0.058826414
711,1,1,19,52,,,1.194446275,1.186174706,2.612873231,357.1882175,-0.888410305,-14.69059062,2.767940193,-1.541381719,1.079149832,0.929066227,0.202574259,0.145516668,967.934079,830.2129479,308.0415967,206.8735556,1.959093056,1.062637549,0.998730445,0.162544168,0.118899272
712,1,2,19,53,,,1.199195781,1.21412506,2.608773501,284.5479989,0.633424712,-13.98491389,4.098323319,-0.521791796,1.140609944,1.149573357,0.293200226,0.203365329,960.4126031,795.8369965,200.9889438,152.9052653,2.923222557,1.096171705,0.971814123,0.164005847,0.097108779
713,1,1,19,54,,,1.215306217,1.207289672,2.58867095,419.0141828,0.065770006,-30.38563502,6.722271104,-1.054678796,1.084880819,0.935324121,0.262054163,0.136591462,865.3195531,998.6286078,381.9304432,195.8438043,4.130869173,1.080049219,1.049464166,0.243713919,0.17584632
714,1,2,19,55,,,1.203892416,1.215160511,2.626254687,273.7085693,-1.175995951,2.418039924,2.374931458,-0.008117853,1.032948306,1.074764666,0.16752262,0.139668308,1082.7655,900.5956152,167.6251072,215.5633535,4.38263708,1.104057555,0.988834397,0.10212933,0.114972589
715,1,1,19,56,,,1.170693573,1.190002351,2.649349804,310.8190433,-0.512674956,-1.285836522,6.440792677,0.132342679,1.120248175,1.051964128,0.212939824,0.148766299,1019.175911,908.3268412,172.3953164,273.5678492,3.501486162,1.022329334,1.046143454,0.198409468,0.201484777
716,1,2,19,57,,,1.148919155,1.200114108,2.514938116,308.5619042,0.68519304,-28.02634925,2.038813061,-0.569910631,1.056317198,1.033720953,0.254093661,0.192309815,984.6482416,827.8211715,201.4571052,170.7902545,3.579228045,1.095305357,1.025943801,0.158746108,0.111330972
717,1,1,19,58,,,1.212578443,1.19618332,2.513738456,321.613106,-0.087846038,4.701004444,3.529576772,0.241810065,1.09150465,1.008657301,0.181882205,0.075687416,1033.021699,1029.498428,219.9982797,290.626647,5.110396567,1.013880456,0.990099929,0.16977758,0.151105263
718,1,2,19,59,,,1.216487932,1.212594587,2.638388869,136.5955557,-0.251294383,-25.28731377,3.520259598,0.315228177,1.022577375,0.977813647,0.312141246,0.073813614,943.4238768,910.0158842,143.2161001,146.1335836,4.758272583,1.016874843,1.072758697,0.226807138,0.120798939
719,1,1,19,60,,,1.181756375,1.196894824,2.507725409,433.2220095,-0.358270736,-38.84387986,-2.744899419,-0.203142635,1.045212305,0.994365958,0.182531619,0.085294221,1000.381113,1022.17239,271.2917619,336.0404795,3.843188496,1.047120831,1.024073104,0.165887601,0.130296943
720,1,2,19,61,,,1.213211783,1.222542927,2.509420582,453.4545196,-0.201454635,-30.7336714,1.712376137,-0.106922124,1.148212288,1.066880728,0.158790839,0.09996512,891.9946237,820.228743,190.5131928,260.1176464,4.149087664,1.149117253,1.024414501,0.169469623,0.160206855
721,1,1,19,62,,,1.193670805,1.17788453,2.590532279,337.9068923,0.381128427,-27.26041815,4.649808687,-0.109907003,1.104619152,1.037813757,0.256677175,0.12445627,998.0100246,958.7356581,135.2854217,333.1363641,3.950516014,1.087887324,1.03708659,0.252261268,0.114410992
722,1,2,19,63,,,1.217348637,1.146481229,2.497985627,302.6606874,0.119380565,-31.59457766,0.864560849,-0.265843164,1.069019811,0.988194165,0.196921034,0.09078887,1054.655636,886.1735741,40.6822574,329.7957057,3.459687845,1.057402764,0.944533082,0.215778711,0.126265759
723,1,1,20,6,,,1.166832127,1.223267036,2.560861686,179.6771916,-0.026471991,-19.4370504,1.79459433,-0.498376153,1.061170151,0.912729643,0.223367091,0.177653285,951.4980855,800.3043324,318.2703346,34.7552753,3.06127577,1.043691319,0.887634,0.236329019,0.170187388
724,1,2,20,7,,,1.190637113,1.178997055,2.563398085,309.8022291,0.198256382,-22.71163397,1.596001884,-0.468221569,1.029316516,1.019487917,0.1237589,0.121264094,968.8502598,919.0631558,227.6525675,245.8223135,4.353354388,1.052670349,1.154233495,0.173962971,0.140318621
725,1,1,20,8,,,1.177070156,1.198286616,2.562673464,386.5414572,-0.028086551,-17.05033533,4.080541404,-0.902392013,1.067613886,1.08309199,0.280969613,0.168494574,1107.654601,820.7992989,145.2712687,217.8296106,1.392186613,1.016390965,0.982433476,0.259343883,0.147486638
726,1,2,20,9,,,1.185442365,1.193868369,2.58674031,248.216635,0.247449009,-29.42544688,2.687309309,-0.330107025,1.016559884,0.993300662,0.256085647,0.147356731,953.2555289,909.5375429,321.7347895,426.5223241,4.284272212,1.036930593,0.920566329,0.2222072,0.1182983
727,1,1,20,10,,,1.186909271,1.222534451,2.620599306,213.0446132,0.24305871,-23.90207288,-0.556355975,-1.354435965,1.093263238,1.066083692,0.222975811,0.087944662,947.6476215,936.2521703,81.49871011,308.3849815,2.780132828,1.129652959,1.024948042,0.157096208,0.159351004
728,1,2,20,11,,,1.215094774,1.202964042,2.582215851,197.9199672,-0.933603303,-18.16785057,1.155942257,-0.575400917,1.08581832,0.979227406,0.149354622,0.138785538,1048.004704,688.7050726,80.06811778,234.1664957,3.801743488,1.087338388,1.020101256,0.161676374,0.114018304
729,1,1,20,12,,,1.185973055,1.189071103,2.555763283,371.0997073,-0.139041811,-12.08501196,0.171524604,0.879295468,1.041207142,1.105347765,0.213820157,0.081902024,913.7975393,977.7803847,74.36261033,256.2617245,4.797764064,1.078280528,0.985348661,0.245980452,0.092607617
730,9,2,20,13,Fails: T5.2,,1.243871967,1.255075713,2.48974809,283.3174008,0.625366613,-20.32053148,-3.899714983,-0.192974762,1.043789976,1.06368572,0.071361773,0.189606668,828.7636903,680.9884352,-49.0229978,183.5095854,3.236615882,1.116961401,1.033018061,0.186004663,0.11527721
731,1,1,20,14,,,1.236344768,1.185822945,2.549347975,453.9595605,-0.317127097,-18.52646392,2.774393924,0.038267174,1.089479839,1.101381773,0.251878904,0.124427894,978.1621122,754.6272179,216.9790093,162.6200355,4.589467095,1.104338175,0.985465811,0.274463949,0.184449894
732,1,2,20,15,,,1.209924518,1.225755513,2.63084068,196.1498414,-1.353514084,-13.03944087,1.770206209,0.546228497,1.023331843,1.029361235,0.184673825,0.051144221,979.6474932,877.7035276,356.4245475,275.0646164,3.607271663,1.002630034,1.004786667,0.191754277,0.084441093
733,9,1,20,16,Fails: T7.3,,1.199795458,1.206504761,2.6575658,282.0726438,-1.027170742,-18.64577234,-1.119935396,0.459009711,1.060956297,1.002556735,0.191371651,0.128043011,965.3432203,928.8735209,219.0632408,353.1366514,3.483472682,1.070897622,1.091951273,0.238883138,0.249437445
734,1,2,20,17,,,1.202576521,1.205439947,2.624163513,342.2622105,-0.147125218,-21.83043184,-3.584193145,-0.694379013,1.055964019,0.97926767,0.267434255,0.077100269,927.8367904,762.5151137,175.8783375,310.2571923,2.989909195,1.056457239,1.01254957,0.135658008,0.07874278
735,9,1,20,18,Fails: T4.1,,1.174864118,1.182774245,2.708338199,270.0597507,-1.290365398,-15.67193704,1.929423255,0.090090417,1.048640447,1.234369472,0.21638947,0.102480381,839.5617628,774.0407644,-3.378465221,202.3097552,3.224054195,1.133381696,0.967384216,0.150331308,0.110116955
736,1,2,20,19,,,1.171582729,1.180285976,2.481502445,286.204476,0.254644545,-15.26607148,0.871765389,-0.351018337,1.067423419,0.912760432,0.305372264,0.147635339,903.681966,855.3501002,206.0355542,333.7005723,4.363070113,1.036581871,0.968423119,0.165381584,0.119182304
737,1,1,20,20,,,1.172811391,1.242726729,2.539389013,295.1334365,-0.285463344,-7.223090075,5.668077736,0.266530253,1.030443609,1.035095275,0.170220983,0.088716706,1034.258665,909.141882,186.2993685,202.1706994,2.665003831,1.061694351,0.974748503,0.271024599,0.149962682
738,1,2,20,21,,,1.162656784,1.222123403,2.619167703,401.7036287,-0.119944632,-32.81800085,4.109527893,-0.835752386,1.079411836,0.993943177,0.206767667,0.166696777,1069.943752,873.2977059,193.7605437,275.3743923,4.656682998,1.097397412,1.074385694,0.175875971,0.088817155
739,1,1,20,22,,,1.16381406,1.217684502,2.548799147,315.27198,0.221078812,-18.4531624,6.795329734,0.046295914,1.043078089,1.105686456,0.222280007,0.150665572,941.6976089,838.6306495,209.8985124,199.8476613,3.723423524,1.110947754,0.902115354,0.321236348,0.221103131
740,1,2,20,23,,,1.208102082,1.216149349,2.651288914,212.3033564,-0.116426728,-18.94062515,-1.044778012,-0.622634098,1.07253753,1.00277,0.22627777,0.120111026,849.1803192,867.162208,333.8287019,329.8434,4.063253635,1.040949639,1.045684495,0.223620083,0.110257063
741,1,1,20,24,,,1.198369809,1.208618433,2.627406582,343.2250057,0.127541299,-19.07009733,3.965320754,-0.550865062,1.121299544,1.125418473,0.181811465,0.137000383,866.1846676,885.3596405,278.0669237,222.5504149,4.346982303,1.07560038,0.930444776,0.135015447,0.088688923
742,1,2,20,25,,,1.166585587,1.215755502,2.535824468,241.6623403,1.755471004,-7.05668563,2.31585632,-0.014308628,1.059160055,0.990175333,0.226561766,0.124457163,921.1842916,795.0663114,190.0309431,101.2695029,4.152429607,1.060713562,1.092491987,0.218875196,0.133302923
743,1,1,20,26,,,1.208024176,1.229013915,2.619193579,240.7230791,1.016425832,-16.57145116,6.760626556,-0.825054226,1.103833888,0.938737819,0.252987355,0.082457454,984.9889045,873.7494361,211.3729614,297.0783926,3.754880908,1.102910795,0.991667338,0.23356365,0.149313115
744,1,2,20,27,,,1.160378522,1.194765586,2.53657537,285.105089,-0.567935113,-15.74209681,1.526363956,1.014836374,1.053475096,0.908133589,0.254984021,0.163386774,980.4261426,943.9170432,198.388234,332.6391096,3.15109369,1.124413593,1.098911426,0.231456201,0.139456156
745,1,1,20,28,,,1.180660133,1.231964887,2.625607179,81.7617572,0.972041392,-26.0652115,4.898149512,-0.993457695,1.114671803,0.947780966,0.234569571,0.069019059,1023.72628,928.5202991,398.837326,199.4437103,4.452666907,1.010371278,0.906202872,0.214914664,0.199601814
746,1,2,20,29,,,1.185126981,1.211246745,2.526255954,289.4588356,0.227131471,-31.96679913,0.428668991,-0.671940656,1.123919523,1.045764937,0.222564139,0.145147849,956.1708603,834.7256537,379.9949384,243.4175163,3.943317041,1.064889932,1.052845984,0.066037437,0.112660838
747,1,1,20,30,,,1.194661567,1.209410287,2.568021629,160.2083297,-0.075916522,-24.13921999,3.544032455,-1.575615437,1.094913004,1.063655295,0.181902615,0.156970004,765.1916148,958.4533119,272.0186432,249.3232659,3.492127889,1.069014242,0.918457312,0.297289384,0.121289238
748,1,2,20,31,,,1.199753017,1.164347585,2.464837216,49.61625651,0.430738016,-17.29192223,4.213743741,-1.74262015,1.086433753,1.166196923,0.331876552,0.146637624,832.4217425,790.0413168,210.228482,257.4668866,3.431153716,1.073613137,0.986461322,0.201326848,0.155146936
749,1,1,20,32,,,1.177674439,1.205739268,2.503694101,330.449743,0.76333846,-28.83514835,1.338801753,-0.536936559,1.027484709,0.905262236,0.13963835,0.186171816,938.4245574,866.0630297,128.9823786,275.627614,3.385259746,1.041478535,1.063749935,0.171954035,0.190423195
750,1,2,20,33,,,1.234898895,1.212714257,2.510626114,423.1073104,-0.230227362,-19.44023213,1.881546105,-0.366566791,1.002980985,1.059407426,0.181051781,0.15555966,1016.238678,773.5476891,294.1386842,273.6360676,4.231516266,1.13599794,1.058176904,0.160800089,0.148353063
751,1,1,20,34,,,1.202494906,1.18225076,2.506045975,238.0521295,-0.606363381,-21.27060373,-0.161927784,-0.098886206,1.146045493,0.977593639,0.19222103,0.156454752,847.7822428,909.861293,150.9565356,261.1508649,4.180088437,1.081107693,1.071037871,0.231444296,0.19303636
752,1,2,20,35,,,1.213546888,1.15197001,2.428738231,372.1179169,-0.14954171,-24.74656421,5.121318184,-1.088685344,1.04664257,1.033754787,0.223556397,0.096623797,1009.775443,990.9324238,125.5948225,311.6599728,1.387170085,1.058985635,1.00739902,0.066296916,0.165908182
753,1,1,20,36,,,1.201008166,1.232289919,2.530719449,239.4437615,1.979477245,-33.69503514,2.199547965,-1.11721376,1.053520829,1.088215229,0.294045024,0.095045835,1144.664135,809.3640817,236.5376834,351.9533078,3.099657278,1.087574854,0.920382105,0.184369857,0.111014945
754,1,2,20,37,,,1.170970729,1.206343296,2.632216157,192.9522417,-0.747575477,-13.69764263,2.371926736,-1.309848919,1.077003201,1.106048275,0.152431694,0.129465124,1090.737634,893.2665891,216.0087291,417.5235324,3.815920659,1.074491847,0.981800339,0.279691758,0.134027733
755,1,1,20,38,,,1.187295833,1.227248586,2.566256262,261.0702273,0.972626592,-36.78655029,6.902192711,-1.073578629,1.033824144,1.091895091,0.248613285,0.148635743,950.478628,900.9407777,120.6926894,347.246642,2.380492583,1.095673275,1.007844885,0.127022698,0.135908549
756,9,2,20,39,Fails: T5.2,,1.181024913,1.171855293,2.562430335,413.4948849,-0.66826592,-21.30283135,1.278992272,-1.485580468,1.028481618,1.09083206,0.159878761,0.085215268,982.2423514,1031.759633,-10.07007571,324.7800491,4.017939642,1.052192937,0.978065189,0.199136667,0.096852443
757,1,1,20,40,,,1.196765669,1.232338842,2.581043004,385.2299026,-1.078315664,-23.16752109,-3.668884259,1.512162207,1.147422021,0.954633216,0.292959076,0.059022873,1014.350737,1007.091078,220.1938381,278.9608222,3.735596398,1.145853772,1.07872544,0.233222616,0.078066553
758,1,2,20,41,,,1.200817746,1.196691712,2.631187193,122.6119036,0.546330305,-22.504241,0.129400183,-1.02799042,1.077929999,1.04314391,0.238388985,0.1361503,945.8430252,862.4273979,176.038738,228.6352236,2.063953688,1.102522746,1.042184429,0.176818318,0.136609638
759,1,1,20,42,,,1.206392038,1.208527167,2.432066232,481.4892691,0.087348462,-10.70017616,0.485594424,1.095287535,1.100560025,0.91463001,0.312750246,0.160943872,935.2944644,859.7110613,124.462905,289.7914898,1.38404334,1.106942928,1.017468561,0.113195822,0.134458578
760,1,2,20,43,,,1.193663489,1.211844347,2.532146091,233.3452249,-1.773722082,-25.25094868,1.898737698,-0.667266676,1.059911729,0.980862128,0.271289184,0.128255905,995.8748395,1046.244113,188.8403591,173.7912612,4.341006433,1.083601506,0.938813011,0.191470786,0.14677121
761,1,1,20,44,,,1.201040406,1.2058094,2.536783668,318.6739664,0.299993218,-38.70405064,4.39211484,-0.44856499,1.017375479,1.106863331,0.266357693,0.09390946,996.2642382,857.7039838,291.8803351,247.8385949,4.613015793,1.062876392,1.039451313,0.246317144,0.096837134
762,1,2,20,45,,,1.231074227,1.223910749,2.620188268,302.9662109,0.040747513,-45.65610176,-0.65068965,0.445588173,1.037826643,1.108503748,0.223633141,0.136537077,998.6844215,825.9197322,404.7984936,311.9794681,3.407009211,1.024284299,1.083453839,0.274435989,0.160210526
763,1,1,20,46,,,1.168310514,1.209339624,2.647817879,414.044627,-1.399160451,-13.99901872,-0.742999704,0.072237696,1.102206457,1.062893461,0.121441618,0.13321961,945.4799612,867.6609547,342.0627991,165.1252199,3.822399651,1.119264929,0.938073217,0.218523488,0.111435507
764,1,2,20,47,,,1.181566791,1.186315057,2.669955639,238.5204898,-0.303666564,-23.95007333,1.053020863,0.300675016,1.105276387,0.871153738,0.187733373,0.186089015,1151.650643,878.152098,131.9518721,246.8901194,4.674762911,1.116514535,1.094320491,0.212478389,0.141351765
765,1,1,20,48,,,1.216535362,1.186859031,2.592398174,344.8317236,0.226617591,-32.21363163,2.386759793,-0.711915819,1.054962381,1.015542961,0.203182041,0.002772381,959.3908672,969.9352937,127.7481453,165.2994872,5.597645692,1.040247428,1.048821551,0.186217338,0.07672126
766,9,2,20,49,Fails: T7.0,,1.175196154,1.189653508,2.55158422,295.7105835,-0.753357395,-24.44767121,-0.327628643,0.449967115,1.083857943,1.100001576,0.162383076,0.124726446,998.9737681,994.7533798,161.7267645,235.6720804,2.45738886,0.948582276,0.969190604,0.191117138,0.172601776
767,1,1,20,50,,,1.186715027,1.243810259,2.529822672,64.33686373,-0.569393233,2.537271434,6.320327569,-1.81925032,1.07940674,1.148921705,0.158802242,0.122893469,902.6544741,868.8109716,386.9506556,324.1892698,3.684670397,1.037921914,1.106669555,0.102576089,0.099090278
768,1,2,20,51,,,1.20964629,1.225929217,2.523795924,289.6331666,0.00030007,-26.71212309,4.449417918,-0.421046079,1.008507369,0.991920812,0.140974254,0.105383881,813.2545797,996.9159226,82.61216605,282.5509978,3.058990874,1.08329626,0.94424738,0.157074059,0.106246267
769,1,1,20,52,,,1.17747593,1.211153506,2.463283517,205.228296,-1.172721408,-16.89844988,-4.206065873,-0.170958374,1.105774302,1.118176566,0.202140917,0.186388479,941.9750853,1008.432431,179.9596155,127.1986187,1.399017439,1.097291909,0.956149518,0.094734024,0.085305989
770,9,2,20,53,Fails: T3.0,,1.158783698,1.193594203,2.48499766,574.2183224,-2.138940015,-14.09687921,2.176372274,-1.38664892,1.068620665,1.233982959,0.186543192,0.053317309,1054.32859,836.2341364,142.2736663,338.2641174,3.183444729,1.098375529,1.061430555,0.367019942,0.122435604
771,1,1,20,54,,,1.175206341,1.200763633,2.487024107,281.6753106,-0.092865065,-18.85001894,2.44407816,-0.470749541,1.056377331,1.054499411,0.287317289,0.101696435,956.5099953,1056.967044,50.0068809,327.8169015,2.712920659,1.122512852,1.014298552,0.238483162,0.179469463
772,1,2,20,55,,,1.240835978,1.186653474,2.584105925,340.9613094,-0.683910704,-21.03260329,4.918048144,-0.705352319,1.091205996,1.144173457,0.133716272,0.103414689,907.0520114,999.6916728,235.863807,234.0208449,4.267917878,1.059562421,0.911390563,0.254073515,0.13222344
773,1,1,20,56,,,1.201993259,1.185178005,2.540864187,205.9785122,-0.061731402,-34.2465715,0.107148878,-1.598231194,1.036210675,0.977609615,0.188100981,0.132209208,994.2299273,961.550008,203.4429427,258.4425013,3.652154453,1.101278978,0.986986153,0.128433136,0.15347292
774,9,2,20,57,Fails: T1.2,,1.190435576,1.201278568,2.758983111,211.537728,0.749449372,-24.97824052,3.470066565,-0.035205248,1.106615755,0.989124996,0.254129626,0.166456045,892.7075089,897.8058096,383.0934272,90.38143427,2.431177982,1.109991445,1.052597756,0.225371323,0.063790512
775,1,1,20,58,,,1.17164227,1.167485261,2.511012492,297.6227628,-0.764539033,-16.05725713,3.505385604,-0.653504797,1.035372394,1.006006579,0.237002377,0.191563764,910.0316135,863.2844451,46.02126281,153.157443,5.371175862,1.058721275,1.024927573,0.267202654,0.079567404
776,1,2,20,59,,,1.193784328,1.209860587,2.603044211,307.4325432,-0.465055207,-11.37442975,3.548061976,0.429141684,1.017907459,1.075521125,0.245875309,0.088336255,977.8982092,985.558163,262.7845981,238.1315605,5.444747099,1.08795482,0.97871502,0.128523375,0.114459264
777,9,1,20,60,Fails: T4.2,,1.215177406,1.246625496,2.661573198,216.8761361,-0.900777439,-23.95381736,2.631430742,-0.576471359,1.069455826,1.010535975,-0.007759933,0.132057986,842.7901746,839.6631554,195.8661622,246.9398042,1.944598781,1.052410791,0.931493008,0.256926953,0.205575613
778,1,2,20,61,,,1.175761077,1.22634214,2.648033005,312.2631403,-0.623788654,-15.00265271,3.853843027,-0.459207596,1.064942829,1.055205933,0.290491347,0.060304287,884.3293689,687.9686381,164.6448014,311.0328038,3.34276189,1.102179642,0.878003034,0.239865994,0.134645732
779,1,1,20,62,,,1.215078325,1.222314046,2.596071442,488.4558763,-0.697239762,-11.48566267,1.081630595,-0.079286666,1.111021081,1.124945883,0.097575307,0.135320002,1050.363322,899.4182411,214.6316064,225.5981339,3.625256023,1.086489333,1.002590252,0.272864585,0.074415105
780,1,2,20,63,,,1.197412752,1.208437747,2.532246785,250.8405228,-0.947486114,-22.38610615,2.988093553,-0.181375553,1.028721794,0.988978301,0.155675666,0.03425002,984.9328301,982.0947459,267.3450932,203.3471377,5.095768645,1.003889987,1.111479867,0.12970778,0.105518681
781,1,1,20,64,,,1.181333816,1.184984235,2.494259486,251.3164307,0.20564157,-28.14439775,-0.881958414,-0.348398984,1.103110768,1.105634604,0.246984311,0.145252258,964.1329394,939.1957041,364.692771,204.1064087,3.922906073,1.094472925,1.013272515,0.229834677,0.138201139
782,1,2,21,6,,,1.205168984,1.166952138,2.605822073,355.9739023,-0.730740007,-12.77365876,-1.707565084,-0.20286954,1.057688864,1.002858453,0.119294294,0.109832502,977.3886934,887.3076526,148.4117262,187.637554,3.910860515,1.073783281,1.124386091,0.138577504,0.175300063
783,1,1,21,7,,,1.190357308,1.217727754,2.535552454,292.6036431,0.952549366,-34.47090129,0.91148064,-0.590740853,1.019637735,0.981841908,0.141645369,0.176395203,938.9537584,866.62017,131.5538131,259.4724376,4.224385701,1.111349803,0.975916436,0.264689571,0.105275714
784,1,2,21,8,,,1.147695612,1.214945667,2.704063876,269.6000197,0.231678257,-8.877620533,5.021775478,-0.417086902,1.102522629,1.056182965,0.180432353,0.096700273,884.2238018,967.1389997,223.3282345,129.3944294,1.69370359,1.108989063,0.992001452,0.188476369,0.159527917
785,1,1,21,9,,,1.173383721,1.200302303,2.540475023,256.233399,-0.311136649,-11.25452777,0.413845665,0.414022348,1.016736194,1.111147825,0.234243288,0.079097797,963.1367894,917.3565953,203.6306167,184.1544823,3.312168266,1.027925077,0.950035923,0.129629651,0.231108364
786,9,2,21,10,Fails: T5.3,,1.18617408,1.20616657,2.543308451,419.1884852,0.70540696,-36.50161638,1.347164199,-0.318992503,1.109963493,1.089473001,0.059206145,0.098426812,824.7018951,912.0155812,277.1047158,-40.96871251,4.095577879,1.046186033,1.005842376,0.251395102,0.168416072
787,1,1,21,11,,,1.235741423,1.238323731,2.528079027,243.1309365,-0.450266231,-18.78830264,-1.679805289,-1.130514051,1.045750846,1.091420171,0.270405317,0.117330923,987.4507509,967.9831339,387.3529299,187.7357775,4.521791739,1.09578018,0.958873696,0.29309991,0.101051691
788,1,2,21,12,,,1.194846113,1.236096048,2.518910788,446.1834734,-0.490773723,-16.98894428,-0.413855669,0.530549398,1.010848365,1.064102831,0.219505293,0.185674773,902.0698443,965.3942151,259.6022058,162.3020075,3.544704577,1.106166076,0.903311155,0.159040746,0.148098786
789,1,1,21,13,,,1.220846399,1.214130496,2.433551633,258.6803835,-0.294032544,-19.64849139,3.802136782,1.00375517,1.020186516,0.947121503,0.218763527,0.105562878,899.1562596,849.6252296,217.0537898,250.8651555,2.892903549,1.054043633,0.993240239,0.115597116,0.128005917
790,1,2,21,14,,,1.165639668,1.19863715,2.588782811,284.2737762,0.186200199,-15.88227313,-3.10621275,-0.965918155,0.968679569,0.935757215,0.185109942,0.117003726,938.372789,800.8303584,233.4478382,400.0501572,4.377661983,1.042529669,0.98909157,0.273807858,0.18056228
791,1,1,21,15,,,1.160001013,1.199463958,2.541347591,441.7000684,-0.018096193,-12.35130671,2.820425594,-1.297518595,1.097944348,0.999901777,0.168729247,0.110344097,911.874831,737.0996948,290.035114,216.9110108,4.354092868,1.060570251,1.013424729,0.233913392,0.156520442
792,1,2,21,16,,,1.204788567,1.189016224,2.702462531,533.9719687,-1.164278574,7.867260915,-1.595044966,-1.227300983,1.026526265,0.955474092,0.181316448,0.00921144,1110.396449,897.9713093,345.9257087,243.6635025,4.582529023,1.081135202,0.944945832,0.165389104,0.137354299
793,1,1,21,17,,,1.181543276,1.179851211,2.632169731,104.1290936,-1.283494101,-19.24482116,0.480858495,-0.243604738,1.094410314,1.069994105,0.254154564,0.034022775,1003.455082,873.6445538,182.5700842,202.8690032,3.888222657,1.071618842,0.98150533,0.13691363,0.17075984
794,1,2,21,18,,,1.188844054,1.215899883,2.516872949,203.4527364,0.217024038,-40.77120357,3.657835207,-1.023415095,1.089586865,1.096065498,0.01782384,0.119211526,926.5624836,800.9848959,223.5934401,259.4846745,4.413622889,1.105223434,0.948724606,0.251231139,0.060372789
795,1,1,21,19,,,1.212921293,1.206631296,2.647278473,207.9623699,0.903057674,-28.5777145,2.610100833,-1.186738164,0.990913912,1.081226284,0.101843018,0.078677493,954.8475723,1001.7904,323.3424742,91.03569204,3.789912493,1.072618135,1.06392286,0.168905918,0.162850042
796,1,2,21,20,,,1.195410265,1.231417931,2.55532786,264.4621855,-0.591022079,-11.32366347,0.590968926,0.27753191,1.049740943,1.05629854,0.169607605,0.141049998,1013.887801,786.3304951,232.9481451,268.7129659,2.853417218,1.079505237,0.973923896,0.244213092,0.08053278
797,1,1,21,21,,,1.197068265,1.185959479,2.527199807,296.9083662,0.64439843,-31.23329449,2.418282096,0.585100006,1.047724222,0.984753178,0.305300957,0.132100372,966.1795691,704.0670216,106.7541816,357.5578461,4.878106114,1.102315257,0.945230887,0.17514629,0.125907238
798,1,2,21,22,,,1.183438154,1.180331586,2.680963154,239.5156022,-0.513804418,-35.7111928,0.239893171,-0.879979106,1.044865461,1.057786246,0.202782522,0.070142332,959.6214426,933.9452597,347.9070826,322.512322,4.031637923,1.021952121,1.052371774,0.179453918,0.19411106
799,1,1,21,23,,,1.189081442,1.219902104,2.550006887,177.9889626,0.516167312,-17.6152437,0.81357551,-0.432407328,1.027891049,1.069500999,0.197225589,0.035752834,1056.450574,963.008744,210.4574351,194.9770923,4.416516393,1.088754591,0.857092094,0.280524348,0.12314272
800,1,2,21,24,,,1.190142876,1.208283468,2.592566193,360.398994,-0.292840542,-27.94724426,-2.45887952,-0.2781152,1.078523909,1.002642233,0.214630054,0.121706485,915.1541952,909.612016,186.3491053,283.7096076,6.076611352,1.10989377,0.97865852,0.250182424,0.156408384
801,1,1,21,25,,,1.205497468,1.209433098,2.512527411,181.1425749,-0.180149585,-33.94715469,-2.608848016,-0.276248975,1.095068815,1.03682233,0.154198867,0.123851721,919.4580835,997.9948036,79.19460596,221.4114731,3.419297025,1.075073518,1.060975706,0.194987387,0.213696718
802,1,2,21,26,,,1.182405577,1.206663726,2.526224138,255.1892781,-0.034811173,-1.369427961,4.907644637,-1.368653143,1.040584863,0.978749526,0.139137781,0.154208228,1078.878336,962.9363579,176.9604742,203.6193351,3.963176669,1.131369201,0.91541534,0.166261235,0.133395881
803,1,1,21,27,,,1.183399344,1.240083255,2.58029554,289.9015365,0.139991568,-19.82681279,4.028945652,-1.69678777,1.030587603,1.134479055,0.162983996,0.094118701,981.3651504,848.3612555,207.6677795,249.9805698,2.861599643,1.095210527,1.022902798,0.163734811,0.163487191
804,1,2,21,28,,,1.197060006,1.190963459,2.560218591,231.8697144,-0.21015154,-28.78712681,4.793645534,-1.247765392,1.057809097,1.069716546,0.19358438,0.145278579,918.1464922,788.9655573,231.8413173,350.1107253,3.538452169,1.071683232,1.070004685,0.284464633,0.175431915
805,1,1,21,29,,,1.212169362,1.220483835,2.529799377,233.2294737,-0.105807132,-23.00721085,-1.182065061,0.480939025,0.981963771,1.055511682,0.198807311,0.128942367,943.5954573,900.8643123,182.3241198,250.830775,3.307270168,1.128766121,0.958731617,0.139821796,0.21889514
806,1,2,21,30,,,1.191342502,1.212409503,2.475373523,210.3639275,0.82921906,-6.393754261,1.339009563,-0.812443745,1.032712857,1.120863383,0.156433042,0.129510573,858.6358555,930.7769276,418.5146727,384.1486292,3.962712387,1.106779352,0.925527536,0.273252349,0.148671598
807,1,1,21,31,,,1.210349734,1.23171598,2.51052731,387.7718142,0.502788112,-21.46720669,0.325861028,0.409869984,1.092149765,0.989043098,0.192836742,0.145380015,981.4674762,962.0239693,133.30745,230.3305844,4.126916855,0.988227698,1.095504376,0.07543235,0.089518567
808,1,2,21,32,,,1.20081476,1.209346688,2.550572149,114.0585319,0.610661764,-21.89690948,4.507598693,-0.264267413,1.037118318,0.969503306,0.194649413,0.098006079,954.9814891,953.848249,172.0259662,312.350001,3.523995014,1.031950957,0.99608051,0.24818091,0.141223394
809,1,1,21,33,,,1.209625292,1.176791762,2.648801945,310.7448283,-0.379376883,-15.1419616,2.327105846,-0.753748251,0.987214816,1.017133355,0.16581762,0.089186556,961.9338009,955.9817106,197.4710268,396.0809642,5.664235192,1.090157825,0.985934794,0.140511328,0.193096194
810,1,2,21,34,,,1.149500681,1.232634083,2.555126272,145.6654201,-0.269275764,-16.91150082,-2.649858607,-0.629143282,1.094941727,1.027128029,0.237981048,0.116866171,730.9855766,962.5287546,210.8515497,322.0348997,2.765448314,1.046958494,1.017299077,0.279688091,0.16210375
811,1,1,21,35,,,1.192290112,1.216848919,2.55299917,329.6197336,-0.805781198,-25.72021617,2.054173511,0.020373675,1.052658338,0.978736871,0.195833293,0.124355692,950.0430916,956.539663,219.3911053,300.4812589,4.148769705,1.030412236,0.984578253,0.196250227,0.147972432
812,1,2,21,36,,,1.188219963,1.201883574,2.426851855,279.4221355,-0.920346367,-27.46591872,-0.375857461,-0.152937076,1.074557117,1.058179469,0.215981321,0.052757968,1036.400758,871.8906326,314.9656453,167.5730067,3.424501148,1.069742632,1.101708485,0.197517027,0.159829675
813,1,1,21,37,,,1.191576982,1.185807191,2.560671664,385.0599351,-0.835898298,-26.27580808,2.410930304,0.298868521,1.099540773,1.128877245,0.160226544,0.130198501,800.927526,740.522013,92.88110631,289.643246,3.073747468,1.050111136,0.939613423,0.311847287,0.157541454
814,1,2,21,38,,,1.184304003,1.168910065,2.645567525,115.7188931,-0.371269039,-20.72722497,-5.495798144,-0.553798,1.149027401,1.017004287,0.198894712,0.017946874,948.0010852,863.9860333,218.9076271,207.9545333,4.008365339,1.058879039,0.896646095,0.177249142,0.096582418
815,1,1,21,39,,,1.169752872,1.169161533,2.615656728,221.1222729,0.201519523,-3.589950853,3.524894649,-1.108632847,1.087275788,1.079026049,0.273383211,0.081674636,1065.717906,903.6616913,371.7444683,215.5387163,4.76137095,1.076494007,0.99137113,0.09984131,0.197147681
816,1,2,21,40,,,1.18184609,1.201157746,2.616407302,283.83009,0.085161918,-9.481338683,-2.443407194,0.652904166,1.04174964,1.027550235,0.195156364,0.137512644,919.6428731,945.7004193,340.0340292,384.4171609,3.23905963,1.104971075,0.98879818,0.155142788,0.161594996
817,1,1,21,41,,,1.191789976,1.171338865,2.594629475,204.2760218,0.442736836,-17.81129819,-1.366001571,0.250533052,1.059863374,1.035901632,0.300134058,0.1651331,991.8520701,873.6255799,220.6858797,232.2429496,2.625322207,1.103730557,1.003225905,0.281559086,0.111877547
818,1,2,21,42,,,1.193300826,1.173783943,2.502540921,238.4014757,-1.023613699,-26.91863581,-1.561454553,-0.503911493,1.010272061,1.164463137,0.069714006,0.083648141,976.0886823,838.0298361,228.4522569,40.16072417,2.780992094,1.05979081,0.933318873,0.199951023,0.212249261
819,1,1,21,43,,,1.211062745,1.181575831,2.623993305,182.6379261,-0.062203564,-16.46141118,1.272580299,-0.947711451,1.062007915,1.069646256,0.261011131,0.076424305,929.8292744,797.1710419,206.2841928,192.4928901,3.73998558,1.055316275,1.098438338,0.196729233,0.198851037
820,1,2,21,44,,,1.165129133,1.173361337,2.502013758,353.0543615,0.678617946,-3.845529115,-4.819459668,-0.326056823,1.048169015,0.970525015,0.153345309,0.176915408,955.4089797,916.3454745,160.7684804,241.2873741,4.367526015,1.101103247,0.977004409,0.220709282,0.164018429
821,9,1,21,45,Fails: T7.2,,1.209497728,1.242450785,2.496854355,348.1517662,0.868291537,-16.45065121,-0.51738097,-0.30418936,1.112331281,1.026819733,0.207438271,0.183708485,924.8216234,844.1383519,64.31730392,347.6519401,2.730883727,1.053568308,1.034252894,0.392022691,0.176261449
822,1,2,21,46,,,1.163377725,1.179850542,2.593629718,305.7886866,-1.01502661,-26.38277517,1.723011301,-1.382252114,1.111406128,0.968439642,0.248518029,0.122743628,955.1414716,888.8410021,316.3907586,313.4663065,2.948797547,1.113339576,1.022791025,0.078960259,0.099803096
823,9,1,21,47,Fails: T4.0,,1.19535491,1.216047846,2.568038761,207.3322528,-0.029676009,-12.98895003,0.579202822,0.918855136,0.947523427,1.049750506,0.343491786,0.082481888,1012.24561,831.320929,186.0424065,169.9295111,2.578314972,1.066488965,1.099163923,0.192104578,0.165413285
824,1,2,21,48,,,1.188314219,1.215959722,2.526136988,318.1312953,1.147509212,-20.80747794,-1.997397139,-0.246246329,1.079009005,0.985132232,0.156186125,0.076275428,1061.20443,724.6928342,371.2271981,461.312907,4.973581224,1.152687756,0.989189803,0.17743915,0.096726279
825,1,1,21,49,,,1.174905044,1.21160459,2.649775295,337.3730138,-0.733200216,-37.27678227,2.795169773,-0.237120213,1.119897768,1.029023941,0.131623901,0.110517987,898.0444024,684.681057,372.9688654,180.530101,3.703796349,1.075742144,1.030580085,0.297836846,0.132271049
826,1,2,21,50,,,1.195388987,1.225103095,2.66299335,275.5534146,-0.802491095,-9.960340321,2.730309307,0.037829779,1.046820599,1.056014029,0.222371773,0.096554773,966.7742748,913.9006798,14.83973282,233.9020807,3.939963617,1.088969391,1.109305293,0.192868418,0.140174809
827,9,1,21,51,Fails: T2.0,,1.17329988,1.204296668,2.706462545,703.778008,0.193232674,-19.72759337,0.893149759,-0.200759645,1.110919537,1.077176712,0.272349794,0.112705659,1097.660778,1006.460862,295.554706,214.1805123,5.143771645,1.064571721,1.045720202,0.311942702,0.104065496
828,1,2,21,52,,,1.193739533,1.208934081,2.555147076,314.955129,0.313377709,-19.27099647,-2.16898047,-0.379253234,1.066882243,0.951007432,0.131726859,0.071099252,967.2203628,884.34264,209.5974591,386.1264588,5.508168763,1.038845384,1.003369941,0.25380965,0.108318499
829,1,1,21,53,,,1.218533477,1.221670028,2.653861026,168.3407861,-0.382655067,-27.96826502,2.889126919,-0.033820666,1.056112313,1.041321315,0.130381926,0.133688664,887.7465116,930.7323929,121.9018256,171.9139565,3.250187974,1.047312045,1.08890484,0.281320989,0.091549347
830,1,2,21,54,,,1.202026717,1.198883831,2.634829181,153.8594392,0.108520357,-20.16007353,4.044499107,0.468477169,1.017151711,1.032145112,0.268850029,0.174311827,926.1020263,818.0724936,310.5454172,192.6949847,4.007229972,1.044298657,0.896562157,0.217455208,0.156480037
831,1,1,21,55,,,1.170765126,1.190142169,2.593764849,284.5952254,0.491393045,-19.58737176,2.69171041,0.001688829,1.108656166,1.077883958,0.217131665,0.067778275,914.9893571,913.6741741,282.2733814,217.5635082,4.389314872,1.072057094,0.993550544,0.140474201,0.150472301
832,9,2,21,56,Fails: T5.3,,1.205037395,1.209440467,2.595042663,379.7472733,-1.494710746,-25.2253301,-0.580472727,0.078765466,1.086545127,1.017424653,0.15456766,0.15475081,812.5469605,1031.002227,150.7204746,515.6108912,3.466746653,1.129621341,1.035471899,0.240022676,0.131602831
833,1,1,21,57,,,1.188881549,1.17159063,2.532388101,487.7087072,-0.695849517,-24.80463864,1.983585105,-0.881728997,1.117818072,0.955175563,0.225427575,0.135427995,973.1319031,865.285254,293.3407079,170.5302623,3.645725585,1.14757408,0.903761527,0.17689198,0.137153434
834,1,2,21,58,,,1.182829197,1.238177194,2.567725369,150.1962763,-0.044875796,-20.29422474,-1.14979739,-0.251162054,1.069650741,0.922242456,0.005735139,0.076086266,952.4931806,872.1267916,333.699495,159.430398,2.887654474,1.011467693,1.000733332,0.241761071,0.178206359
835,9,1,21,59,Fails: T5.2,,1.196118482,1.181992555,2.589964046,285.7371574,-0.579955043,-27.73065494,3.104045696,0.221303961,1.065151353,0.996496352,0.230485226,0.109781614,1009.610518,975.408217,-21.4845646,201.481725,3.354922551,1.133570643,1.01131999,0.287203698,0.136820007
836,1,2,21,60,,,1.221146056,1.220926331,2.509219585,383.8583067,-0.380843367,-12.86007557,1.553074156,-0.627503915,1.128873175,0.976149272,0.080674031,0.121391997,937.6439031,956.5558113,297.0841517,271.8677647,2.59322588,1.078551702,1.034254745,0.193492161,0.137914754
837,1,1,21,61,,,1.151672762,1.211147198,2.499006898,433.8405638,1.194274853,-20.23695132,-0.757577735,-0.05183595,1.048109467,1.020131401,0.228915411,0.136371497,712.9708657,1033.307288,175.4477495,357.9601303,2.842494776,1.095546596,0.996747016,0.292990707,0.163047788
838,1,2,21,62,,,1.212370815,1.20518145,2.583462691,293.0019235,-0.066212533,-8.876680531,-1.503332237,0.439575392,1.032939251,1.047668584,0.20684018,0.102493161,934.208441,970.7917161,291.9234251,158.7809737,2.447871332,1.065322535,0.937847554,0.204504238,0.199658634
839,1,1,21,63,,,1.14643978,1.213356561,2.581248934,343.2876381,-1.175895481,-21.66218221,0.389906416,-0.773925626,1.109068515,0.99400217,0.101002374,0.097081536,1064.37225,770.0630652,180.7171265,276.4954558,3.182623416,1.022261307,0.985256902,0.214947792,0.155363491
840,1,2,21,64,,,1.209160529,1.191284956,2.48720416,549.3986166,-0.436037539,-26.65920877,0.999655017,0.393320522,1.081238978,0.995849259,0.191327096,0.101132918,895.8214029,870.7165024,266.9873049,284.6441098,3.698169405,1.095358934,0.932376278,0.157509417,0.131724482
841,1,1,22,5,,,1.196937073,1.208737835,2.543202653,251.0416392,-0.377836929,-21.71805053,2.798949633,0.618435087,1.054514069,1.075033355,0.309805167,0.05476864,1046.678924,944.8073265,151.8059389,255.2990795,4.734983247,1.12989791,0.974957731,0.272859193,0.130624484
842,1,2,22,6,,,1.179088909,1.214548243,2.52597951,196.1023182,-0.232850307,-24.30723261,1.026021157,-0.222204471,1.107596858,1.024335454,0.202748451,0.148352529,1068.73545,768.4689071,134.360547,406.568689,4.337169987,1.09906921,1.059765866,0.148442643,0.173071115
843,1,1,22,7,,,1.231420303,1.188285058,2.552303717,360.6580188,0.004345308,-24.57823948,4.346829676,-0.732820043,1.085969323,1.074211623,0.19682909,0.071953895,943.0103494,861.8372651,118.890995,214.4237247,2.820507606,1.092843807,1.067784934,0.201276466,0.116756185
844,1,2,22,8,,,1.163379663,1.207086174,2.476577644,547.494277,-0.014573895,-20.0666382,1.411496391,-0.237991401,1.110512733,0.969435197,0.265561828,0.11871983,855.1016224,807.3448959,211.3127863,251.6055176,2.637691338,1.06867472,0.978918993,0.180037358,0.087189542
845,1,1,22,9,,,1.198786659,1.220643748,2.548413361,307.974455,-0.216942745,-36.49656428,5.031782152,-1.473283588,0.972744685,1.097597336,0.268057901,0.106052847,956.2456321,805.7792329,345.8478058,256.6114153,3.41402472,1.109928621,1.008237426,0.207518677,0.173426118
846,1,2,22,10,,,1.207921691,1.213537518,2.596449971,377.624247,-0.344640105,-12.91311435,0.963745462,-0.613459915,1.102413468,1.009070769,0.277986862,0.099967046,860.5981047,789.4837745,249.733865,223.7525732,3.500824115,1.022237696,1.140351157,0.270162505,0.145143993
847,1,1,22,11,,,1.192139153,1.223576812,2.548551902,231.5226158,-0.053417497,-19.0971991,-0.235324779,-0.650263026,1.00506302,0.966881586,0.078319466,0.174352872,925.6245822,865.120338,328.1940906,73.97239134,3.999889275,1.058788072,1.029888036,0.176879919,0.096346178
848,1,2,22,12,,,1.197731314,1.169559033,2.680815677,249.9933931,-0.996788754,-18.29717523,3.19248091,-0.139207747,1.0680965,1.093585877,0.12697095,0.117147435,804.6451766,892.366909,180.1540466,313.3478926,2.705811457,1.016905846,1.067511054,0.298311502,0.099185382
849,1,1,22,13,,,1.181095699,1.19739394,2.53831902,265.1542487,0.567248232,-18.80158829,2.033665001,-0.296126386,1.05080146,0.944998857,0.301943851,0.143841428,882.833876,836.162717,185.5072158,228.7919065,3.406668585,1.080290504,0.940216338,0.228486626,0.112393697
850,1,2,22,14,,,1.190840594,1.23516978,2.490090894,351.9068483,-0.747867932,-22.08765656,1.188415308,-0.51499465,1.06448413,1.03888289,0.115857529,0.061386121,728.8789986,880.8149448,278.4697625,263.0832555,3.165680248,1.12110829,1.02941506,0.257707014,0.158596542
851,1,1,22,15,,,1.210115221,1.197990357,2.555575539,245.3013503,-0.988065471,-9.400866521,-0.799706855,0.224235646,1.065946469,1.006536611,0.127607392,0.113663864,847.2165088,903.129446,191.4859797,139.3042599,5.96278243,1.040267449,0.967892075,0.221408282,0.044860808
852,1,2,22,16,,,1.169901814,1.20832457,2.63129351,316.3481979,0.36038465,-39.44908184,1.877911331,-1.069854585,1.109383271,1.055232936,0.248757588,0.130940645,965.2663656,907.4536149,194.3408736,207.9970057,3.287920026,1.126824887,0.970308412,0.246721709,0.131877747
853,1,1,22,17,,,1.18603192,1.221964522,2.661497519,82.57099066,-0.980607387,-23.95770863,0.376100992,0.444298114,1.052273598,1.067393672,0.237751453,0.074607425,923.2308801,865.6393689,230.9626761,407.3620215,4.388288651,1.115630756,0.899893987,0.221562434,0.147314274
854,1,2,22,18,,,1.183961119,1.204823426,2.49819977,388.6300036,1.270912191,-32.05264953,0.147399198,-0.714412127,1.064494996,0.911546821,0.103514877,0.096303845,969.6974492,787.1250435,270.4946959,343.3924835,4.632365302,1.046882894,1.06798301,0.246224197,0.05778069
855,1,1,22,19,,,1.183399511,1.182204268,2.559795868,313.2769248,-0.039433416,-31.656519,4.857028081,-1.020174627,1.011673997,1.017760355,0.110270634,0.182785016,866.3903351,948.7974226,320.188582,121.8707764,4.36202553,1.050853306,0.965179975,0.273010057,0.135889264
856,1,2,22,20,,,1.179883183,1.198841861,2.609753036,181.2074499,-1.008704522,-29.36726223,1.52755553,-0.251836651,1.008552214,0.994092632,0.170631157,0.114523371,904.0894938,905.7416633,169.3296495,279.7809388,3.17583641,1.099990346,1.10799021,0.155366682,0.090387294
857,1,1,22,21,,,1.16830742,1.227689713,2.638785669,431.7597786,-0.471300576,-19.23203789,0.736880379,-1.068975287,1.109445115,1.041296289,0.19809528,0.098453934,1073.436651,790.4011349,167.9129853,221.7464876,4.044397959,1.058743326,0.998848317,0.174132679,0.158229558
858,1,2,22,22,,,1.21854895,1.211844248,2.568093136,261.6804673,0.274001368,-20.43348719,-0.279746995,-1.211428799,1.044510435,1.05924154,0.236336174,0.145558632,821.5975937,778.7464743,117.5835389,271.5566059,2.919441268,1.043286881,0.947274579,0.126763186,0.090512994
859,1,1,22,23,,,1.172151561,1.175917675,2.53348043,310.0713031,-0.968834995,-18.43431529,2.907097176,1.169897246,1.063871436,1.043516982,0.18999392,0.101987888,868.6350549,789.2831453,143.0382699,143.832937,3.649665099,1.176768346,1.071491274,0.124103605,0.1053165
860,1,2,22,24,,,1.202162266,1.20946599,2.525080447,328.9971503,-0.435693771,-24.37650207,-3.339345418,0.094908568,1.03090567,1.085953249,0.105395952,0.130892838,875.8208396,878.7728209,229.6436418,267.5040176,4.014205768,1.135292514,1.03718293,0.167839853,0.177993724
861,1,1,22,25,,,1.19879663,1.212993033,2.550349108,255.5472147,-0.881114461,-3.731982989,1.755173041,-0.08869488,1.090841005,1.00506189,0.164035819,0.105555011,1009.766571,787.8209872,298.4794779,74.13982966,4.925392219,1.039335438,0.988405773,0.140845603,0.126585095
862,1,2,22,26,,,1.227542285,1.214522182,2.622072757,367.345973,-0.124988003,-22.17855813,-0.746134739,-0.298016844,1.041333376,0.989238603,0.213177736,0.164587935,806.6238762,982.4929858,175.9849563,270.4888144,2.994521341,1.1218721,1.02923044,0.154828173,0.157595284
863,1,1,22,27,,,1.23118754,1.221699843,2.456779799,256.7035552,0.146654386,-20.27380529,1.136942287,-0.550166153,1.104579465,0.842185444,0.241428146,0.185338935,961.3663553,922.4063703,120.8370138,110.9212829,4.572924908,1.04042766,0.973983342,0.22111973,0.131440342
864,1,2,22,28,,,1.197196401,1.175011538,2.615325468,307.0776072,-0.872884605,-24.58959999,-1.793650673,0.045478288,1.110191687,1.012904029,0.219127407,0.175960687,1004.679859,1107.395288,216.2427174,228.5910866,1.950725897,1.03111377,0.981140331,0.16349128,0.143644674
865,1,1,22,29,,,1.187790692,1.208508192,2.593171966,172.6632304,0.327853276,-20.85340119,0.997375415,-0.728056158,0.997935137,0.965509523,0.068259943,0.117745821,920.0047994,827.9225986,315.1301844,222.7190068,1.8752858,1.089286569,1.024805629,0.201575821,0.191751683
866,1,2,22,30,,,1.216894949,1.226361014,2.480931808,229.718223,0.060879773,-11.48359529,-0.443487384,-1.477863391,1.03697154,1.101197275,0.128592102,0.134627595,926.4359387,782.7058509,257.4059103,176.5686599,3.065072846,1.014154706,0.909821308,0.214942421,0.082511842
867,1,1,22,31,,,1.202205842,1.167968699,2.574582308,136.2044354,-0.343166507,-21.47358432,0.331105793,-1.111147013,1.01980015,1.066487124,0.16637382,0.173237043,942.0463928,840.7259735,189.412212,343.1866438,4.80443222,1.113854344,1.113875488,0.224773613,0.061489288
868,9,2,22,32,Fails: T5.1,,1.197523754,1.181582841,2.484254732,161.8079933,-0.52108673,-8.196491591,-0.911781128,0.270016464,1.096330495,1.085272971,0.207922007,0.071913555,1123.905614,670.4865137,301.0246705,218.6164779,3.534734425,1.071468819,0.978974453,0.083135696,0.112496125
869,1,1,22,33,,,1.182177872,1.225548443,2.56886659,348.1128325,1.255193883,0.780827474,-1.661242349,-0.816701735,1.042063348,1.049718831,0.224546149,0.11061862,911.7946805,912.0730396,132.7011805,111.761779,4.014721495,1.046528633,0.961015909,0.187629638,0.133807584
870,1,2,22,34,,,1.203883323,1.231373231,2.465581148,408.9217935,0.794620942,-8.727203663,0.383930775,-1.094632067,1.078550582,0.926458172,0.189159766,0.115542202,984.7422702,975.2178214,169.3807788,250.9831987,4.087887174,1.044857653,1.06464223,0.136975733,0.130283821
871,1,1,22,35,,,1.201937922,1.233245701,2.711499707,357.640453,-0.610041807,-25.08359272,1.918784122,-0.147877746,1.192204982,1.034383814,0.158015307,0.104319388,812.3809028,957.9862673,267.7911544,260.5604188,3.46753479,1.04831798,1.00291341,0.287588204,0.167204417
872,1,2,22,36,,,1.192359569,1.215449285,2.602030398,232.9649745,-0.73024111,-22.54292475,3.801052435,-0.48509648,1.119190582,1.043904364,0.201286961,0.154779187,906.9441502,703.1639209,212.1063812,235.9113073,2.87259896,1.038618128,0.96172353,0.1802594,0.102573601
873,1,1,22,37,,,1.196157277,1.201125617,2.633415074,433.9704433,-0.494478925,-9.377788381,1.676734068,-0.771190799,1.070190979,0.939103144,0.230186988,0.119508081,882.9417105,820.7850452,295.8616863,341.6482129,2.896507219,1.060589751,0.968542654,0.235082866,0.15066262
874,1,2,22,38,,,1.201342612,1.250409162,2.58288134,131.5781851,0.963628622,-32.21009822,2.334724249,0.767640481,1.014083376,1.053523601,0.215202425,0.128516139,958.760653,906.2248292,164.8222326,263.9942263,2.879013592,1.129097731,1.019635444,0.250135779,0.120260027
875,1,1,22,39,,,1.200686112,1.204563663,2.542366864,310.8244381,-1.105641191,-16.57477688,2.013218551,-0.379003243,1.086556111,1.026305752,0.266540449,0.19441288,925.3833983,933.3155919,264.63414,231.1963323,4.988940343,1.128390039,0.865218623,0.206177935,0.144429712
876,1,2,22,40,,,1.207107094,1.198533083,2.558265272,259.8723394,-0.252235203,-8.488626394,-1.751054268,-1.201429352,1.105646976,1.125342692,0.142192953,0.123367922,938.7904166,711.0725601,271.4009368,205.5145252,2.482066399,1.070736699,1.04110096,0.172263249,0.187504499
877,1,1,22,41,,,1.230584017,1.154712533,2.55444762,357.2535422,0.312815719,-4.614217995,7.751711759,0.736592999,1.071811362,1.110569585,0.115408869,0.09990871,994.5512866,1011.643864,270.1163169,303.4944513,2.938320735,1.084420918,1.060785869,0.21894494,0.073340883
878,1,2,22,42,,,1.239879974,1.193058772,2.537250465,346.8504425,-0.478115602,-29.31666475,-3.691768044,0.64011809,1.1156893,0.976866699,0.188587926,0.173068503,841.8802113,928.2635385,148.3891067,332.8795067,3.084154878,1.00783122,1.080996522,0.123694709,0.173908856
879,1,1,22,43,,,1.192903221,1.184850947,2.641412615,242.2630631,0.680746538,-17.28543212,0.755891799,0.23433185,1.046743842,1.095726602,0.182289514,0.028803533,1058.434142,899.1796936,215.8440865,299.7569004,2.222809953,1.079138874,1.042206543,0.186132658,0.127844672
880,1,2,22,44,,,1.179781852,1.237150226,2.580963534,293.9944956,-0.242246479,-16.50476852,7.091891309,-0.237057156,1.161315649,0.943931682,0.173811762,0.059243855,918.0228798,715.4047981,138.4161893,223.3132439,3.930947619,1.068536369,1.037079496,0.151012776,0.088526188
881,1,1,22,45,,,1.214894376,1.222254469,2.635564305,149.6507082,0.666491864,-30.73632768,5.13972344,-0.496207942,0.991203866,1.052289641,0.308093305,0.027273712,947.7019376,788.2539782,149.023772,279.5366794,3.365339413,1.020070997,1.01961811,0.157439966,0.076152234
882,1,2,22,46,,,1.19032519,1.226952194,2.55674928,303.1617552,-0.494951899,-42.84122255,-1.965469027,0.577827068,0.986829321,0.847764517,0.263393327,0.079465258,915.932305,834.8643259,298.2524035,198.478615,3.701557211,1.066706937,1.05423113,0.237812286,0.130618967
883,1,1,22,47,,,1.19165849,1.226293258,2.640553372,282.6598731,-0.477685513,-35.49746089,-2.845370261,-0.189482948,1.0488867,1.020208317,0.269517645,0.171841587,900.8632495,849.3995867,172.097886,355.1816761,5.307767391,1.031516353,1.029817854,0.153758954,0.125252607
884,1,2,22,48,,,1.175066913,1.202829346,2.598624526,225.0701473,-0.17340708,-12.55515067,0.67411307,-0.378553292,1.031693468,1.118458229,0.148443935,0.121979161,946.4392597,840.0053402,223.5418965,204.2441963,3.167525082,1.122405338,1.042379406,0.239195408,0.177119505
885,1,1,22,49,,,1.183429987,1.226687573,2.582855879,252.471543,-0.827344085,-6.429170684,-0.248007885,-0.820700527,1.067877366,1.056583291,0.237080148,0.098284485,867.3163403,927.5193232,233.1201354,175.3213606,3.694778102,1.060033645,1.115695629,0.205728837,0.106897632
886,1,2,22,50,,,1.179246393,1.192084069,2.57687244,259.9632567,0.066355586,-12.40003395,4.812609861,0.091975177,1.065659766,1.093567889,0.116101316,0.159224591,966.2624513,1003.086155,254.1973878,204.6469151,4.263219092,1.063898167,1.028630893,0.176817031,0.145818459
887,1,1,22,51,,,1.199752597,1.211295732,2.518663986,270.740181,-1.273926037,-21.53971275,-0.862128582,-1.251219156,1.085563277,1.029107426,0.193049032,0.097874494,900.844939,1077.722462,245.4936099,274.9088034,3.082154701,1.127767663,0.895406498,0.269114885,0.056654535
888,1,2,22,52,,,1.191004357,1.216660073,2.520798228,175.2400169,-0.61541325,-20.44132801,2.946915577,0.502002512,1.143896146,1.007802724,0.238580233,0.176317029,904.6675744,894.0500644,334.7877129,245.9694615,4.215427317,1.065588224,0.939970346,0.195940849,0.061535937
889,1,1,22,53,,,1.149004939,1.21044505,2.519725726,319.1018483,-0.312490394,-15.47410792,6.381568374,0.649046244,1.059243673,1.018284289,0.141571808,0.08522287,900.5185279,789.6865795,171.9489047,225.7035384,3.730568007,1.088823366,1.012135082,0.235766723,0.134733695
890,1,2,22,54,,,1.192755007,1.207235479,2.565788869,156.1169849,0.529702144,-27.58200779,-0.542838648,-0.779698684,1.112561313,1.029498287,0.194989766,0.156096423,892.1787497,772.1587386,128.7695845,269.7196655,3.26280961,1.097659745,0.957503216,0.199507438,0.236575698
891,1,1,22,55,,,1.200798918,1.218829968,2.449126582,197.8985941,-0.212321003,-35.23433603,-5.933482506,0.096627187,1.036921814,1.096792682,0.205639147,0.100364075,859.1445397,785.5538882,203.0586072,283.0023557,3.760574566,1.109291463,1.067736211,0.293679462,0.128610525
892,1,2,22,56,,,1.199186068,1.226165475,2.548735327,375.4942629,-0.918196516,-37.8299907,2.881919139,-0.801386508,1.025258287,1.00608044,0.202946618,0.150535802,772.5992929,923.0016446,236.3442759,341.5798277,4.6142079,1.073834637,0.928921807,0.245608381,0.150192287
893,1,1,22,57,,,1.179840665,1.196882822,2.591265999,423.6546179,0.187592973,-32.68292112,2.92211833,-1.45242773,1.06562434,1.029513948,0.180860451,0.142202896,818.0350156,833.3878408,81.91533508,406.4813768,3.1381166,1.053242357,0.963797227,0.119169704,0.200279378
894,1,2,22,58,,,1.178921463,1.18947528,2.591729387,426.9546526,-0.094751553,-32.44740152,-2.281974534,0.617339404,1.063939096,1.095658043,0.094302075,0.184020362,985.3579512,954.059835,121.8656647,208.7186179,4.555103507,1.087636119,0.945616103,0.146380027,0.083440701
895,1,1,22,59,,,1.164801861,1.187504623,2.540835521,396.1890877,0.561291093,-18.71877082,0.346995094,-0.703850712,1.001593519,1.132717002,0.072881748,0.127981076,966.2932692,921.8313618,203.6445068,491.1637977,3.82205888,1.027309981,1.036817683,0.179596388,0.192894046
896,1,2,22,60,,,1.201830925,1.18746037,2.500639512,410.9235399,0.309587936,-11.72252719,5.586945034,0.040572171,1.017383378,0.964164857,0.237475506,0.192135792,935.1590093,912.8561271,108.1956949,128.6548732,2.851009876,1.094370197,0.968673148,0.216519359,0.074514762
897,1,1,22,61,,,1.169492633,1.201427266,2.57283663,249.9385964,-0.624595728,-26.02674774,0.657521702,-0.764528239,1.0599406,1.046941031,0.163425598,0.166121434,948.3009495,939.8459331,189.3800143,332.7344254,3.981717001,1.08746513,1.06153599,0.286185259,0.131040578
898,1,2,22,62,,,1.199526868,1.211766035,2.446626101,190.8207959,-0.301091192,-16.92843368,1.278030536,-1.071343603,1.080539117,1.040451168,0.178303452,0.136371893,967.2677251,1022.045803,312.6316751,229.8092411,4.805718524,1.101648633,0.934204119,0.163560916,0.146001017
899,9,1,22,63,Fails: T5.1,,1.205390417,1.171208385,2.552845347,255.6551678,0.021246409,9.071876869,2.273608613,-0.390021486,1.102944181,1.021184594,0.177764667,0.18026355,962.6417686,623.6901222,142.1406041,229.7889443,4.686976961,1.029561299,0.945822219,0.242245674,0.163975022
900,1,2,22,64,,,1.216172843,1.194348912,2.623583844,367.0206085,0.063580069,-10.91327511,-0.199575719,-0.355514915,1.098907198,1.099568723,0.246729975,0.145036678,883.131998,916.5196679,240.0440809,201.6763468,2.696157021,1.090213524,0.96205058,0.243352494,0.076789144
901,1,1,22,65,,,1.188477978,1.220185604,2.543329591,354.5933368,-0.222884288,-1.797297955,5.787707513,-0.965907676,1.066455461,1.024006041,0.150221864,0.127713858,1012.227935,975.660108,115.5670369,255.5693541,3.165197528,1.075235183,1.012280713,0.19312678,0.086598987
902,1,2,23,5,,,1.169340885,1.235508594,2.471188415,233.5280153,0.22188736,-27.31151346,2.765321062,-0.580576097,0.991720329,1.039375022,0.252633615,0.118101435,1034.916838,894.3321706,145.6962556,172.3242742,3.087696115,1.135649159,1.017715103,0.277862827,0.161422843
903,1,1,23,6,,,1.208746156,1.215821349,2.537729222,236.3450902,-0.071947724,-16.59958122,-4.212616261,0.518796968,1.081129334,1.007729433,0.181720759,0.087078646,904.6262149,835.1242126,218.4041831,212.8978946,4.5675741,1.028556835,1.050549646,0.173700534,0.184022096
904,1,2,23,7,,,1.194009377,1.197728349,2.511175272,320.3390635,-0.73178628,-33.18115144,2.818841313,0.555824516,1.086135626,1.072404456,0.275084773,0.12676484,1009.539253,834.9198419,101.0983551,237.4940287,4.094728912,1.06608852,1.025455,0.325963868,0.102109771
905,9,1,23,8,Fails: T1.0,,1.139925194,1.23958529,2.590640928,372.0471953,-0.542751362,-23.42397622,-1.248039307,0.223703725,1.058018502,1.008015561,0.270763087,0.104574478,1004.242865,943.8438177,219.9316317,219.4830163,4.005650818,1.122859031,0.895678672,0.1268075,0.132723342
906,1,2,23,9,,,1.212143352,1.220489806,2.486550344,283.2820048,-0.607139721,-21.83973396,0.519755298,-0.450511994,1.07687635,0.948395655,0.200420059,0.085221541,1068.161603,860.4743912,234.3703654,182.5094556,4.614900712,1.003701627,1.11836537,0.156585083,0.114732445
907,1,1,23,10,,,1.195739435,1.174649664,2.647337875,375.6380746,0.638095662,-9.419779965,4.054983895,0.033598454,1.059658638,0.95232617,0.26655238,0.068473881,880.3353436,977.3978395,152.3625657,206.877129,3.600395564,1.057987634,1.04885115,0.280924345,0.113199944
908,1,2,23,11,,,1.185052826,1.249346017,2.650612311,328.2131001,-0.204559342,-26.09492623,2.39656231,0.659745083,1.057210976,0.985782355,0.173605418,0.106669495,962.717887,1002.874916,210.8132897,204.1309709,4.054076,1.044319744,0.949487543,0.226792011,0.075751128
909,1,1,23,12,,,1.197235533,1.227810679,2.496213165,233.5402739,1.224365004,-14.90509541,6.275599588,-0.174192997,1.054730362,1.073282487,0.148481782,0.104231186,1050.493901,944.0848264,166.0815439,215.9189643,2.433023631,1.081795021,1.080929195,0.117419176,0.170089938
910,1,2,23,13,,,1.204166711,1.245571178,2.619938593,211.3668863,-0.250116699,-8.958374582,0.399822537,-0.713474453,1.062420007,1.001251974,0.154916642,0.22846037,1004.012193,996.0408209,110.3406366,286.1408136,4.296891025,1.027985963,1.06185545,0.145404386,0.108749947
911,1,1,23,14,,,1.179331922,1.204915125,2.489716162,379.5967158,-1.25935127,-27.12124338,2.774651442,0.052687983,1.078308021,1.0485676,0.265188042,0.153334469,880.0613746,946.0593563,132.5048137,259.0990249,3.445488668,1.027354378,0.959640164,0.257698829,0.099333995
912,1,2,23,15,,,1.186808291,1.232427507,2.556785834,336.2527346,-0.912108124,-24.24975262,3.384497733,-0.954852828,1.121567386,1.091367207,0.288146307,0.171327896,1007.864771,792.1406438,192.7789393,392.3040127,4.506335746,1.103332821,1.031569222,0.263887346,0.205004296
913,1,1,23,16,,,1.218854728,1.232954393,2.725342597,256.5570244,-0.664837896,-10.50915264,4.8634855,0.088841424,1.042436349,1.021745054,0.286470442,0.107578968,1158.937455,729.267791,282.8205993,159.556228,4.066438514,1.123918443,0.923231755,0.187747176,0.154274157
914,1,2,23,17,,,1.204692594,1.195226652,2.543907312,125.6405818,-0.239333399,-17.29249189,2.317991344,-0.875703283,0.99278571,1.02757792,0.213081861,0.063378399,888.7487097,893.5320093,95.09606024,311.3035453,3.135370139,1.103612717,1.070568887,0.182470116,0.132350495
915,1,1,23,18,,,1.194545794,1.191378381,2.495004677,200.3742223,-0.192630779,-15.62228505,2.943267261,0.275420593,1.070159305,0.862823517,0.258944474,0.091369192,923.3227217,697.2882095,261.9428177,216.1957787,5.223493651,1.162802786,0.977431919,0.187160214,0.111918689
916,1,2,23,19,,,1.213455724,1.172952589,2.536391387,325.8366496,-0.413877357,-4.799931888,5.911796144,-0.835347789,1.053374723,0.91223051,0.124525058,0.053932087,945.9582434,891.3323979,243.2209326,205.0110855,2.820596051,1.059739674,0.982913573,0.223799975,0.162982619
917,1,1,23,20,,,1.175076375,1.242285169,2.587936739,277.3017746,0.45651307,-20.86663723,3.142132697,-0.790911134,1.025260123,0.948479522,0.219450977,0.164030119,1036.943481,919.4643587,214.2814187,244.2471351,3.156657717,1.028841464,0.926068287,0.144065322,0.176528645
918,1,2,23,21,,,1.206258166,1.185973536,2.58844101,226.7385375,0.770580517,-21.9627407,1.514556885,-0.432604076,1.100663839,0.994172512,0.304861841,0.124449699,970.2014211,802.0748458,249.9288986,189.9415981,5.316546377,1.080804703,0.984654642,0.298868802,0.140386632
919,1,1,23,22,,,1.210032427,1.237668406,2.547136818,357.9478886,0.2989752,-21.82280376,0.481501153,-0.437907681,1.070962551,1.028761174,0.211094869,0.152638577,1022.391739,931.246726,98.95929535,239.9500916,5.132445166,1.082719924,0.902276456,0.161484954,0.158168687
920,1,2,23,23,,,1.204542486,1.195900886,2.605893253,343.2297911,-0.20508603,-18.48000389,0.424218217,0.67449394,0.989935041,1.012821652,0.215833616,0.116666021,899.593884,719.6263921,117.4154797,214.2646672,4.396533787,1.096269497,0.986029712,0.140041883,0.104812787
921,1,1,23,24,,,1.214863393,1.208351403,2.540158058,493.0171189,-0.689474932,-19.30482358,1.686712603,-0.27209763,1.112069038,1.09552546,0.219404327,0.151066526,988.8944633,959.1536321,263.6606633,222.6437257,4.559956196,1.102609362,0.951531221,0.243532215,0.089310288
922,1,2,23,25,,,1.176995464,1.221725572,2.541097305,171.3197821,-0.534303327,-4.645614571,-0.712188922,-0.120840181,1.069308893,1.043955619,0.166543656,0.099433316,1059.669606,918.5173518,227.2511115,288.7311772,4.274121037,1.114058086,0.970796642,0.303111737,0.091584911
923,1,1,23,26,,,1.212667371,1.18607723,2.658847186,157.204608,-0.026931555,-17.07808106,-0.713555769,0.131509966,1.068379423,0.927464587,0.161490245,0.108174608,918.9430295,816.0620798,190.4169456,250.953716,2.778322151,1.120462533,1.05136708,0.240250221,0.171103064
924,1,2,23,27,,,1.248300515,1.20691039,2.502970227,144.5892102,-1.346913893,-36.89156096,1.38227779,-1.168496913,1.145159557,1.045700405,0.049503834,0.062417461,917.1023776,912.9726413,235.7221717,124.6612601,4.914480471,1.063079501,1.001760704,0.179505339,0.089195705
925,1,1,23,28,,,1.191053432,1.234343786,2.522175017,281.3640655,-0.065000154,-3.554272495,3.173499567,0.129079086,1.071523874,1.117100431,0.155992224,0.111524066,980.5933504,951.1597237,140.1906533,270.8563892,2.722282169,1.058643184,1.030278123,0.241536666,0.148479561
926,1,2,23,29,,,1.188169765,1.220682332,2.554600374,365.8090105,-0.395922524,-33.978257,-0.428715819,-0.311619399,1.025561897,0.890180507,0.324121914,0.135955536,883.9289046,890.3606095,83.96566661,38.64703572,4.175210939,1.078800942,1.003604038,0.342916871,0.174483317
927,1,1,23,30,,,1.165885961,1.247834172,2.536336209,138.0504649,-0.333542471,-17.42004882,2.303366151,-0.263278872,1.086814921,1.034134376,0.282417262,0.087472973,1080.551479,1076.77071,81.36699223,244.9654829,5.056705193,1.052044809,0.948863095,0.237878343,0.168306484
928,1,2,23,31,,,1.194715854,1.22190102,2.54128485,281.3144108,-0.41153507,-25.60346778,-0.57988562,-0.067671491,1.014387297,1.052435069,0.12138867,0.073786533,901.0400167,1005.715863,110.6983817,209.3603244,3.529250049,1.088072847,1.064311158,0.270367196,0.124911818
929,1,1,23,32,,,1.232096143,1.204432313,2.536469891,327.1478055,-0.048573105,-40.79014323,3.05232184,-0.008329204,1.015697018,0.940004225,0.187153275,0.149343112,920.3260247,918.1699179,210.8971906,225.6921019,2.286953797,1.042595753,0.997251312,0.280803426,0.203670645
930,1,2,23,33,,,1.213109134,1.180896557,2.65945008,95.53134577,-0.808640375,-10.15750695,7.621320212,0.233395914,1.091952131,0.952828481,0.091875069,0.197176453,906.1403076,755.8026557,190.8680725,155.637598,3.738163384,1.071291718,0.982103755,0.202925292,0.167755259
931,1,1,23,34,,,1.220844909,1.186988379,2.592579859,265.4165496,1.196403941,-39.14005163,3.231835274,0.793221631,1.118490244,1.046790185,0.172538277,0.042302248,776.1623634,934.3327739,256.466841,211.1915209,2.97724612,1.003608074,0.979539901,0.160937471,0.193938665
932,1,2,23,35,,,1.168584082,1.202225987,2.613796676,318.8315662,0.954801694,-10.47971468,-3.78123149,-0.568181616,1.08077029,1.023418189,0.261029594,0.072826915,1012.562091,814.855729,278.1104947,273.3592992,6.011397165,1.100582895,1.067871248,0.225032354,0.121411565
933,1,1,23,36,,,1.208994889,1.185411021,2.445382713,298.7464968,-0.19788013,-22.33154662,3.04778888,0.336749618,1.090977186,1.075336925,0.271700511,0.09752042,874.227321,780.4860753,225.8289254,149.9959556,3.364008615,0.996456815,0.981278228,0.245298941,0.120731809
934,1,2,23,37,,,1.168250125,1.192531854,2.518536792,348.676927,-0.700517471,-30.73588662,8.130960912,0.362476173,1.041186339,1.025013517,0.199604832,0.136683125,982.0914964,819.163344,286.7325651,244.4132317,5.680269671,1.123229253,1.088007687,0.071444678,0.144022301
935,1,1,23,38,,,1.190025786,1.222971574,2.607471732,260.7957733,-0.988460502,-32.2753671,-1.013560999,-0.564744993,1.016599441,1.015586962,0.294354202,0.095794452,952.2012035,900.5641196,247.7703667,283.9093529,3.858788403,1.002910707,0.927474881,0.241063434,0.159283227
936,1,2,23,39,,,1.204664782,1.210203658,2.519875582,382.1240435,-1.00152619,-14.0993708,0.487828275,0.189786905,1.142425193,0.961544936,0.094912212,0.123110077,1013.067179,855.4694286,313.9925468,124.3392858,4.074404189,1.052228279,0.975592005,0.228819227,0.149877043
937,1,1,23,40,,,1.200863522,1.217048255,2.555994336,234.9665104,0.930681143,-35.40746674,0.554757704,0.165805052,1.068029439,1.109211963,0.139570962,0.154582728,903.3691271,1060.014596,223.8814013,170.0344635,3.758149605,1.05312661,1.049698341,0.187122998,0.104718254
938,1,2,23,41,,,1.141082459,1.210925041,2.590042179,455.2605909,0.768345258,-35.7915886,3.192749162,-0.087943696,1.100152024,1.06045185,0.140307079,0.148427683,1000.348219,774.8706249,237.7953922,227.7292902,3.029206411,1.050966541,1.119509155,0.008115416,0.15577958
939,1,1,23,42,,,1.215144217,1.17283042,2.664680267,329.4827364,-0.980420263,-26.20643642,4.964854989,-1.694923299,1.104494232,1.068565332,0.245546944,0.131736721,1015.969924,838.4037547,275.509836,247.2192671,3.317520989,1.07300641,0.904212891,0.219673793,0.1186708
940,1,2,23,43,,,1.198514242,1.218600061,2.574897437,298.3740948,-0.461974048,-22.40953935,3.365046088,-0.46813332,1.07351913,1.08884971,0.33331107,0.082428526,1015.760478,919.6950595,120.974116,209.6882121,3.718528438,1.031733828,0.938411504,0.200689376,0.196446581
941,1,1,23,44,,,1.183697003,1.199260683,2.480311308,222.570021,-0.154750945,-24.86891941,1.219125826,-0.415086516,1.091008567,1.073724561,0.199318894,0.055342867,956.3143326,892.5930593,368.3725345,325.3933321,4.353319614,1.095735574,0.984150691,0.152278451,0.108474168
942,1,2,23,45,,,1.185073457,1.22524437,2.548393316,313.654045,-0.096261521,-28.40229688,1.182478754,0.098506158,1.082321202,1.082408952,0.240162933,0.108424238,917.241112,852.7884082,16.89591803,306.1700447,2.842456053,1.026423029,0.97923463,0.098206781,0.140843962
943,9,1,23,46,Fails: T1.2,,1.180393957,1.207648704,2.329135235,296.5943159,1.040723464,-34.57334721,3.740982988,-1.972053874,1.10028842,1.103764206,0.231482691,0.11853957,897.0018817,934.3380498,52.2537012,331.2346579,5.558849649,0.997269599,1.048001551,0.199348487,0.138561319
944,1,2,23,47,,,1.218926577,1.168075536,2.49447689,377.4987626,0.263761373,-25.30298615,-0.112062324,-0.69717294,1.104702494,1.018354232,0.178935472,0.149873534,1014.912998,851.1205439,181.9711958,226.3212444,3.079868838,1.093841564,1.076610999,0.160973157,0.138133053
945,1,1,23,48,,,1.186613451,1.21956429,2.587028306,271.1065391,0.206189431,-26.14024024,2.400150113,-0.459105518,1.037570818,1.04623182,0.241991064,0.158814888,1053.676675,890.7176296,181.349836,305.2821799,3.896586136,1.074168864,1.088132939,0.288989826,0.180756295
946,1,2,23,49,,,1.190275939,1.242042168,2.582814015,352.5484554,-0.029356701,-10.90274831,0.768628302,-0.328129953,1.14303233,0.96294202,0.194059566,0.142891445,852.4935959,826.0499202,301.4801734,180.8839909,3.795516214,1.046973219,1.113661677,0.2799465,0.140295727
947,1,1,23,50,,,1.196054225,1.190995008,2.477283193,277.8534785,0.125230491,-23.06158901,0.869403592,-0.333895313,1.111330311,0.989385762,0.20833801,0.169085175,1002.956343,937.5279594,84.8948697,273.9013551,3.725662887,1.031986618,1.062589479,0.160281137,0.214346128
948,1,2,23,51,,,1.207712404,1.211293593,2.558790593,419.4862396,-0.669690106,-16.33436974,2.755328622,-0.52246882,1.068146912,1.031151794,0.163585328,0.098801538,948.960016,874.4439942,89.99552081,270.4115156,4.419562338,1.096985058,0.957273236,0.3036869,0.139690799
949,1,1,23,52,,,1.178915567,1.202508757,2.646467464,531.6533217,0.160133701,-21.77098085,5.537410317,0.507932464,1.091815804,1.064263885,0.16857185,0.087446889,819.9845299,751.1526223,283.554731,265.3427114,5.154385051,1.050946689,1.009271634,0.170927315,0.18207603
950,1,2,23,53,,,1.213048442,1.184317857,2.537039616,211.4439185,0.199303045,-18.09990732,2.220754503,0.57999697,1.117549882,1.012708914,0.220758497,0.103198985,936.8015753,909.3425606,323.4077139,142.3820921,3.92982477,1.145156739,1.034175684,0.240552457,0.120493266
951,1,1,23,54,,,1.20133561,1.208100237,2.616286768,327.6370419,-0.364452472,-22.81779807,4.235452669,-0.283289687,1.096543267,1.097958594,0.23951478,0.111453838,861.5764484,883.0242478,195.1621373,212.9185589,3.880966003,1.10911701,1.154567372,0.231499509,0.097200608
952,1,2,23,55,,,1.188984684,1.204862956,2.530222137,191.1821488,1.719016954,-33.84145046,2.953475561,-0.06093873,1.083810231,1.015595514,0.16719344,0.113395899,917.3584217,957.8096415,74.65620975,129.8840256,1.70218467,1.04547244,0.985084552,0.119012459,0.123150141
953,1,1,23,56,,,1.184000721,1.213523221,2.569064905,256.0037116,0.333072092,-17.7900133,2.448223374,-0.407333239,1.060727185,1.105841342,0.179540255,0.081927613,1037.767165,930.926937,144.1747229,185.1645405,3.903779183,1.089180075,1.027660841,0.151829566,0.192227669
954,1,2,23,57,,,1.219357057,1.204712028,2.465318153,179.3092457,-0.090259129,-21.96299137,0.376120217,0.170200056,1.070385173,0.965834221,0.117917912,0.172807087,1032.944141,730.7557591,240.1173647,308.1690045,3.802853163,1.046974076,1.123213283,0.232635665,0.159103922
955,1,1,23,58,,,1.190143498,1.218275098,2.581332123,286.0676235,-0.545067065,-14.36845843,0.70453014,0.077738892,1.06393902,0.951518022,0.151535282,0.103397995,937.8402686,894.0196349,285.1798061,291.1445236,4.762641398,1.018412953,0.900518285,0.275541177,0.170722128
956,1,2,23,59,,,1.20521546,1.184576316,2.592457127,153.7159756,-0.451081763,-2.009850601,-0.602063565,-0.35389653,1.097623486,1.089470926,0.104782112,0.076721629,875.635394,853.8285194,70.51844308,447.7188451,4.692695912,0.97081319,1.053256432,0.203908112,0.144639048
957,1,1,23,60,,,1.193790297,1.22599203,2.470813116,413.4800718,0.663048673,-31.84741176,3.56295108,0.011879324,1.075368371,1.098882713,0.327191302,0.200552258,869.2035968,742.2845133,354.5550448,198.792858,3.123740885,1.046958902,1.03157579,0.267504934,0.159846102
958,1,2,23,61,,,1.19695274,1.207076891,2.54304516,463.679162,-0.065193082,-28.45577115,1.514438304,0.754443267,1.071562199,0.937250773,0.164970458,0.067789314,949.4615861,1006.066711,108.0062033,227.4850511,3.238503751,1.089729319,1.013211771,0.191130071,0.128579746
959,9,1,23,62,Fails: T5.0,,1.194427806,1.197116599,2.687106337,343.913089,-0.477612604,-26.4119082,1.734631555,-0.230936512,1.008859847,1.14567307,0.27211839,0.108839781,597.198764,871.3386807,190.4951089,320.0385197,4.863821335,1.047367981,1.112801061,0.188522779,0.07456291
960,1,2,23,63,,,1.178860641,1.239528254,2.582273192,371.3114251,-0.368088856,-15.76093421,3.245221672,0.079794136,1.032270842,0.969933108,0.130158218,0.126488248,1024.802587,898.7460194,341.0194603,220.2345366,2.92040642,1.135778502,0.973037291,0.239126618,0.091446427
961,1,1,23,64,,,1.194589616,1.214426408,2.575388866,266.0049848,-0.055665856,-10.38641787,-0.668074135,0.024408989,0.97996645,1.006016406,0.165040436,0.063719247,1115.293378,776.0449412,355.5406394,306.2334058,3.978560138,1.03980792,0.994484202,0.232630052,0.206526314
962,1,2,23,65,,,1.186210432,1.236543983,2.655077691,427.7794345,-0.181072536,-26.69263606,1.503151006,-0.684843008,1.121028397,1.107887521,0.160279587,0.153456309,1069.057785,934.2256963,294.1143162,267.0618981,3.542960045,1.104266226,0.890796093,0.205027502,0.115158952
963,1,1,24,4,,,1.199694098,1.18667028,2.477117349,497.3638692,-0.472083749,-33.22914754,2.550802045,-0.728363356,1.018896883,1.003903533,0.202277759,0.11560709,877.4855912,848.3904226,125.8533532,260.6781151,2.081318192,1.068369301,0.972876769,0.258460159,0.170783386
964,1,2,24,5,,,1.210136408,1.194445016,2.50393212,282.0626008,-1.095690525,-18.95021681,3.007757313,0.327070955,1.100709293,1.069696215,0.148232309,0.119846945,1059.124369,1037.968395,155.1122217,231.7817975,3.950224622,1.086934916,1.009882897,0.107320958,0.10799375
965,1,1,24,6,,,1.18535388,1.201621573,2.612980343,457.1303013,0.353436435,-28.67261823,0.115333417,-0.989302376,1.112535826,1.029821323,0.330288704,0.106779984,1004.319889,1026.315516,320.536836,293.3162154,4.384719801,1.065293434,0.930161583,0.225585963,0.177426935
966,1,2,24,7,,,1.177449616,1.226494813,2.511182127,274.3470204,-0.463552287,-22.61905288,5.215721688,-0.450636739,1.038557668,1.084137914,0.258490347,0.186341935,870.0865559,953.9979124,292.9221252,238.4928275,3.818009159,1.07347617,0.970467007,0.253330536,0.126656509
967,1,1,24,8,,,1.201929314,1.179958103,2.535591367,312.9598671,-0.608206968,-28.49812594,2.047111142,-0.177640821,1.14132938,1.028034516,0.183209894,0.157553319,972.5733839,1066.135475,215.8821403,209.5863083,2.758382027,1.038084603,1.009041857,0.220390248,0.104473711
968,1,2,24,9,,,1.16467818,1.191441341,2.558603061,401.4833025,-0.452490582,-30.56477219,2.54572695,-0.760913854,1.057382895,1.095657967,0.120831737,0.091099272,996.8185807,983.7625148,244.3573992,278.8816318,4.553963777,1.04613324,0.958040779,0.042920852,0.124679937
969,1,1,24,10,,,1.179672294,1.201031044,2.598801465,332.8031103,-1.376276182,-35.16795078,3.149173434,0.9037404,1.118969779,1.038269274,0.160986479,0.094095896,865.62419,756.7474366,209.2251669,271.4000085,1.293438945,1.072550124,1.082296744,0.166999821,0.157610555
970,1,2,24,11,,,1.223107386,1.220256143,2.608127996,351.3746795,1.013260715,-26.99941914,3.95488265,0.600115083,1.07719792,1.068742546,0.170201693,0.152866777,925.5577082,741.3714774,205.6147168,411.055345,4.201494257,1.02290407,0.992775217,0.104262885,0.176791667
971,9,1,24,12,Fails: T3.3,,1.238595247,1.209563498,2.616071305,173.2194225,1.230015402,-15.02123067,-3.199200897,-2.061528521,1.039627736,1.035257758,0.069292158,0.148695878,984.4620618,917.2491019,212.2333688,252.8745679,4.22564415,1.088961946,1.038876094,0.15511153,0.133575297
972,1,2,24,13,,,1.185591468,1.190057482,2.647498211,403.4976311,-1.481716261,-29.49795535,-0.611215341,0.41531135,1.032989926,1.019053137,0.149277704,0.133768805,803.8455612,991.4122848,316.7510368,336.6452776,3.387694453,1.07412761,1.038625676,0.211004757,0.101907212
973,1,1,24,14,,,1.196477848,1.212860479,2.592707594,344.7270853,-0.050799886,-33.40429567,3.079948121,0.138005768,1.122412615,1.002242833,0.161609257,0.174280793,929.8802607,858.8766608,232.2209755,298.9919953,5.798226832,1.074568465,1.016875601,0.173496239,0.104803588
974,1,2,24,15,,,1.222858966,1.227465232,2.697940976,431.8262722,-1.949333259,-33.23385619,0.221764211,0.094629329,1.149515291,0.95300281,0.245878735,0.154014578,803.9421925,845.8315801,115.1659618,356.2793944,4.925412276,1.052164197,1.018407694,0.184512719,0.096416682
975,1,1,24,16,,,1.187018909,1.189041285,2.624499405,492.430374,0.192919986,-13.43780043,1.49402028,-0.431645623,0.990525267,1.084718448,0.105931532,0.215546873,1121.174853,1107.018909,194.0191477,298.8310207,1.812337293,1.119122999,0.989021627,0.23963035,0.130397072
976,1,2,24,17,,,1.206826857,1.226165854,2.66060369,145.4537211,-0.007879653,-22.63505723,6.99141161,-0.067044421,1.026074879,1.042557088,0.291815262,0.151488486,974.5730892,792.303439,65.31260193,316.2298815,4.269112045,1.082917707,0.950895881,0.189023091,0.150501891
977,1,1,24,18,,,1.221756763,1.209467049,2.617752945,404.2567648,-0.997719214,-22.19692341,2.807508378,0.075399564,1.011192874,0.97813053,0.263663128,0.136977562,1076.520582,876.8942103,208.9517171,272.3415416,4.112234129,1.036124034,1.008841874,0.190018233,0.144555992
978,1,2,24,19,,,1.182117933,1.221526531,2.737813183,290.9499078,0.70366119,-16.77672224,3.987959675,-0.671991973,1.045106424,1.018504122,0.219160661,0.019985115,915.330783,849.7851977,136.9338443,120.4591401,4.350185511,1.059985504,1.070441774,0.123005041,0.222826523
979,1,1,24,20,,,1.224096398,1.234672163,2.559091752,337.9346238,0.233063313,-14.90260327,0.834396551,-0.668945218,1.07560116,1.04679452,0.126896952,0.081653557,899.4248996,919.47694,289.7088705,228.7983696,6.175853451,1.022869911,1.055878253,0.190878128,0.091540151
980,1,2,24,21,,,1.217778559,1.173328589,2.604100428,100.6342545,-1.335270133,-30.04670275,-1.144110623,-0.987346085,1.070387981,1.08791539,0.187492962,0.17043965,1002.8055,990.6327587,290.1930045,338.6249268,2.279381271,1.067536597,1.055134171,0.274098802,0.075667646
981,1,1,24,22,,,1.212888891,1.18669835,2.586878002,187.7520293,-0.92112147,-16.16024886,6.178094364,-0.156190896,1.057048908,0.948398614,0.266744584,0.059598447,863.3260197,858.3842058,148.4779016,194.3059146,3.377436665,1.038155996,1.026893486,0.180310922,0.187670805
982,1,2,24,23,,,1.154613855,1.221597705,2.481365357,226.8798621,-0.407704736,-25.09224031,2.211396141,0.16406908,1.073633574,1.028452806,0.202569707,0.08348361,955.1305192,871.3145308,264.9677064,309.0404388,3.9563757,1.049418334,1.07833731,0.218500939,0.088217236
983,1,1,24,24,,,1.189546165,1.191144469,2.488936645,251.6063827,0.787869205,-15.7176116,0.167115159,0.083336498,1.00117103,1.069809232,0.256763724,0.122710158,833.2113558,961.5030043,53.40625432,168.6001353,3.546241497,1.0935738,1.059669427,0.146853816,0.148482573
984,1,2,24,25,,,1.172249402,1.203451787,2.631447551,305.5268564,-0.495346863,-14.27908816,-1.644766165,0.005039502,1.096220586,1.050475905,0.191271315,0.094416017,1090.06626,750.6358167,130.5738277,155.3056015,1.92575123,1.103975691,0.995491147,0.183210802,0.144537595
985,1,1,24,26,,,1.200685323,1.23561382,2.49959725,289.10115,1.366200237,-26.35595583,1.693531154,-0.27628335,1.04701916,0.958885703,0.298852057,0.089499223,902.3287061,925.9279474,211.4136708,296.6156006,2.830948485,1.078210673,1.04425593,0.173798664,0.088060046
986,1,2,24,27,,,1.175648575,1.23405113,2.56273645,305.2367411,-0.893415326,-20.60900423,4.254623074,-0.94902016,1.016381892,1.100876112,0.081035663,0.12031817,895.5842113,965.070076,224.4043188,341.6653081,3.673885254,1.133148922,1.034538562,0.17710427,0.115277122
987,1,1,24,28,,,1.164882443,1.240496458,2.572863803,378.6015688,-0.203215884,-19.96337221,5.440554444,-0.212909649,1.062481615,1.01426673,0.092523143,0.089082331,958.3952226,985.1555619,209.6264147,222.4756343,3.832799809,0.990945443,0.993855115,0.215040157,0.098901396
988,1,2,24,29,,,1.219230816,1.208879243,2.654116687,277.3289168,-0.348849897,-20.51314497,-0.958451124,0.309512551,1.076227787,0.962216973,0.279850454,0.088546199,1031.635281,734.9174951,59.16390863,268.2233531,2.402962114,1.104995928,1.095834951,0.270210457,0.131417905
989,1,1,24,30,,,1.181636524,1.200061162,2.504655011,171.0983926,-0.209387553,-13.26993248,5.041699199,-1.003711753,1.062837647,1.055445272,0.135676937,0.064857523,963.0734147,800.949922,347.302663,321.1265384,3.20049287,1.101056443,0.951192579,0.253681853,0.081721346
990,1,2,24,31,,,1.20616102,1.187068369,2.583271293,471.3025585,0.303166669,-3.384003951,4.385446573,0.029400527,1.013006097,1.013598216,0.263603091,0.050652665,974.8581106,1077.91534,234.2634631,227.1723353,4.444710072,1.06527501,1.061663863,0.205233546,0.11259576
991,1,1,24,32,,,1.215060729,1.247252609,2.666958624,251.1068192,0.592814001,-25.74981659,-1.721939878,-0.87720363,1.061464593,1.004326588,0.227153109,0.141774225,857.9999259,754.5961479,245.9384564,292.9307724,4.277503946,1.127448323,0.975540335,0.279341526,0.083100116
992,1,2,24,33,,,1.21343837,1.20312802,2.532269612,236.854041,-0.506448606,6.125553568,1.209377579,-0.883866961,1.056689874,1.017611072,0.280220555,0.146127762,950.5347032,863.4883459,193.5174686,307.4371299,3.715904825,1.091530391,0.943875869,0.217290445,0.156009516
993,9,1,24,34,Fails: T5.1,,1.204752374,1.225855794,2.523215487,339.1715794,0.149848062,-37.02769737,2.558235686,-1.274307797,1.04691815,1.013558759,0.082123334,0.084333141,910.9984358,671.092517,326.6731972,177.6552575,2.407159138,1.017532391,0.949364535,0.110891746,0.121985457
994,1,2,24,35,,,1.191969711,1.156840417,2.50343015,274.049332,0.450460032,-14.61858044,2.399437117,-0.376959242,1.043589516,1.035919124,0.238327972,0.076033921,1034.444413,910.4961497,205.8005787,266.2683656,3.747701338,1.138954108,1.037131452,0.12999998,0.072699427
995,1,1,24,36,,,1.217037145,1.216688064,2.522847721,181.8012299,-0.489141755,-22.910283,-1.404437888,0.089642668,1.074693171,1.015167972,0.217714835,0.141694586,818.508244,873.1434748,222.6533506,323.7043786,2.334996611,1.092547202,1.128541381,0.260670554,0.173704383
996,9,2,24,37,Fails: T5.1,,1.228648017,1.242322601,2.658121336,537.2969389,-0.11390036,-16.97740813,1.483606246,-0.249571344,1.081976479,1.019978048,0.131102694,0.021880958,982.2240377,598.0862541,375.9617828,245.704851,2.854123566,0.979226952,1.018394464,0.20190586,0.066832437
997,1,1,24,38,,,1.18795837,1.216374255,2.608308565,193.8617442,-0.087287094,-46.81274896,6.069033284,0.196236898,1.109797725,1.070769978,0.179506607,0.132025907,1108.90531,916.6325078,246.3449273,135.4979541,4.92694829,1.085134878,1.0855511,0.128120308,0.128066245
998,1,2,24,39,,,1.195111132,1.164694537,2.625872176,386.7508107,-0.624701829,-34.5550501,-0.234796004,-0.445100127,0.964799604,1.066759875,0.14677537,0.048388934,788.4789272,938.0964459,203.7172376,281.2788016,3.896094006,1.060357077,1.003960903,0.199790524,0.13314772
999,1,1,24,40,,,1.165715731,1.223901053,2.58610269,356.9527474,-0.187872386,-16.74175861,2.434495096,-0.920587853,1.12032453,1.062722455,0.294628192,0.100628422,881.2756412,851.0159642,397.722033,235.42335,4.514895345,1.045379834,0.984292582,0.253848813,0.087417076
1000,1,2,24,41,,,1.196332505,1.219617218,2.523414099,361.8127109,0.368787786,-13.5719974,1.679168989,0.492319283,1.1063851,1.101349197,0.017818316,0.155882393,954.242402,864.5996794,202.42129,238.7199209,3.383610989,1.062970889,1.019734367,0.273035679,0.127448404
1001,1,1,24,42,,,1.213269616,1.186131698,2.663290012,294.1450213,0.076641738,-10.79229372,-0.340370738,-0.197331481,1.130482341,1.046692705,0.214639618,0.095098433,908.1482072,983.628784,227.8421696,460.1566533,3.978308548,1.058959671,1.109356603,0.259615907,0.144183469
1002,1,2,24,43,,,1.232274636,1.216263402,2.60867107,299.7537153,0.157900961,-26.89226439,-0.717306628,-0.229910665,1.059957059,1.124842151,0.218620349,0.108315218,837.0318339,850.7802056,254.1218711,354.3933345,3.920113306,1.079883946,0.990047501,0.207575874,0.111030139
1003,1,1,24,44,,,1.216389149,1.233815506,2.517439169,195.3843657,-0.126144865,-27.05129737,8.02289448,-0.165773349,1.079662799,1.018113652,0.212583481,0.124749791,1016.770691,751.9303306,240.615287,444.4896096,4.522372607,1.042743135,1.000481915,0.241139856,0.098972382
1004,9,2,24,45,Fails: T1.2,,1.223164863,1.197242514,2.31810844,322.6551878,-0.492115355,-8.416101823,5.37823455,-0.180971226,1.08138713,0.986437579,0.164627019,0.086136498,1097.697404,824.402407,306.0302989,343.2442154,3.040927693,1.078685938,0.928735906,0.280712401,0.083642167
1005,1,1,24,46,,,1.212618475,1.193774725,2.535041411,308.8851755,-0.710065713,-45.38684421,-1.477045332,0.470828871,1.146256672,0.977548025,0.150091688,0.144237577,857.6718051,875.8273136,343.8294234,212.3832462,4.50958694,1.147294517,1.056089362,0.090541225,0.151098719
1006,1,2,24,47,,,1.217248075,1.180524047,2.582633313,357.6855899,-0.848237232,-16.1276383,1.103614651,-1.107360704,1.137546138,0.976080251,0.23594809,0.151699396,835.795861,762.9621125,358.5594524,226.5047834,4.98674761,1.006898092,1.01656591,0.269952842,0.111145041
1007,1,1,24,48,,,1.241796961,1.218688831,2.588682551,226.5187223,-0.497229882,-28.58935994,-1.711416481,-0.164744494,1.07422124,1.02967884,0.101255589,0.050881324,1054.350996,893.9439239,222.5073051,197.5749621,4.297411175,1.107870122,1.096042182,0.263972232,0.188016177
1008,1,2,24,49,,,1.192205118,1.220957327,2.589550646,182.595473,-0.156823693,-20.26155212,3.35077295,0.042552952,1.093142631,0.998823263,0.259256985,0.140784435,990.4483353,824.169395,358.5456868,338.0121175,4.047872304,1.065638631,0.981765204,0.234114257,0.139541826
1009,1,1,24,50,,,1.204354875,1.225230651,2.590386502,297.0099861,0.758420349,-29.07116166,3.379092636,-0.462906067,1.137965203,0.962504931,0.193569343,0.084230375,1022.175615,968.903956,242.335503,349.4949056,3.861436985,1.062506996,1.029649916,0.145252951,0.179547812
1010,1,2,24,51,,,1.180747258,1.228250447,2.570187795,231.5044824,-0.860097611,-23.56544719,1.98508937,0.379282051,1.15153582,0.995226832,0.253414901,0.122429071,922.1572936,964.0491076,152.5582815,214.1574699,2.424358591,1.021057575,0.972891665,0.203961648,0.138567606
1011,1,1,24,52,,,1.201231032,1.243378869,2.678881863,182.0016139,0.212536168,-8.434388302,-0.175827568,-1.366042646,1.087055027,1.021519726,0.188142773,0.140523511,973.2178355,726.4154227,398.8194649,203.4346623,5.081362437,1.097358578,1.013871756,0.161466019,0.128348516
1012,1,2,24,53,,,1.191957899,1.230144825,2.561873313,417.5558936,0.16939183,-3.812537969,1.096718633,-1.213938448,1.064382253,0.995195891,0.284878909,0.091215265,976.0804261,835.174307,231.1335382,263.2413508,3.730439131,1.098276255,1.010163675,0.230575468,0.136664297
1013,1,1,24,54,,,1.182256759,1.182170033,2.620664045,437.7376369,-1.238026469,0.729683519,2.950397139,0.171144442,1.07000298,0.98403005,0.213262338,0.144472433,1021.862728,965.1592211,85.34666648,380.9159357,3.19707047,1.09918928,1.036392212,0.157818413,0.147612477
1014,1,2,24,55,,,1.197486202,1.236146828,2.614499915,255.3243533,0.06092833,-19.26009996,1.029793008,-0.442394416,1.128533458,0.94862521,0.114645633,0.139803701,1064.264366,991.306286,308.1332031,190.9134525,2.069061911,1.046676791,1.025734935,0.252053659,0.19578955
1015,1,1,24,56,,,1.176518211,1.196673947,2.612184984,261.8125671,0.294843497,-4.134218521,1.814918407,0.306680224,1.022173065,0.996957229,0.225545166,0.069775402,874.7984345,886.6930326,487.3760475,283.1109815,4.92253765,1.100455563,1.108376411,0.170653372,0.130950714
1016,1,2,24,57,,,1.212310897,1.213962756,2.56695014,130.7843751,-0.288640004,-5.907540492,4.755208785,-0.022974667,1.130679112,1.033097886,0.196737037,0.131728503,875.2377559,857.5388192,338.375127,198.5441349,1.655569474,1.15971768,1.058714977,0.191638894,0.21525343
1017,1,1,24,58,,,1.199396884,1.197130788,2.556720613,440.1989775,0.451869736,-40.53228308,0.554596129,-0.192564518,1.057792967,0.975498463,0.336048454,0.051424817,980.5077062,957.608116,104.8518017,316.611719,2.803041854,1.094049668,1.027397027,0.28328805,0.12819676
1018,1,2,24,59,,,1.168198797,1.187939766,2.680678814,189.7445592,0.511856518,-15.45411249,6.380400339,-1.231562465,1.132519001,1.049158025,0.160671631,0.12762585,1035.320646,910.9966401,189.3920722,151.9155291,1.079265273,1.101013749,1.046120408,0.164103311,0.132801333
1019,1,1,24,60,,,1.191663876,1.244807122,2.620538528,305.9796223,0.25673174,-17.2631993,1.25787388,0.816277404,1.043580678,0.988023968,0.117475419,0.099198189,820.6580387,927.8882846,319.2381508,265.8604111,4.591809206,1.053321363,1.02288027,0.117777052,0.089096928
1020,1,2,24,61,,,1.189018433,1.252015276,2.554055912,179.6995774,-0.695061417,-28.6594343,3.338847219,-0.54801171,1.113165532,1.085101113,0.252436737,0.154346529,971.4002749,842.0748723,248.9501641,421.030661,1.697136712,1.086138269,0.976244488,0.048052495,0.128614257
1021,1,1,24,62,,,1.171372885,1.242959003,2.563861462,62.8715977,-0.237533827,-31.30320447,-1.241465473,0.251284549,1.099548387,1.006260678,0.11888923,0.124440652,839.4889456,857.0040708,238.2469419,277.3251074,2.731656342,1.108019865,0.904179534,0.111012079,0.197865421
1022,1,2,24,63,,,1.228929774,1.253346361,2.575444813,225.1071912,-0.550422331,-10.73826654,3.710682122,-0.404021877,1.086280204,1.0027159,0.268966836,0.044546283,901.3854236,842.7894319,231.6170596,400.8852472,2.028584942,1.133225038,1.040223912,0.253819196,0.179667017
1023,1,1,24,64,,,1.181923753,1.178354683,2.61861443,314.0044023,0.171956688,-16.95832954,0.103031233,-0.546953707,0.980027395,1.070119365,0.184564283,0.135171695,981.7547864,976.0734998,144.9958126,161.4042612,2.645663267,1.077722885,1.004665639,0.1283353,0.190749606
1024,1,2,24,65,,,1.195549114,1.191042999,2.613834024,338.851948,-0.872880796,1.124417533,3.926899292,-0.011465307,1.065867667,0.977939847,0.152674341,0.066271197,1032.725631,1045.713227,298.5833892,404.4184339,2.067150346,1.083585559,1.002811915,0.224440775,0.107145024
1025,1,1,24,66,,,1.2054348,1.163665084,2.535547827,452.2811647,-0.63596689,-36.16047996,-3.869633621,-0.091364003,1.012525503,0.974884892,0.247915302,0.135779694,999.5114275,786.3637593,58.03812198,308.393516,4.286062154,1.127996344,0.994800792,0.197178539,0.126460548
1026,9,2,25,4,Fails: T2.0,,1.198661786,1.215031722,2.652473928,-11.26402278,-0.741646865,-16.81411866,-2.056598277,-1.578247703,1.059348583,1.023659147,0.270448355,0.069132763,906.8782156,912.6115308,15.83613715,380.6057511,3.165767036,1.119764226,1.042562703,0.164423573,0.123466136
1027,1,1,25,5,,,1.183956439,1.20746298,2.533241139,383.4314314,0.685593713,-21.35958207,-3.04600158,-0.566751721,1.129888152,1.102664581,0.027162337,0.121327678,980.8588502,978.9376343,245.5122583,315.0625556,2.621961055,1.094078642,0.956577171,0.217273971,0.130487455
1028,1,2,25,6,,,1.202816851,1.20044898,2.486524972,279.2068524,0.195357981,-11.44954845,-2.90330002,0.234936586,1.056037838,0.948524272,0.23033268,0.130202479,929.8940832,899.344178,183.7731704,66.22643398,4.217194321,1.080864663,0.968368903,0.3083803,0.159892865
1029,1,1,25,7,,,1.176698102,1.208903488,2.522188285,308.5567789,-0.341919344,-22.26403632,6.992721919,-0.086730266,1.067038357,1.056191617,0.207943152,0.120137379,820.6486548,957.3648268,131.055141,134.4299062,2.790724883,1.005937384,0.849460585,0.138841469,0.153974147
1030,1,2,25,8,,,1.178907516,1.242648649,2.612526587,256.6990443,0.478412581,-16.35654925,1.111740698,-0.527216198,1.01924618,1.080155453,0.169975914,0.074014442,957.1319366,864.1499577,114.6438155,321.3480424,3.277334728,1.058477343,1.114449137,0.226359104,0.216852358
1031,1,1,25,9,,,1.178034409,1.206619578,2.543229617,336.0272698,0.102687456,-19.86443177,3.365340137,-0.950231854,1.007152412,1.054814564,0.276511829,0.0834501,962.6306104,880.0577309,196.9898,218.5969297,3.731833858,1.106829652,1.027019322,0.156894497,0.123794102
1032,1,2,25,10,,,1.200322986,1.206574179,2.542185014,352.4956201,0.184242543,-31.83514834,-1.002108312,-0.829064131,0.984121859,1.10653528,0.225413651,0.116683131,963.3299559,1132.207305,109.9256097,209.8155092,2.419355203,1.050961988,1.092933647,0.172461496,0.167441385
1033,1,1,25,11,,,1.15273099,1.19370909,2.546254474,102.5954874,-1.187503425,-18.28688722,4.749173419,0.03440324,1.067244245,1.112816223,0.194564382,0.137012826,1069.209329,790.2385969,180.8886475,298.9463325,3.038922441,1.042168587,1.003256851,0.250678938,0.112312544
1034,1,2,25,12,,,1.163261192,1.23221279,2.465260156,219.258643,-0.769360999,-30.5295168,4.077969077,-0.940145258,1.031948972,1.061492825,0.0973874,0.157283343,888.9911621,981.4323552,146.9387474,314.301398,3.624051224,1.100155297,1.096969185,0.245645127,0.147953167
1035,1,1,25,13,,,1.207828189,1.20475532,2.62059092,115.2755105,-0.639012868,-20.74972893,1.722015514,-0.655347057,1.054719525,0.948632773,0.235191331,0.05715145,1052.75193,911.0971247,456.5244689,195.2511206,2.32274199,1.110976365,0.99763728,0.21551392,0.179292139
1036,1,2,25,14,,,1.187226439,1.156704636,2.502933132,350.0034318,0.149694534,-16.10378588,6.083573482,-1.074995103,1.047471275,1.062793607,0.132692141,0.168464105,950.5097684,828.2037689,117.4282377,168.0557204,5.250251074,1.112333071,0.92261804,0.154947908,0.130700725
1037,1,1,25,15,,,1.174174178,1.198557868,2.655727595,191.6371569,-0.141456076,-24.54777486,5.060464581,0.509462853,1.000927612,0.965875489,0.216064506,0.087920757,967.8147752,902.2639314,224.9936694,187.2650196,4.483419595,1.035555478,0.996876562,0.204475966,0.125778097
1038,1,2,25,16,,,1.206913931,1.220679206,2.524065402,265.9014125,0.074313325,-23.37028414,3.690168482,-0.591877186,1.090030952,0.95358906,0.205227455,0.131121869,825.2106061,775.6604989,135.4738957,325.3926727,3.313062897,1.034382806,1.004150315,0.107868989,0.237563248
1039,1,1,25,17,,,1.168459077,1.23156873,2.469384937,305.5335533,0.506237706,-2.779334929,-1.780371477,0.02623225,1.098062061,1.040149068,0.1273986,0.128992034,899.0442136,826.7439527,41.5028947,279.7678092,1.813028772,1.081355631,0.943707179,0.149431577,0.147237572
1040,1,2,25,18,,,1.226900735,1.217483666,2.626275603,347.9700461,0.278144173,-7.615975096,2.163835693,0.51663068,1.115116561,0.98993875,0.290233473,0.134143525,1049.693921,955.1990759,140.6272551,324.7869032,3.452266194,1.083321883,1.002167912,0.246642905,0.128744493
1041,9,1,25,19,Fails: T3.3,,1.223186967,1.193172289,2.690935908,312.6884943,-1.205102653,-14.22300521,-1.701073592,-2.40096764,1.042378992,0.939526148,0.223337403,0.054846342,1017.279914,1003.815523,232.9404282,362.707127,4.408423375,1.032138475,1.002134634,0.224094866,0.118587191
1042,9,2,25,20,Fails: T6.0,,1.195642662,1.242284556,2.53792018,130.6407887,0.325050798,-23.43552134,8.311398507,0.092588598,1.077056846,1.07756983,0.113145515,0.113649915,970.0355206,925.3751642,250.2551274,227.7300325,0.249355818,1.056456563,1.047618226,0.07890414,0.115157044
1043,1,1,25,21,,,1.243801605,1.22741799,2.479615689,238.889266,-1.336831465,-19.04445414,2.226087426,-0.320068102,1.059826984,1.054166366,0.15065325,0.175502575,981.9927498,960.7319806,156.1247865,310.5282062,3.468363963,1.018102898,1.077028694,0.214291151,0.035048976
1044,9,2,25,22,Fails: T4.1,,1.212646502,1.235904615,2.499257497,249.1140181,0.84688778,-28.54584487,2.651640724,-0.604339424,1.044246577,1.203095973,0.231426748,0.103115467,885.2380257,904.045792,227.3406,285.0415161,2.278828537,1.053033931,1.058033911,0.2328777,0.111782777
1045,1,1,25,23,,,1.190927339,1.201706196,2.563656915,142.2103181,-1.05180804,-39.04910611,1.142996691,-0.570079686,1.058014287,0.972067914,0.274515654,0.127914614,758.9496869,852.3994163,213.6119331,229.4093605,3.702307265,1.068213339,0.924047327,0.224438569,0.182794867
1046,1,2,25,24,,,1.171192124,1.221451521,2.627815198,276.8697413,0.684835461,-0.357833678,1.029222442,-1.383563631,1.001250052,1.161160696,0.175365714,0.095405934,992.8769682,872.6582121,203.4422745,147.8282558,4.107925012,1.092190534,0.988394502,0.11387512,0.166552534
1047,1,1,25,25,,,1.196751733,1.20469075,2.604938524,392.353168,0.020391486,-20.45261071,-1.04682591,-0.569846089,1.057354418,1.13701155,0.181070389,0.08257912,1021.042173,855.3355917,211.9809119,200.0156394,3.354679209,1.099174351,0.984026978,0.210769964,0.204772386
1048,1,2,25,26,,,1.176757791,1.203746881,2.524028864,423.9002111,-0.150474451,-20.43873909,2.671110037,-0.506607675,1.033169742,0.988439365,0.29663821,0.13371197,830.7158415,940.240455,113.885977,272.8393604,2.412625991,1.065600952,0.943605685,0.280363817,0.133962668
1049,1,1,25,27,,,1.220733993,1.22195447,2.498531828,380.0620396,-1.337945474,-22.83680511,4.026767593,0.374086642,1.030360344,1.016472461,0.196690709,0.102528981,1071.322889,774.4834583,270.5264328,298.49263,4.387048673,1.127338239,1.100157677,0.268590511,0.18052514
1050,1,2,25,28,,,1.208264437,1.206010915,2.540509489,191.212736,-0.304835435,-24.90727659,0.297883966,-1.779782165,1.063461752,1.027276779,0.219033814,0.127238121,1080.086421,962.7739821,180.1966642,206.3686953,1.915585691,1.062493974,1.013268687,0.163680352,0.181174694
1051,1,1,25,29,,,1.180633631,1.212951178,2.635427763,361.0771796,0.734060918,-32.66289272,4.289964673,-1.116291904,1.051673954,1.054867706,0.141543384,0.144819628,1080.655227,947.4626965,391.8980624,426.944216,2.475984324,1.099286521,0.99006906,0.210311438,0.16256911
1052,1,2,25,30,,,1.201109655,1.252624674,2.61323632,343.2546317,-0.193583551,-13.13743301,-3.690128955,-0.921985981,1.030032409,1.189231414,0.248494855,0.114392852,869.633917,790.8918828,156.5449461,232.8114095,3.901954623,1.014189776,1.021816679,0.261040353,0.147254003
1053,1,1,25,31,,,1.165996777,1.228582009,2.522719881,244.8645607,-0.490470364,-4.059411742,-1.646118228,0.353744606,1.081218938,1.021965677,0.234375154,0.164484989,953.107233,823.760268,226.4511272,435.5706055,4.831421856,1.050093796,0.916108689,0.185435514,0.172613331
1054,1,2,25,32,,,1.22361925,1.225282034,2.596152944,253.3188338,-0.077057,3.697818973,2.548527707,-0.20251223,1.126086354,1.060771215,0.219238307,0.205505206,864.4632425,841.1974313,347.0493564,190.034178,3.03672943,1.004961973,1.069092351,0.160072883,0.1726775
1055,1,1,25,33,,,1.17732639,1.215838453,2.548016942,236.0946592,0.473910204,-3.110516859,0.96798494,-0.518666295,1.092321703,0.971287545,0.262697133,0.11309511,1171.591985,876.3350038,208.3657966,328.3600482,3.519208551,1.167365262,0.9342852,0.164595054,0.084086889
1056,1,2,25,34,,,1.193320203,1.172640181,2.662466285,299.0265909,0.227395606,-19.98335359,-2.02452178,-1.128050758,1.041957494,1.044298851,0.23771071,0.124955091,827.5714092,823.3360485,204.9696053,371.2022878,3.106620676,1.060835562,0.961674575,0.125985057,0.069951747
1057,1,1,25,35,,,1.20111,1.209730852,2.634246603,434.231662,-0.714982921,-46.46875024,7.781522735,0.462536065,0.997478996,1.087790355,0.283780906,0.207592204,1000.32991,990.8060408,309.0323817,188.7000496,3.854625356,1.072304241,1.000759257,0.249072334,0.165069992
1058,1,2,25,36,,,1.210175954,1.198006016,2.550622714,327.053014,0.570217765,-12.68183014,1.747630623,-0.389673393,1.029373024,1.118945785,0.135739749,0.159891103,862.0278363,701.265567,235.8082182,201.6742401,3.722889041,1.055198422,0.924733599,0.226642084,0.161370754
1059,1,1,25,37,,,1.241825429,1.202179075,2.610708492,190.776835,0.798074384,-5.383891254,0.336072357,-0.617029099,1.035999686,1.020379513,0.15445633,0.087995582,973.6895221,916.5638103,285.5193588,216.4844184,5.310089744,1.033519893,1.022617817,0.274567018,0.134225343
1060,1,2,25,38,,,1.192000451,1.206807655,2.60045759,94.03429803,-0.309395981,-24.16063502,2.22111614,0.801730899,1.110025425,1.011484106,0.088516216,0.119363974,886.679968,730.0260493,265.7843688,308.652377,4.6856008,1.030922229,0.930171533,0.171184443,0.131829012
1061,1,1,25,39,,,1.191664188,1.216550269,2.604704412,455.8117757,-0.65863283,-15.54857336,2.35450568,-0.160744937,1.069431245,1.021280129,0.189642202,0.092534816,1102.261819,827.3300632,257.4590483,251.5008177,3.941866691,1.07839649,0.893930217,0.242227177,0.159590087
1062,1,2,25,40,,,1.152464382,1.204927893,2.492723474,375.6865717,-0.784948479,-32.28247861,1.185086894,0.469984629,1.081848101,0.984172216,0.066431937,0.12235245,939.1771298,951.3510046,212.951173,233.0171879,2.603611839,1.10112773,1.06934802,0.151527411,0.219807549
1063,1,1,25,41,,,1.189347743,1.206153769,2.56045057,146.0929279,-0.502076123,-8.540058142,3.615341455,-0.780675526,1.005579303,0.980652746,0.17801887,0.100641211,944.1829905,890.508708,217.3256883,276.7839657,2.827469618,1.031044368,1.007795603,0.279504955,0.165391022
1064,1,2,25,42,,,1.205633548,1.208244204,2.602840644,455.3914569,0.463163538,-14.07860004,-0.127717309,0.167204477,1.013910304,1.018501315,0.171007008,0.068876128,987.1088487,920.8072155,312.8136046,179.9527796,3.104240361,1.030362484,1.060266978,0.205107377,0.141279129
1065,1,1,25,43,,,1.202966415,1.204342087,2.477751254,222.9856308,-0.724153938,-31.77642505,5.682648214,-1.014054571,1.038815683,1.098473733,0.189251031,0.175027051,926.5376215,810.1875243,178.7634417,106.0178373,4.311993917,1.094090003,1.074183926,0.260856725,0.179295493
1066,1,2,25,44,,,1.193580849,1.213228543,2.5766526,94.37381575,0.324982578,-12.62875764,0.828932232,-0.715441287,1.062908858,1.108456616,0.246774401,0.049135285,897.7563499,1032.230642,237.3336132,285.4563541,3.43571278,1.122310413,1.021699622,0.193263226,0.126434412
1067,1,1,25,45,,,1.155903862,1.208471023,2.606569065,550.4650593,0.126256711,-24.27641623,4.907160666,-0.597864746,1.013945798,1.012305481,0.251507529,0.092277927,1037.610511,951.5886411,135.8587292,161.8779232,2.977781801,1.040675103,0.940281996,0.266471133,0.114851985
1068,1,2,25,46,,,1.174289259,1.219356029,2.640700452,326.5468975,0.791116428,-28.26727831,3.570141625,-1.268522829,1.098017252,0.991948916,0.242798238,0.099773337,931.404828,825.2071213,145.6873696,352.5619123,1.52002905,1.052485052,0.942861566,0.162663235,0.132544418
1069,1,1,25,47,,,1.184110098,1.212982066,2.558886957,412.1707791,-0.404363499,-20.05837819,3.159604082,0.233506246,1.042855281,1.123472788,0.233727783,0.114587471,944.3529561,866.9059998,274.752053,403.0708267,4.239690129,1.140236128,1.173881419,0.276882445,0.071778796
1070,1,2,25,48,,,1.218514683,1.20795147,2.687738038,343.7609071,-0.862285586,-23.78981088,2.813577803,0.912169391,1.085672025,0.990066824,0.166360727,0.011919386,859.7815532,860.8098169,114.0169613,451.8054118,3.001894819,1.117386665,0.973106984,0.214750194,0.124747708
1071,1,1,25,49,,,1.195024226,1.20072542,2.629551393,191.351755,-0.163024218,-30.77107276,1.432788365,-1.063095437,1.052057763,1.19331877,0.309520885,0.076966781,997.8309402,891.4850274,375.3017739,331.9778427,2.726985359,1.078310482,1.046096483,0.305835016,0.100883256
1072,1,2,25,50,,,1.171257602,1.224307726,2.69128416,281.6442546,0.20701055,-16.88782991,6.669060971,-0.140447511,1.1292564,1.002830475,0.207428673,0.06502175,820.965285,933.1364153,187.0788207,235.9252818,2.468489068,1.092004574,1.03015491,0.180559331,0.14794963
1073,9,1,25,51,Fails: T7.0,,1.145911849,1.199953924,2.558991484,248.5838833,0.394030113,-16.8605036,-1.002298506,0.766003448,1.065797321,1.05230513,0.148260182,0.145834368,924.0871974,1018.35769,231.5021439,313.433372,2.471195964,1.200418116,0.884727841,0.181435522,0.159763099
1074,1,2,25,52,,,1.191503485,1.213337759,2.574110534,290.4134375,-0.731608927,-33.72987151,3.606969582,-0.223238917,1.03561535,1.109281541,0.174859913,0.158596557,856.1417014,781.8702276,314.8272582,178.7804081,3.503953384,1.146158283,0.986951917,0.286930618,0.08414944
1075,1,1,25,53,,,1.253183864,1.216150481,2.589108135,383.7125333,-0.755425978,-28.50391142,0.805309994,-1.122811719,1.107924014,1.083905834,0.221661628,0.020522843,906.0292965,811.5112958,155.3793312,417.3434621,2.711858761,1.022597206,0.906073368,0.14203785,0.127398704
1076,9,2,25,54,Fails: T3.2,,1.212170433,1.190686359,2.536858753,159.7578302,0.74297273,-39.03189697,10.35383149,0.611747461,1.037959108,1.088822065,0.215395897,0.13719569,865.9615996,757.2552047,146.6817716,212.8695751,2.887179484,1.031693908,0.996760536,0.294246199,0.105862823
1077,1,1,25,55,,,1.215365986,1.20937223,2.641765783,267.1446043,-0.64183289,-9.810709204,2.525701792,-0.179344004,1.088079624,1.078654964,0.156103824,0.18116697,916.1008517,790.6939769,220.8850597,330.1505598,3.516175081,1.055915245,0.908436711,0.138118354,0.1473686
1078,1,2,25,56,,,1.213411007,1.214987392,2.588782915,349.6673149,-0.021879509,-21.46190136,0.643179798,0.345257854,1.083209995,0.990689197,0.130360929,0.137908421,1028.662856,1042.056184,2.59291122,167.3799566,1.789843186,1.022909662,0.985334393,0.131935422,0.178214014
1079,1,1,25,57,,,1.193870611,1.191024833,2.550027988,399.3564726,-0.245553369,-20.21908299,-0.651333846,0.512651106,1.083418953,0.903281719,0.191597092,0.19209059,818.1207844,742.8792713,388.9888708,158.15379,3.773993482,1.035322903,1.028871313,0.245699466,0.168956843
1080,1,2,25,58,,,1.210952981,1.217580071,2.483532515,384.955847,-1.495835729,-13.5192369,1.038923156,-0.870749794,1.052640585,1.05650975,0.240506225,0.049747744,1026.385411,1014.78839,71.84589831,268.9994908,4.902710323,1.043367955,0.997779597,0.16170756,0.129853111
1081,1,1,25,59,,,1.212222325,1.214373468,2.522491386,225.3507197,-1.474830033,-39.04411921,-0.376608971,-0.249360662,1.050557178,0.995808645,0.124834068,0.096855851,974.9770055,879.5620882,148.9617365,293.7174812,1.703846516,1.031400959,0.942418278,0.326337451,0.129172572
1082,1,2,25,60,,,1.21474911,1.190489638,2.600305379,223.8230937,-0.526742526,-7.018329537,2.96072791,-1.15114677,1.137840501,1.083382393,0.154502145,0.165570785,1012.664745,911.7625213,63.26033579,88.03782383,1.153499598,1.144345868,0.930231505,0.248663926,0.166370048
1083,1,1,25,61,,,1.224917791,1.180955847,2.530643962,294.5509609,-0.560593558,-22.23645096,1.73430391,-0.333209754,1.117618062,1.054956079,0.150381671,0.128557475,961.2700213,944.5430314,65.78703676,253.4275895,3.119676172,1.038004463,1.074103398,0.244424415,0.110407112
1084,1,2,25,62,,,1.199164443,1.18665691,2.552948944,342.1247726,0.379754714,-24.16338407,-0.320162759,-1.381774599,1.067537085,0.987467498,0.146593996,0.122371368,839.8548137,902.1376309,340.9603565,140.3920549,4.755583332,1.105536928,1.063749153,0.147222857,0.147956081
1085,1,1,25,63,,,1.177085944,1.195768407,2.582416885,393.8379813,-0.544015868,-23.42492774,4.9030159,0.577848666,1.029799098,0.989011382,0.207727396,0.08873921,796.1377765,845.7510408,300.7123605,209.9352336,5.399308292,1.021896941,1.011969057,0.309228551,0.062506741
1086,1,2,25,64,,,1.207453007,1.214319663,2.605057609,422.4156392,-0.436369791,-28.72051643,0.17041892,-1.476796107,1.093951476,1.045456474,0.222146792,0.15091716,938.4559716,835.3657052,218.5530652,238.2742745,4.369775103,1.057238896,1.004881368,0.236288042,0.129541776
1087,1,1,25,65,,,1.200978828,1.23808826,2.512751745,254.3584454,-0.27022662,-12.31324007,-0.729363655,-0.650398498,1.017105878,0.985266374,0.202487276,0.156591814,867.7347848,812.4770675,360.7184773,327.8514853,3.251463625,1.142249585,1.013277908,0.158575641,0.146182778
1088,1,2,25,66,,,1.217686085,1.203343883,2.566685981,505.2909669,-1.143761995,-24.49362234,3.987978816,-0.385725746,1.044410166,1.047114276,0.043274505,0.130311201,982.7357214,916.4674218,190.4606294,373.7910188,4.56294062,1.09067667,1.008132748,0.244688454,0.155544585
1089,9,1,26,4,Fails: T5.1,,1.208355941,1.228345848,2.618325294,139.8167732,0.742519375,-31.27254094,1.466963945,-0.324443681,1.08774119,1.026737,0.227036685,0.098910132,841.7311429,654.1689914,259.6700751,266.0574686,2.94105362,1.138614787,0.98157093,0.312526827,0.1426052
1090,1,2,26,5,,,1.188490868,1.206900664,2.522272892,308.5366785,-0.49172944,-37.52444745,0.678043826,1.084314175,0.989015216,1.029602456,0.142064612,0.032729661,908.0281994,795.3638213,143.8532472,216.6854013,3.704075261,1.111618406,1.009891561,0.149386657,0.114727487
1091,1,1,26,6,,,1.172396724,1.212338719,2.603847831,302.1522987,-1.412879988,-12.95805426,4.571764183,-0.70726072,1.081259205,0.984112229,0.244870435,0.073973071,1047.502819,950.9978534,276.8645317,244.8565638,4.44413147,1.039929936,1.006678926,0.297819569,0.160751511
1092,1,2,26,7,,,1.225605627,1.184467376,2.57807538,185.2000365,1.007770134,-30.28306434,4.754324731,0.331243185,1.078925067,0.998626551,0.285730024,0.130365222,907.7553172,863.3035007,322.3883716,199.9137316,5.034561997,1.029855368,1.050004334,0.094200009,0.113295812
1093,1,1,26,8,,,1.194733984,1.195746981,2.613349955,480.7312289,0.475984025,-17.91938296,2.240401911,-0.046355243,1.04955101,1.051789774,0.1941694,0.167040405,986.396491,930.2867257,260.4261476,343.4077923,3.241593897,1.088793861,1.024243846,0.144923911,0.169102506
1094,1,2,26,9,,,1.209209875,1.184638002,2.675593219,386.2574136,-0.426562726,-4.403349843,4.281922588,-0.530127751,1.087307114,1.122996877,0.320305639,0.165664871,889.3214405,1082.461346,222.206887,271.8267667,3.689176428,1.034440158,1.060552592,0.290279285,0.186685902
1095,1,1,26,10,,,1.173552803,1.207336468,2.502885294,307.8922319,-0.79501848,-39.39352403,1.482587719,0.250106694,1.090732189,1.13722182,0.202838797,0.097705252,910.2607022,894.3604346,239.1178673,164.1205586,3.834467695,1.119983191,1.103911152,0.293682967,0.156905745
1096,1,2,26,11,,,1.178684615,1.204612635,2.586297212,388.4677317,-0.946041455,-26.57916832,-1.008388991,-1.222314879,1.026591175,0.952278634,0.157030309,0.106568867,1047.617429,910.6695095,139.3208941,217.0452521,3.856275368,1.036670241,0.999908335,0.205883893,0.131150848
1097,1,1,26,12,,,1.193311125,1.211249771,2.639988242,392.6925727,-0.71591448,-14.29749008,2.327569117,-0.287867404,1.080788015,0.98360018,0.220058881,0.050552137,937.3961794,896.4231774,259.7524397,219.4597334,4.488944436,1.094523249,1.049539172,0.157971936,0.084351718
1098,1,2,26,13,,,1.163815471,1.205643853,2.565035951,477.141839,0.490485618,-14.91239355,1.769408591,0.574080986,1.021549305,0.950853721,0.120917622,0.160249143,790.3052431,833.5988716,265.8900404,311.8955503,2.643074918,1.028988323,1.112460456,0.169534818,0.174426481
1099,9,1,26,14,Fails: T4.0,,1.184965631,1.221008574,2.473888519,67.72451334,-0.788166784,-14.49303701,2.065030276,0.538987032,0.949250223,1.044096308,0.139677812,0.0151689,854.5085194,928.936905,31.25649546,222.2804557,3.947785703,1.115288258,1.058454975,0.304841415,0.179141606
1100,1,2,26,15,,,1.182860789,1.251699785,2.570639389,344.3505851,-0.437693165,-28.68553282,2.805305853,0.630218129,1.041503677,1.088973378,0.179048216,0.115885812,977.7409211,991.5172933,135.2652692,220.8419472,4.344927988,1.035387385,1.134987669,0.084252245,0.099364625
1101,1,1,26,16,,,1.202016628,1.218110398,2.555955969,446.4132942,-0.518020274,-13.10496006,1.929500683,-0.750177253,1.064558966,1.06286853,0.144609419,0.148648603,885.1246254,863.7949178,366.4015779,200.8729988,4.116470951,1.043216379,1.044840689,0.152759131,0.078762354
1102,9,2,26,17,Fails: T5.2,,1.198960978,1.232496175,2.599244841,392.9961293,-0.785297271,-22.24054824,0.892961611,-0.103554854,1.126562875,0.974920217,0.06947516,0.074590604,885.370612,1020.231384,-47.83427855,278.9606955,3.949288697,1.078058141,1.074199711,0.219066266,0.185783219
1103,1,1,26,18,,,1.158351607,1.209186673,2.577301902,347.50195,-0.724481417,-16.54989576,1.161712911,-0.033596112,1.029751803,1.040069279,0.211806212,0.095090969,1158.061868,940.0778663,196.5802312,174.1584975,5.380275485,1.060319051,0.977142207,0.020379877,0.138765495
1104,9,2,26,19,Fails: T4.2,,1.221703511,1.221277082,2.51732629,267.4602287,0.0449244,6.81273792,2.472987434,-1.679970555,1.044506186,1.005782668,0.383684229,0.102920255,997.9756528,886.2881419,174.5154912,167.4186129,2.770523684,1.009236799,1.047751704,0.236723171,0.080416308
1105,1,1,26,20,,,1.185989666,1.236394672,2.609380403,179.4382472,-1.42503034,-30.69725639,3.185268271,-0.990098537,1.128785267,1.114955431,0.221798632,0.106628592,934.1888466,709.7814429,69.86763059,258.2674861,1.989114135,1.078539771,0.938208608,0.248466152,0.180158906
1106,1,2,26,21,,,1.213418163,1.215975471,2.53767743,407.820877,0.020247587,-21.44264778,3.035150453,0.761353329,1.089003115,1.017053457,0.253095026,0.160815718,893.0239718,749.7479796,301.90294,210.3496058,3.250515719,1.081568534,0.925270961,0.215789419,0.176510428
1107,1,1,26,22,,,1.173963807,1.251376015,2.611961028,141.9411103,-0.576606567,-19.00567742,0.711588416,-1.209881976,1.116237548,1.01374649,0.237817063,0.15092695,787.8690801,887.9655056,313.2638146,100.7826937,1.848946899,1.130001045,0.940140601,0.159478912,0.158004165
1108,1,2,26,23,,,1.210083296,1.210695172,2.522697089,248.3748787,-0.33397703,-12.68599044,2.172246105,0.358268573,1.077719991,1.085265432,0.133355644,0.104559322,991.5754839,869.2121797,20.47613828,299.7447838,2.978450998,0.980329146,1.001778877,0.177425788,0.149429004
1109,1,1,26,24,,,1.184361491,1.214654104,2.40028055,157.4337803,-1.396270242,-23.19611313,1.915684725,-0.440424294,1.084032049,1.006710783,0.139908223,0.116916353,794.1234321,910.1144432,294.6715236,168.1517024,4.837161434,1.153500655,1.049052721,0.284339371,0.150808704
1110,1,2,26,25,,,1.202327521,1.206722713,2.533577897,478.6644991,0.358373565,-16.42304517,0.967564595,0.215956808,1.090013407,1.021710497,0.100267463,0.084975569,1087.289112,758.5988823,296.26409,205.9093974,3.830101664,1.052594307,0.912801072,0.159370345,0.140575156
1111,1,1,26,26,,,1.20022555,1.203955278,2.578691967,244.6823929,-0.111801341,-12.18070989,-4.373557506,-0.863760282,1.092073394,1.091180966,0.164252707,0.040884337,911.9190986,840.6941105,150.116109,340.751156,3.310725063,0.985641246,0.978575436,0.152056423,0.182881496
1112,1,2,26,27,,,1.180220282,1.216206206,2.623168545,345.3077265,0.040959725,-17.60934243,-1.428406937,-1.099814012,1.102681055,1.013376833,0.19422217,0.129320539,955.253065,1007.878466,306.3059854,126.667098,4.137454446,1.038161184,1.061229689,0.197978505,0.134384376
1113,1,1,26,28,,,1.194802534,1.192478662,2.551347342,238.8629318,-0.17767553,-21.63833539,2.75330805,-0.297625404,1.022745038,1.054767203,0.173093614,0.13153809,1066.344125,1006.630326,61.89526598,241.9103151,3.224210245,1.041676965,0.96683799,0.137553008,0.067388709
1114,1,2,26,29,,,1.161301986,1.195218268,2.584248413,553.5438729,-0.781235138,-28.59452343,-0.762540158,0.289604449,1.051058121,1.012379643,0.272607053,0.072514185,977.2449759,903.2580675,264.4254514,184.8171433,3.525472477,1.081191829,0.904928257,0.280251199,0.119990832
1115,1,1,26,30,,,1.227366854,1.215448395,2.636811159,391.6329124,-0.711454895,-16.68646115,3.741827515,-0.902971332,1.064032789,0.961724675,0.269794129,0.083070234,988.1828285,820.0588217,95.5699634,255.6592011,3.168266757,1.024325677,0.956188303,0.246331282,0.146831071
1116,1,2,26,31,,,1.177501973,1.198661703,2.53800605,217.3646633,-0.58796645,-24.96724671,0.941769172,-0.131390405,1.051868185,1.030360223,0.146154506,0.151761714,1090.364493,917.9705797,438.3476495,233.8911406,2.936147078,1.012279388,0.98308437,0.207283481,0.043968302
1117,1,1,26,32,,,1.178012215,1.212075086,2.62114385,306.367767,0.135280039,-13.2272139,-1.535604054,1.475636294,0.982563746,0.982280065,0.232158963,0.024880472,910.600278,958.8548042,300.4658435,213.1630935,3.211972177,1.091225088,1.033006482,0.211161834,0.126684077
1118,1,2,26,33,,,1.194173122,1.217076584,2.505193015,190.231487,0.098208543,-30.21360995,0.814386733,-0.731326557,1.044328758,1.065961354,0.157524911,0.129646339,868.2390917,810.4979241,172.5412953,249.4062634,4.858137786,1.121479954,0.999642418,0.199497576,0.142898276
1119,1,1,26,34,,,1.172839534,1.232521056,2.567173163,281.7029968,-1.074660241,-10.48040608,0.668882524,-1.160305951,1.065442478,1.088811787,0.28587518,0.137942313,907.6227975,917.1268849,235.9246314,302.1310494,3.053242407,1.05311492,0.968584782,0.144476694,0.130894723
1120,1,2,26,35,,,1.171979739,1.190587768,2.509689012,424.8552399,0.148744913,-20.81479968,3.26142704,-0.935409398,1.091399251,0.95004102,0.120955572,0.06415284,856.1486577,917.93397,181.3368201,253.3145382,3.560718199,1.058100419,1.050928121,0.28549357,0.139876379
1121,1,1,26,36,,,1.165245529,1.205602403,2.546705597,160.398345,0.029261213,-24.87684438,3.043274465,-0.36935512,1.009880698,1.034602239,0.101585103,0.083805198,944.5686793,974.3190728,282.916017,260.6277477,5.501355626,1.103991197,0.946975747,0.253978087,0.134359343
1122,1,2,26,37,,,1.20987291,1.22000506,2.511137323,345.8841055,-0.38973162,-8.806453761,-1.451037769,0.885757477,1.071091896,1.024830174,0.198969811,0.121058762,922.0735503,1029.961841,155.5398328,276.0121912,3.104896106,1.071275609,0.966386982,0.124606507,0.066871679
1123,1,1,26,38,,,1.194351608,1.204086905,2.55451492,101.6708333,-0.972130944,-31.71856828,5.121167865,-1.443671561,0.996317962,1.067780197,0.250314295,0.123190988,1011.885023,980.440919,238.5473188,212.0121559,2.3705651,1.085089544,0.993782787,0.242204431,0.121746572
1124,1,2,26,39,,,1.168865226,1.171734984,2.515847795,293.7174387,0.364674252,-25.32772104,-2.712775976,-1.407639506,1.082645061,1.074284663,0.15571844,0.082946933,1098.970691,845.0473099,230.3219729,95.10250416,2.784236394,1.001695214,1.040610021,0.217638741,0.17442684
1125,1,1,26,40,,,1.205536727,1.202216126,2.412286931,345.4065737,0.112748631,3.300817415,3.574224503,0.240384303,1.070502694,1.095330212,0.198479298,0.039028073,1016.541668,997.1342765,229.5657313,122.3873697,4.424157105,1.076608294,1.083259105,0.22290349,0.146140174
1126,1,2,26,41,,,1.19491325,1.220943466,2.601678121,242.3463483,0.333472445,-23.05705332,3.217971655,0.16704563,1.093498114,1.035765748,0.231636347,0.119611157,1103.349718,924.8793993,351.6558909,264.5180307,2.671452233,1.097953382,0.967996178,0.182424059,0.114141149
1127,1,1,26,42,,,1.17912085,1.197350516,2.512681646,352.4135875,0.803989762,-48.65858198,-0.363679526,-0.88382809,1.122208011,0.960504923,0.207248469,0.091474636,811.6446077,945.464899,337.0258948,241.6389668,3.587300281,1.057229755,0.921727924,0.172823789,0.200725798
1128,1,2,26,43,,,1.204786378,1.221376332,2.53363323,185.2301852,0.312956929,-14.27411793,-1.049922133,-0.573605518,1.057054438,1.038500359,0.173084694,0.122602226,1033.108001,907.3688894,194.8353508,298.4810675,3.187290623,1.110500372,0.948894654,0.199631025,0.18077751
1129,1,1,26,44,,,1.213937212,1.172562667,2.665435224,363.4967633,-0.136042803,-23.00839477,1.933069943,-1.740586787,1.070426998,1.046553825,0.175498617,0.117900322,938.364761,973.9989288,237.7698883,214.5794301,3.074419673,1.047124359,1.002878128,0.03406051,0.125486693
1130,1,2,26,45,,,1.185293454,1.215822453,2.519334258,245.4752149,-0.904243668,-13.83703656,0.385218627,-0.687960452,1.033804401,0.926754336,0.237589954,0.176339941,970.7961259,970.3520664,216.9162299,228.0063959,3.995303021,1.033043901,0.974369043,0.212810159,0.15018218
1131,1,1,26,46,,,1.191666042,1.220460178,2.546272024,388.8087154,-1.017228419,-10.35692721,4.698116482,-0.541050227,1.069137999,1.095618226,0.311476767,0.131402875,953.106887,925.7978554,237.7826713,312.2395545,2.619974363,1.09104645,1.088740783,0.110757262,0.159870942
1132,1,2,26,47,,,1.205689862,1.23786106,2.627404384,221.4665286,-0.689708098,-34.44706975,5.049293066,0.680864763,0.969000876,1.062877137,0.190129224,0.114924803,866.0959278,851.2024164,259.7403918,237.051166,3.785623319,1.090211827,1.0202473,0.258555974,0.129147756
1133,1,1,26,48,,,1.195976204,1.256122205,2.483921568,195.5287954,-0.61316946,-16.86171206,0.273404302,-1.205184274,1.016172713,1.057037022,0.09986887,0.088285109,911.9483148,861.2542011,230.1725101,240.7981198,2.636714617,1.127754394,1.064531216,0.13934153,0.162496493
1134,1,2,26,49,,,1.175703549,1.218979296,2.544323779,197.3422781,1.270702366,-13.40545092,0.259178191,-0.970061264,1.032444825,1.028222599,0.15087055,0.048552371,974.3648368,1010.801166,251.5142203,350.3154768,4.374619764,1.145969435,1.069559632,0.129889828,0.10303451
1135,1,1,26,50,,,1.191184624,1.232741673,2.563107621,420.4125073,0.911277998,-27.36180412,1.223143387,-1.205803591,1.048935188,1.083789057,0.305891907,0.134625721,921.5502213,1045.598169,282.1106189,151.8205897,4.011877999,1.03764574,0.856724297,0.162232534,0.15903527
1136,9,2,26,51,Fails: T1.2,,1.164560557,1.201891571,2.753210672,339.8019554,-0.648175253,-23.87737082,2.65324386,0.790407626,1.078263976,1.061401575,0.22684913,0.146790294,1035.146458,993.3674095,240.0966959,345.9893549,4.239364735,1.037617306,1.004706873,0.169967883,0.13253909
1137,1,1,26,52,,,1.194384229,1.188294543,2.66330084,469.4448197,-0.22758013,-6.070843972,3.377679427,0.007050644,1.10974117,1.070494786,0.202059023,0.191412149,955.0891071,963.5848035,230.4938738,343.1154209,2.589650871,1.073570167,1.090608876,0.176445996,0.1527456
1138,1,2,26,53,,,1.208784511,1.242744727,2.562232376,368.6530708,-0.378997705,-20.68879491,-2.590184325,0.711251738,1.039527339,0.948888645,0.20275511,0.149778483,954.7181805,969.1517997,144.1953188,222.5424963,2.941668301,1.090783848,1.0292461,0.157045622,0.12401861
1139,1,1,26,54,,,1.188768053,1.210826899,2.554596319,254.8310662,-0.750985617,-19.41604908,5.452207963,-0.708610363,1.11112702,1.067771612,0.206249651,0.092009811,886.8046512,841.3747191,217.3080371,114.201453,3.028688137,1.13712376,0.934697281,0.140967653,0.152232725
1140,1,2,26,55,,,1.195376874,1.204335662,2.645839494,370.3402601,0.096100546,-41.02737174,5.969363958,-0.236189494,1.002370021,0.982746325,0.156990483,0.113785356,953.4894065,980.1342594,127.35089,228.8546976,3.81474769,1.06294718,1.043716107,0.23097483,0.1136929
1141,1,1,26,56,,,1.206192134,1.211667746,2.512489204,469.0776645,-0.730074295,-25.13994058,5.215406879,-1.474009523,1.07119062,1.030130307,0.254032949,0.096658537,857.8923908,680.9253056,190.4149997,252.5525505,3.538252693,1.030588879,0.901559204,0.188742743,0.203058791
1142,9,2,26,57,Fails: T3.3,,1.199832804,1.221807497,2.495400034,289.1038411,0.491577199,-20.67229493,-0.479230307,-2.122531637,1.078161147,1.037982836,0.275061697,0.054098777,867.279386,838.6826677,219.5293319,307.6466238,3.909376122,1.07945878,0.98216297,0.153530132,0.184000224
1143,1,1,26,58,,,1.188715633,1.203650114,2.659250564,302.5665805,0.61795751,-17.2806074,1.961038257,-0.561009345,1.022119761,1.085414063,0.187971224,0.130934696,905.310736,799.6158673,394.4929093,418.1427331,3.858574622,1.113936201,1.004497931,0.145854526,0.111528103
1144,1,2,26,59,,,1.20534348,1.22039274,2.516335363,337.0103174,-0.114889814,-35.59387409,3.700592531,0.058349973,1.040785024,1.101395539,0.14634248,0.161297548,858.6834793,949.0667875,347.8006068,262.6932798,4.039944621,1.091290418,0.999852645,0.192901721,0.141693845
1145,1,1,26,60,,,1.208501244,1.202514307,2.603340855,305.3720099,-0.48909743,-25.87471204,0.311442628,-0.800919794,1.0431682,1.030093838,0.207719852,0.094679928,1038.389774,919.3165606,231.4616113,248.6851001,3.281041557,1.076945189,1.022768706,0.17485356,0.088830831
1146,1,2,26,61,,,1.169492683,1.216199448,2.466141608,312.5697006,0.10051433,-28.19876055,4.979099251,-0.256360068,1.072386502,1.030248487,0.238437763,0.151564433,912.4167865,1052.146336,23.11420948,125.799434,3.215198136,1.083574237,1.136661626,0.209670895,0.174604794
1147,1,1,26,62,,,1.191398465,1.231029112,2.482434787,92.35376264,0.7978869,-14.92971575,-2.796743751,0.144350868,1.000593736,1.06280978,0.224704652,0.069993831,875.1569674,817.0467835,245.3341983,289.793467,3.906326239,0.985223162,0.942808475,0.214233115,0.182897484
1148,1,2,26,63,,,1.186023724,1.187905064,2.550172353,323.6433056,-0.751216348,-12.5557315,2.594497834,-0.787243212,1.079814746,1.049990129,0.211730533,0.078631757,969.0264498,835.6365565,65.11633724,264.1776341,3.769199068,1.002416649,1.010254201,0.174650992,0.130188122
1149,1,1,26,64,,,1.167909501,1.221911835,2.552495469,401.8635109,0.040588896,-26.53184216,2.881359295,-1.224532695,1.096208329,1.082220091,0.058501297,0.209665342,1082.529098,853.1913604,164.0473206,166.4656584,4.146268061,1.132716905,0.9958415,0.251804122,0.115598403
1150,1,2,26,65,,,1.186798222,1.233867705,2.505670989,229.474833,0.018169834,-36.26454762,1.482819648,-1.014031605,1.098942355,0.998500312,0.192949961,0.118076664,1045.629748,925.7826471,312.1564953,170.6105458,3.089754859,1.028315829,1.068188311,0.19274265,0.159135537
1151,1,1,26,66,,,1.207462856,1.223411082,2.589339722,381.8164945,0.871641983,-15.07395168,-0.078589994,-0.450526178,1.125287279,0.98920811,0.220040254,0.089750665,972.6002487,798.5634127,227.0242927,327.4092189,2.94646455,1.011877221,1.147090295,0.189628852,0.121029936
1152,1,2,27,3,,,1.214695699,1.256211827,2.526719185,264.4173983,-0.091579123,-21.83740613,-3.309650924,-0.411817403,1.064491175,1.04268077,0.323196254,0.078372726,962.4782228,847.1149379,71.59783678,285.3054291,2.961040627,1.096718577,1.065455998,0.197717871,0.120075458
1153,1,1,27,4,,,1.187025872,1.238817865,2.566631861,306.9025392,-0.414780371,-0.374339039,-0.587726872,-0.622908944,1.090118161,0.980356033,0.238543151,0.130098793,985.2844081,994.0327053,179.5650503,268.1546346,3.408083323,1.135720678,0.857777937,0.203394159,0.15156158
1154,1,2,27,5,,,1.212566988,1.177270161,2.583206526,330.6532607,-0.001003028,-38.91078735,5.655585503,-0.910626197,1.052182696,1.064561598,0.297851527,0.052071404,1132.539098,840.9582293,188.829682,185.9182904,3.315637131,1.001618567,0.975163935,0.226133251,0.124938958
1155,1,1,27,6,,,1.198576101,1.241934257,2.631569228,199.7717108,-0.189589764,-38.51325521,0.651493047,-0.985594858,0.973395279,0.998135068,0.188009363,0.143031042,983.3078566,973.7957285,268.4409351,165.2972817,4.243722756,1.113564493,0.984164618,0.29828551,0.070150227
1156,1,2,27,7,,,1.190730142,1.189794899,2.629268583,296.6662757,-0.559203061,-43.86672624,1.685691317,-0.320699844,1.17781573,1.129338087,0.127679621,0.067497029,983.6042819,913.1280581,193.3419207,166.1700764,3.031058552,1.110435153,1.00029922,0.168053499,0.166820409
1157,1,1,27,8,,,1.225569651,1.255226539,2.522699463,451.7461782,-0.213944692,-27.85363408,0.46495124,-1.636781827,1.072177679,0.978328342,0.105644514,0.120943376,853.6778611,886.3673799,175.9461579,127.2163467,3.723448841,1.038945458,1.091608127,0.253109259,0.237206519
1158,1,2,27,9,,,1.193881634,1.215165653,2.562964632,259.2140294,0.971478996,-21.98659232,2.131277279,-0.011022042,1.024449321,0.998093208,0.194305751,0.119159154,812.2604522,768.2866989,350.1674271,188.423247,4.093199089,1.131964521,1.093912275,0.1935441,0.115154983
1159,1,1,27,10,,,1.195353662,1.189318045,2.57393482,424.343153,-0.457356276,-33.33624782,3.29386535,-0.483093019,1.068329873,0.986989944,0.20833001,0.08264244,905.3896954,945.7480824,42.71956773,256.3341436,3.528638942,1.154560283,0.976730946,0.230599639,0.120181709
1160,1,2,27,11,,,1.200628007,1.22622241,2.488685966,272.585457,0.462405838,-31.91446973,5.381719838,0.117223406,1.09977688,1.115658364,0.206124554,0.059107791,924.7936385,876.736415,244.0292135,144.6401069,4.400997784,1.069110858,1.02505689,0.190178861,0.207029519
1161,1,1,27,12,,,1.201489015,1.232247962,2.41663686,295.6638409,-0.340380356,-43.22630348,-2.7395923,-0.82188039,1.051260832,1.081430338,0.252448889,0.167911174,940.3941094,934.882876,216.439218,203.5634438,3.344974896,1.040605298,0.927274671,0.148651267,0.105226029
1162,9,2,27,13,Fails: T3.2,,1.220590003,1.166737452,2.588510955,308.4296597,0.195334817,-20.69697051,-7.269586404,0.195689592,1.049287714,1.131322383,0.112734479,0.15578933,819.5667934,846.9399759,186.200428,455.8679747,2.268329949,1.129156413,0.92443271,0.117802653,0.102379416
1163,1,1,27,14,,,1.191548684,1.252846886,2.57073605,467.185704,0.540996556,-15.39421367,-0.362963261,0.51282678,1.03563628,1.048018718,0.180772679,0.063154672,984.0316171,1025.029064,137.6312765,200.761766,3.274204631,1.049376848,1.034018718,0.172622699,0.149097767
1164,1,2,27,15,,,1.217785296,1.221683044,2.564282061,287.2098891,-0.286547301,-46.46918576,4.614959272,-0.872897479,1.067262125,1.030701457,0.112825396,0.126294949,1023.766045,847.8124835,168.9776249,112.3420796,2.652690627,1.114752859,1.055863289,0.279576841,0.182236088
1165,1,1,27,16,,,1.184412989,1.22525906,2.495183528,429.2635316,0.07055181,-23.13215535,-1.660873485,-0.775782568,1.068338516,0.994817445,0.219718332,0.122231131,915.237323,792.4083765,229.9427908,296.6348936,3.868973489,1.125679655,0.947017578,0.166765607,0.14676477
1166,9,2,27,17,Fails: T5.2,,1.190411546,1.237422528,2.571466745,346.2877494,-0.47797765,-23.50994789,0.048138651,-1.53551092,1.131677795,0.965629562,0.148041012,0.112076644,776.8150509,692.4743251,-4.858924415,438.8821174,3.619815645,1.00851071,1.054104761,0.196462149,0.129640199
1167,1,1,27,18,,,1.18605274,1.237782002,2.584780293,221.8320554,-1.086529368,-11.66743745,2.580202277,-0.78586812,1.031271044,1.013742684,0.143135615,0.119787814,983.3241241,907.9250334,153.3417371,204.2086301,4.224747,1.092198635,1.0934404,0.204981042,0.152267283
1168,1,2,27,19,,,1.179608585,1.214114048,2.528758217,358.7760812,-0.265481233,-29.07541335,4.759463467,-1.402403286,1.097910346,1.187797637,0.308109158,0.059083236,901.8933614,1011.852726,233.5201418,291.9139652,2.833750555,1.045845322,1.004922037,0.158251659,0.194008315
1169,1,1,27,20,,,1.194104432,1.19705142,2.613610554,263.3291521,-1.039564657,-20.78203216,-0.641884348,-0.062221441,1.054537008,1.02198042,0.042699274,0.141764388,818.744491,879.6804943,311.4413426,212.6270896,4.764199948,1.027826424,0.947981754,0.240368805,0.145441275
1170,1,2,27,21,,,1.181091167,1.218825698,2.584660264,94.40387776,0.787598118,-13.08086984,1.951837762,-1.413534534,1.073149011,1.024599827,0.23064971,0.226672326,815.0258074,817.3913946,195.9898124,372.4593687,3.12407505,1.095989536,1.071224767,0.226985233,0.162546281
1171,1,1,27,22,,,1.211720235,1.230411175,2.439140714,328.4460944,-0.214656778,-20.63724942,4.450185748,-0.724795312,1.066227398,0.95572224,0.17046958,0.127794975,932.7968018,1012.832105,228.7057457,0.131893253,3.529434878,1.106635521,1.050946967,0.220717595,0.088613433
1172,9,2,27,23,Fails: T1.2,,1.200119917,1.212133346,2.76026479,577.1101438,-0.536324306,-22.38325087,5.581951688,-0.288127835,1.019027322,0.969841031,0.230087415,0.096460664,852.5052069,992.0894779,370.1837192,330.2777528,4.56596256,1.037581967,1.000918625,0.112520879,0.134761691
1173,1,1,27,24,,,1.172164436,1.205397181,2.504209672,388.4942782,-1.159452338,-25.19743041,2.502853342,-0.137881655,0.984092556,1.117036067,0.285967356,0.184369842,860.735572,954.922638,248.1649892,130.6648554,4.00741984,1.069331655,1.016917235,0.243443842,0.1606475
1174,1,2,27,25,,,1.169451908,1.225369996,2.438656038,484.7928373,-1.088692541,-26.47777445,0.195859175,0.430252636,1.055623732,1.047319813,0.195534144,0.149387322,1051.681931,795.5415783,102.0451324,232.0885461,3.228740779,1.027811526,0.971092704,0.121103016,0.123387432
1175,1,1,27,26,,,1.17595691,1.187182071,2.61048775,210.7010452,-0.616404485,-20.9723442,-0.481375334,-0.640968707,1.131289248,0.934540808,0.263163032,0.093641841,935.2975375,916.4234808,4.972141214,357.1237479,3.663463762,1.129093584,0.936232298,0.148204104,0.105939391
1176,1,2,27,27,,,1.208497624,1.229896554,2.401193147,346.8187332,-0.43045645,-3.743187745,2.42074659,0.36430268,1.059015985,1.084892485,0.25564945,0.105562592,915.4490063,798.0034327,354.8074716,169.6209546,4.28929166,1.122710813,1.007410124,0.16250425,0.166164101
1177,1,1,27,28,,,1.181622927,1.207962184,2.545493183,245.4492111,-0.81575305,-37.36813642,1.917420574,-0.945151065,0.978889843,0.922323131,0.191079212,0.057603491,942.2639598,936.2742905,227.5509731,247.4182497,3.205563836,1.160904273,1.020858032,0.201302129,0.164408167
1178,1,2,27,29,,,1.181997542,1.223070382,2.60593953,244.909077,-1.824799027,-9.595042733,-1.451209655,0.129971652,1.082549722,1.09071886,0.191581416,0.116445818,1041.919473,1120.794998,256.1529819,234.9162844,4.798667959,1.146005202,1.005826545,0.108790969,0.195672033
1179,1,1,27,30,,,1.176468549,1.190080407,2.560553225,250.2218856,-0.136720715,-28.77189637,2.043587555,1.392173377,1.115331497,0.995965518,0.208974951,0.073057889,915.8168757,841.1400096,229.0392425,322.7643888,4.095472759,0.980849998,1.01396475,0.164195642,0.16144778
1180,1,2,27,31,,,1.198158619,1.213419915,2.479937843,340.7021052,-0.825791054,-16.25359378,4.218554442,-0.393240012,0.993595197,1.02004785,0.210663695,0.09537299,1020.059491,983.7696923,342.5885104,370.4363659,2.021792483,1.086036598,1.03537643,0.127321288,0.131028067
1181,1,1,27,32,,,1.189506279,1.212874805,2.592016519,322.545925,-0.846396154,-26.46190924,-1.255613489,-0.363608646,1.089637529,1.072774761,0.254996569,0.12036324,1169.433757,894.3698917,248.7822231,233.5233151,3.686539303,1.087376669,0.995573724,0.198854343,0.042680748
1182,1,2,27,33,,,1.160890848,1.216390123,2.656942301,235.3696769,0.400580148,-30.3726976,2.254339389,-0.315129178,1.091098428,1.045543886,0.131403564,0.108631018,990.8190548,936.5282027,286.1923755,306.6053337,2.397201829,1.053469741,0.887012518,0.220414737,0.144936037
1183,1,1,27,34,,,1.184781498,1.224758813,2.558208868,208.9461529,-0.68654848,-24.99463366,-2.194757737,-0.252609426,1.037330763,1.12695984,0.23240079,0.117535475,803.0323378,1030.795974,194.8211222,359.3155874,3.404052164,1.060102205,0.892965548,0.199756795,0.146927037
1184,9,2,27,35,Fails: T5.1,,1.210484154,1.214835503,2.658524776,222.7463049,0.246614704,-32.85535289,3.529369861,-0.95419065,0.979635871,1.012665807,0.196722403,0.156797792,883.2226124,664.0110583,196.7336279,179.1787837,3.761760893,1.090551533,1.062010976,0.306228575,0.133920325
1185,1,1,27,36,,,1.241148605,1.242075092,2.658822922,341.1793295,0.592293199,-36.62638593,0.294537182,-0.236274345,1.035516717,1.001423365,0.235106438,0.143968839,1108.520196,924.5960743,174.3029413,369.1515421,3.267389358,1.067794696,0.954723598,0.133104078,0.181690298
1186,1,2,27,37,,,1.219624368,1.193474438,2.584476169,432.5456531,-0.685076455,-19.55657731,4.633073886,0.881840558,0.991833643,1.036720845,0.16151472,0.078415676,957.7677813,893.1698252,315.863059,187.3299904,3.801467102,1.110396277,0.959202906,0.228707672,0.074166492
1187,1,1,27,38,,,1.179980333,1.228465528,2.555579306,331.9363727,0.170795768,-18.28221978,3.757548595,-0.314504335,1.017435125,1.004429375,0.178370175,0.209704294,900.0884493,928.6922758,99.10878042,263.689262,3.674741089,1.069380401,0.983159009,0.218259897,0.126364074
1188,1,2,27,39,,,1.189809925,1.203172908,2.634012551,172.2365319,0.478081922,-37.0586057,0.322133146,-0.011164056,1.049147951,1.063439072,0.313616816,0.128107133,1005.871489,818.8116191,195.0662125,169.533716,4.698268106,1.109562297,1.020524145,0.092005048,0.037012684
1189,1,1,27,40,,,1.182309896,1.20268206,2.542443307,165.4886043,-0.658339809,-28.54748849,-1.228955894,-1.076811105,1.040310966,1.086957421,0.144733631,0.101507983,878.1014827,949.1585976,223.5482959,371.6238613,4.959346008,1.099929644,1.028053746,0.246680529,0.084025528
1190,1,2,27,41,,,1.18094015,1.200284859,2.555480064,434.5853242,-0.219343839,-20.03769464,5.722146947,-0.326905213,0.997460951,1.014072869,0.29509263,0.030135738,951.4608367,899.3688273,369.1737063,248.4403849,4.224689385,1.077627312,1.074190165,0.232942151,0.20478512
1191,1,1,27,42,,,1.194635649,1.22467753,2.572070069,263.7417878,0.542395829,-37.12978163,6.221431004,0.077988095,1.077878406,1.062830229,0.3102771,0.089465246,1081.946975,964.9542544,142.026213,256.3674846,4.032677635,1.113850941,1.085005061,0.230888627,0.120497981
1192,1,2,27,43,,,1.164431128,1.228000249,2.613626224,246.187581,0.421580666,-17.82565954,2.132057211,0.013968762,1.127571698,1.020488085,0.215311426,0.082603116,947.0770753,964.2633031,116.0396984,186.6430181,3.030789276,0.998980911,1.082045622,0.204995284,0.090425627
1193,1,1,27,44,,,1.200100458,1.221985369,2.717350918,289.1804828,0.328115476,5.860406515,2.968721488,0.210682445,1.096623379,1.165407182,0.092959101,0.154782055,952.2303267,1007.033454,327.9305716,259.7630087,3.525633831,1.11837628,0.979002833,0.222806842,0.189911571
1194,1,2,27,45,,,1.179946126,1.21301602,2.470765033,274.4727468,-0.725831509,-27.04338712,2.723793919,-0.063630392,1.049619758,1.115992445,0.247964799,0.108679912,1014.41825,873.8703365,190.1067358,198.8197579,3.547556254,1.057513362,0.969136238,0.146633662,0.129082675
1195,1,1,27,46,,,1.144344859,1.213670434,2.425254393,321.8738287,-0.136082169,-16.05435323,3.847904791,0.633479643,1.011031377,1.121183402,0.207220373,0.115473065,829.7372646,877.2471339,276.2923265,294.6974008,3.447520217,1.048453817,1.015867976,0.130328509,0.085862352
1196,1,2,27,47,,,1.23282259,1.215355765,2.581526638,334.0159733,-0.972150488,-24.06752301,1.339837747,-0.660753612,1.033538159,1.022988879,0.183110855,0.174632159,1014.730747,1004.387593,36.80651431,329.0087214,3.291402614,0.969371079,1.01888616,0.097665501,0.124942579
1197,1,1,27,48,,,1.196882016,1.211228236,2.44583292,280.3926369,0.002973998,-19.84617249,1.904868558,0.243471815,1.112468115,1.012225657,0.234831606,0.097238282,935.9532951,788.0161949,359.452678,187.4576295,4.735932422,1.042250447,0.958355574,0.188008868,0.174588393
1198,1,2,27,49,,,1.180380522,1.233302106,2.664036539,324.0415247,1.177636811,-33.68248736,0.14918463,-0.110922037,1.04087338,0.987293652,0.263762558,0.14432967,993.6908121,929.4282017,257.7725208,291.2209499,2.264344606,1.088371843,0.928880118,0.204483151,0.150076453
1199,1,1,27,50,,,1.156358992,1.206075563,2.58403127,352.8910807,-0.706268788,-15.64064555,0.347253311,-0.885902855,1.104307744,0.985980588,0.176654522,0.054196038,930.2971097,990.2727967,28.12253044,240.3311487,3.734939493,1.109618401,0.947752094,0.319025298,0.179415648
1200,1,2,27,51,,,1.196827661,1.190644114,2.543009139,351.2908642,-0.494424728,-36.66747683,2.462708968,-0.689466944,1.047381485,1.009778741,0.259419826,0.157800132,934.9343977,980.6579077,137.4672164,165.7815806,3.51091665,1.049213044,1.037525697,0.262121807,0.204998459
1201,1,1,27,52,,,1.177421403,1.195497025,2.542145593,509.6037835,0.498219818,-19.90293988,5.024962971,-0.766116115,1.073722795,1.086316333,0.126025599,0.047674588,928.7387839,979.1479441,188.7338759,298.1239846,3.364062152,1.097177171,1.059238526,0.092414237,0.110862533
1202,1,2,27,53,,,1.168466688,1.238953152,2.531795817,448.2762458,0.125581617,-14.12326307,5.921303584,0.251579557,1.067331684,0.924507927,0.266927398,0.137088552,888.5239357,925.4862328,222.7781266,262.2358054,4.284541138,1.034309439,1.04866846,0.193956379,0.125659738
1203,1,1,27,54,,,1.160642895,1.247016384,2.707544759,215.006389,-1.584028403,-28.72365796,3.65842882,-0.948574844,1.09884036,1.083011062,0.124766795,0.0745784,951.6748039,830.6990441,260.7388856,383.9346065,4.072229814,1.1151051,0.994134619,0.158130562,0.167528507
1204,1,2,27,55,,,1.222618804,1.219081642,2.573848083,370.9898958,0.217651939,-19.72152565,3.05986317,-0.274226392,1.06966315,1.130563374,0.149560789,0.124171078,971.7833551,776.2772496,220.688046,288.5777311,3.89929625,1.06738348,1.098663146,0.217398714,0.133736347
1205,9,1,27,56,Fails: T3.2,,1.193906072,1.211861581,2.507957736,306.9113382,0.34279036,-11.15281697,-7.716070193,-0.729364244,1.004844458,0.993605622,0.174734809,0.104643325,1029.518597,913.6198714,336.0444023,282.0813397,1.943754894,1.142393624,1.064976737,0.229359708,0.123459299
1206,1,2,27,57,,,1.188860966,1.192391459,2.660475295,165.3854952,-1.056823651,-19.53051798,-4.657247573,-0.334530083,0.990031232,0.970685809,0.271524876,0.119791483,842.1228164,732.2811459,140.3016878,278.9493924,3.80760546,1.035145907,0.883163939,0.131577379,0.134380358
1207,1,1,27,58,,,1.147816722,1.202403695,2.557698775,168.8898752,-0.069241313,-6.550485264,-0.673626734,-0.44459681,1.054393604,1.078652133,0.236717056,0.080803641,973.2278069,729.3204322,171.9436965,371.1624441,3.616524919,1.022350486,0.910805108,0.261400409,0.15952997
1208,1,2,27,59,,,1.181053656,1.221973507,2.507630307,435.3978248,-0.681026495,-8.725174524,-0.508262409,-0.521479032,1.137667796,1.062361019,0.25611933,0.032294542,901.5082647,877.0437188,59.23494392,232.1191364,6.903117615,1.036105037,0.968751432,0.227940739,0.13379858
1209,1,1,27,60,,,1.171354255,1.203610446,2.619762677,339.6142128,0.980172069,-31.42922382,2.002615313,0.22260875,1.147826081,1.038502572,0.084025941,0.08784916,938.0734837,900.4440821,377.120271,224.6509666,2.720163776,1.064519229,1.034453841,0.226063463,0.169485763
1210,1,2,27,61,,,1.241460682,1.203955006,2.632428105,288.444817,-0.800794004,-36.58078779,2.767401267,0.662484369,1.094099921,1.075455681,0.234922585,0.125287178,1101.316948,954.7911187,163.2013293,324.7157073,3.372885021,1.036373364,1.048238675,0.091374358,0.17436741
1211,1,1,27,62,,,1.199817864,1.189994486,2.559885219,281.683721,0.220090329,-22.37330721,7.516420501,-0.929563517,1.106871876,1.105097236,0.124379188,0.06898528,941.5679482,841.2533228,234.7069905,175.5168291,4.057808272,1.078317449,1.050038751,0.124784807,0.112384781
1212,1,2,27,63,,,1.232625926,1.212883329,2.578591694,237.5490073,-0.478062886,-31.8690879,1.070930453,-0.713504479,1.086314507,0.985505584,0.166975292,0.121461099,970.1550412,912.7200713,213.4159434,75.43185856,4.508020727,1.141123769,1.112153342,0.106944688,0.177665512
1213,1,1,27,64,,,1.220350327,1.208561804,2.487529051,332.5816598,-0.990510754,-17.65190036,-2.461178435,-0.49933313,1.042402256,0.867569409,0.251740528,0.147153719,814.6155949,873.722614,180.5557231,76.13807863,2.88819449,1.019468027,0.925435307,0.079692776,0.132334006
1214,9,2,27,65,Fails: T6.0,,1.1764602,1.225077283,2.505927876,188.9577499,-0.116238635,-30.50388607,1.393085617,-0.991266273,1.064406702,1.023492649,0.237216483,0.15380687,1101.736855,766.5189993,232.6215743,186.1113673,0.836664356,1.060012127,1.080251053,0.198336243,0.095090707
1215,9,1,27,66,Fails: T7.3,,1.181893557,1.219884013,2.609616769,396.7048528,0.40914632,-13.2162362,2.45150349,-1.362416982,1.113515535,1.03354472,0.189658932,0.090976289,1057.555325,842.6464519,146.7894504,217.0533681,5.083977365,1.120009243,0.99013422,0.169325402,0.240228614
1216,1,2,27,67,,,1.177832811,1.188787303,2.596637578,341.1553608,-0.798722202,-28.12948326,-0.4094471,-1.048618823,1.144654792,0.993338099,0.224994189,0.09998841,875.1324243,944.4387834,224.1599703,341.8673712,5.208285462,1.080590895,0.975533419,0.315390939,0.104232011
1217,1,1,28,3,,,1.187128746,1.213454788,2.682113618,322.5701428,0.686682567,-19.00127998,1.27919601,1.806051896,1.02516706,1.097789425,0.056145951,0.11288217,931.5816538,856.4108893,229.0390746,367.1533673,4.800824272,1.024084398,0.954623501,0.239443738,0.148957544
1218,1,2,28,4,,,1.204882961,1.233916697,2.539342993,271.7544247,-0.047153111,-4.320700608,-1.634655559,0.424066042,1.059303544,1.011016406,0.145753883,0.134583601,905.8547782,949.2829798,348.123353,371.8555834,2.193344293,1.095157677,0.963415992,0.280352801,0.15460281
1219,1,1,28,5,,,1.186065597,1.205457586,2.6241724,393.4859899,0.033590806,-30.55991232,7.713494968,-0.307447525,1.067091573,0.980948446,0.140734194,0.044951047,872.4030962,1001.92808,163.4871073,262.3504377,3.022555828,1.04523172,1.023194021,0.184764116,0.164732195
1220,1,2,28,6,,,1.207648456,1.200559904,2.57039762,455.2355072,-0.74230174,-17.75993171,0.819478391,-0.138720752,1.073375275,1.09676384,0.239406576,0.111404365,924.8191271,929.9159165,92.39207887,195.762756,1.949547574,1.052060185,1.134003559,0.204420289,0.128285647
1221,1,1,28,7,,,1.212690776,1.212901882,2.542824075,185.4611711,-0.303052656,-22.15218187,-3.867439011,-0.597152899,1.095475091,1.108853109,0.210215643,0.116631466,1032.431041,928.0867143,296.4825261,231.6634442,4.223668611,1.135913204,0.956290508,0.134553459,0.152488449
1222,1,2,28,8,,,1.181215138,1.20414871,2.545958783,219.7446266,0.41483971,-19.17208043,1.43126503,0.010132065,1.02704087,0.997426569,0.124790249,0.115294175,1072.014796,986.7563648,234.1149812,245.4423826,2.84607337,1.051912199,1.05926115,0.163567836,0.21567213
1223,1,1,28,9,,,1.192808389,1.163264664,2.579681468,275.6898381,-1.122538945,-33.08982649,2.72977718,-0.76176553,1.080601817,1.011510348,0.242893132,0.071508882,946.4533221,854.1708725,259.1107801,274.7517087,3.873840338,1.034763768,1.091649192,0.208674208,0.157033171
1224,1,2,28,10,,,1.216494846,1.210882033,2.453891099,237.1477384,-0.966355727,-34.42739448,2.149969059,-1.024755051,1.129269711,1.025687865,0.187356946,0.1468853,1083.884293,902.2622659,261.3057918,486.9442514,5.168458902,1.113072539,1.029352571,0.15313741,0.186466242
1225,9,1,28,11,Fails: T4.0,,1.194160647,1.191234334,2.563674491,429.9857598,1.060735262,-28.40814186,2.415408319,-0.189693268,0.9569297,0.973473159,0.24243219,0.18802345,1056.526667,819.2792641,225.7514262,158.7216199,3.970783915,1.112406486,1.051681874,0.230399992,0.140871778
1226,1,2,28,12,,,1.184149486,1.21164172,2.602817854,431.0341982,-0.342660751,-27.04717019,5.988841024,-1.278953643,1.107503716,1.125640131,0.229967879,0.098669634,934.7027365,813.8511423,324.1684284,366.9904092,5.375226583,1.073874987,0.940799569,0.208075619,0.189858727
1227,9,1,28,13,Fails: T3.0,,1.190348923,1.21667924,2.602791407,208.995577,2.092021586,-22.62913828,2.995109609,-0.317559096,1.064062402,1.025768234,0.287459419,0.084980916,1079.63468,797.4210405,163.855429,144.700527,2.997938776,1.079151138,1.055319985,0.201191095,0.220143516
1228,1,2,28,14,,,1.19376241,1.231966104,2.473062675,408.2638388,-0.755663,-19.37777991,5.031330055,-0.121218866,1.105696562,1.018505413,0.132330431,0.070486859,871.4495824,1040.56504,208.5615678,264.2500652,2.588645233,1.053979912,0.923705022,0.2532784,0.024549102
1229,1,1,28,15,,,1.18788832,1.181413459,2.655020897,31.76331454,0.434753067,-28.58397979,-1.170465497,0.017083198,1.049794336,0.993849838,0.160787743,0.080021426,891.4684901,847.0016329,192.6462611,295.939308,4.362501608,1.033458448,1.022247425,0.28100818,0.169175509
1230,1,2,28,16,,,1.201430962,1.162401751,2.587842254,276.9547261,-1.528771491,-15.76510538,0.353779165,-0.86697694,1.03379861,1.007187778,0.220934736,0.122427178,944.1915296,982.00738,249.8111072,236.5794291,4.203897097,1.079256538,0.937546988,0.241620158,0.096157541
1231,1,1,28,17,,,1.175487133,1.227687962,2.53498554,437.2240528,-0.971361531,-6.85170055,-1.353229009,-1.659488421,1.041307197,0.969965206,0.185056816,0.179711475,878.3936955,776.0919512,164.3655151,334.3837521,2.808480499,1.072355855,0.930310923,0.177910632,0.138247641
1232,1,2,28,18,,,1.155015001,1.19520809,2.564966292,403.990442,0.365717587,-24.2798083,4.140733855,-0.185883342,1.031695611,1.1081733,0.214974957,0.175236926,1065.966721,836.8906908,246.5030204,314.8572079,3.223064023,1.109363709,0.993243869,0.217486807,0.207546709
1233,1,1,28,19,,,1.189957911,1.205036221,2.534067631,266.9487685,-0.935984129,-3.459864181,-0.926311748,-0.689925011,1.046328306,1.105000864,0.272198887,0.06892909,843.5502484,795.0452298,236.706634,270.2201646,3.285496333,1.070921512,1.050159857,0.238091962,0.117818078
1234,1,2,28,20,,,1.210965759,1.217587041,2.566735951,268.7172347,-0.362426877,-35.12493036,2.416971734,-0.328239245,1.069393195,0.927803998,0.223883678,0.104800623,959.1053042,838.492741,208.2628078,235.7078759,5.651982759,1.047124017,1.113505762,0.245383875,0.081212839
1235,1,1,28,21,,,1.186030746,1.214108258,2.527944149,342.1707053,-0.293804508,-25.08310244,1.261410563,0.667802256,1.030659272,1.080428299,0.24183831,0.095874691,1107.821008,1056.261249,314.3124952,419.3444817,4.170197138,1.042247544,0.897580843,0.179746182,0.210696285
1236,1,2,28,22,,,1.204083642,1.182282341,2.484211752,327.05053,-0.509148821,-12.19210925,4.24296231,-0.563678863,0.971074928,1.013014189,0.237370166,0.177202806,1097.398367,947.1330079,259.1174711,97.65996125,3.027093071,1.12850121,0.996372786,0.132288198,0.140350233
1237,1,1,28,23,,,1.180990655,1.224509554,2.594214829,484.3756952,-0.650522997,-13.2162575,2.179470873,-0.34694474,1.008373534,1.023479469,0.236515505,0.046552245,969.1936404,779.7658257,226.1423677,206.7123703,3.476082922,1.089646671,1.077450764,0.262799628,0.177024957
1238,1,2,28,24,,,1.184719198,1.204185814,2.54956591,397.2861249,0.070115965,-12.49313962,4.123730669,-0.292902932,1.078830123,0.987023819,0.137959312,0.144530908,837.8173658,910.4145455,210.515383,292.9726687,4.270140784,1.056781475,1.017324285,0.160480829,0.193809867
1239,1,1,28,25,,,1.217186126,1.156605651,2.617018375,307.9778721,-0.77617489,-29.58579354,1.449389388,0.537615392,1.021111375,0.999298549,0.184408126,0.11963121,875.8759988,714.4879688,370.9441757,228.6648703,4.496416508,1.076710971,1.01142925,0.230300929,0.125800442
1240,1,2,28,26,,,1.192235271,1.189366348,2.536184588,303.0506327,0.76195587,-27.93977421,-2.533330169,-1.27593172,1.016969586,1.092062572,0.237768226,0.167085739,954.6083494,937.4991525,178.066693,303.7397934,4.328622695,1.052741069,0.928303201,0.126934728,0.196181036
1241,1,1,28,27,,,1.200621171,1.233099705,2.660392219,309.35517,0.114911875,-25.74281152,2.482176224,-0.697787902,1.086239328,0.944158859,0.176482551,0.153040802,1158.05394,919.4554642,201.6027632,189.2840636,2.695313424,1.042505617,0.982365452,0.256337251,0.154128444
1242,1,2,28,28,,,1.194644325,1.208570786,2.616886659,440.7707587,-0.31290736,-22.8189647,0.99857579,-1.110823295,1.051248643,1.039737757,0.107832267,0.140427768,1097.861445,929.7792814,124.4845527,228.0673978,4.249993482,1.127029284,0.96811614,0.250890583,0.18934271
1243,1,1,28,29,,,1.231180419,1.217563182,2.554259603,301.1466939,-0.772947865,-25.26225499,5.923477761,-0.181138086,1.126964404,1.095465011,0.182594033,0.08808883,922.3831868,1040.375973,145.7446957,193.5325727,1.495991567,1.045159696,1.001341194,0.227338217,0.160640274
1244,1,2,28,30,,,1.184745782,1.200409732,2.610348715,456.4747991,0.094281971,-20.02110266,1.022123151,1.309780056,1.008309461,1.131662126,0.128592061,0.067537609,948.797556,787.3229263,271.2249797,171.8213066,3.41562234,1.04176498,1.10299911,0.229636767,0.135039008
1245,1,1,28,31,,,1.198971499,1.233607315,2.5660614,278.4516838,-0.725685152,-13.07252374,2.854092946,-0.735684736,1.053318097,1.009270921,0.193604186,0.085732843,918.4973165,863.8555039,235.7384002,315.5726471,3.844384655,1.016998889,0.999368771,0.266234311,0.150454344
1246,9,2,28,32,Fails: T4.3,,1.167487216,1.165254859,2.576420812,244.3693148,0.32779425,-22.46735756,2.562889841,1.822171394,1.081500604,1.073620931,0.221583675,-0.003034378,823.6743283,1022.386372,173.0319869,273.2980662,3.730149369,1.082963325,1.059525703,0.251673573,0.124895038
1247,9,1,28,33,Fails: T3.1,,1.197449364,1.212272587,2.528191819,452.535214,0.461646102,11.04555643,3.316742304,-0.096035694,1.091480491,0.946736267,0.146479307,0.118190984,931.2547335,1025.244562,324.4173889,269.3544401,5.384126841,1.125849662,1.005990431,0.171496647,0.094105769
1248,1,2,28,34,,,1.213087189,1.191626443,2.477616099,346.814102,0.247365994,-17.12740293,3.981829326,0.0750992,1.023662528,0.99345995,0.322472045,0.102688707,937.2091692,983.6263457,151.7289643,332.4989775,4.029218245,1.147552751,1.046331228,0.205175816,0.175870035
1249,1,1,28,35,,,1.203223236,1.199324499,2.681452291,514.5321433,0.079956773,-36.38004965,-0.724570044,-0.180315225,1.074208968,1.142861999,0.068445877,0.162231826,828.4034894,855.1579985,104.108023,138.702904,3.701971525,1.033359738,0.972964845,0.153148047,0.169394741
1250,1,2,28,36,,,1.185603844,1.217925402,2.513204118,119.0504682,-0.107158041,-22.44960664,1.615572146,-0.503627752,1.03052631,1.077305104,0.169982773,0.179515271,937.5404765,811.9852663,162.973243,184.5535946,3.884464478,1.030904291,1.026823313,0.133659758,0.122381656
1251,1,1,28,37,,,1.175622875,1.202054916,2.658149722,312.1994375,-0.700239882,-16.18778964,-1.113764891,-0.924997306,1.041486473,0.989336538,0.219635653,0.144526117,982.0680222,902.479986,7.984401339,155.4147119,3.889632132,1.020169821,0.887969847,0.142440543,0.116229058
1252,1,2,28,38,,,1.209517086,1.199381968,2.645163395,278.2357889,-0.682691879,-37.96339335,4.713698217,-0.061806056,1.050307803,1.098995785,0.127279794,0.086628616,1006.386016,868.8204472,185.6277907,229.1230113,3.099351228,1.160611569,0.987760172,0.249059124,0.168240542
1253,1,1,28,39,,,1.18332225,1.17765869,2.571896822,370.5591182,-0.379595725,-35.57245195,4.904029627,-0.45014578,1.050509152,1.065321086,0.169725885,0.119732992,749.2157214,982.1201014,89.98521181,190.6313031,4.220157082,1.091052391,0.994785406,0.275344906,0.172870288
1254,1,2,28,40,,,1.206713417,1.17894979,2.573239972,334.2343087,-0.544389728,3.900709128,1.989922553,-1.706355147,1.089369263,1.006163546,0.238888082,0.095869162,967.2596932,993.9854681,246.3066448,263.7657286,4.486359102,1.099402761,0.955244974,0.269224754,0.120119612
1255,1,1,28,41,,,1.205491533,1.214773921,2.671230114,308.2298945,0.335965873,-18.83778375,5.406452422,-0.61334313,1.081578267,0.904832947,0.23709526,0.178482001,919.8760271,898.1449357,303.8278146,204.0250808,5.681660823,1.062420594,0.973875959,0.244554606,0.169136156
1256,1,2,28,42,,,1.162432865,1.206661989,2.570436754,341.9489135,-1.332599832,-28.12552113,6.591583752,-1.260707296,1.008957729,1.12259236,0.190644562,0.137041734,925.2547988,1014.904141,217.9824705,287.2290612,4.084436737,1.067738291,1.051636565,0.202159157,0.131638461
1257,1,1,28,43,,,1.201200534,1.206362549,2.566856812,342.4838868,-0.769266568,-18.90029136,-0.240031809,-0.087849333,1.040112341,0.955840128,0.253841091,0.143313496,945.1223958,974.4878538,248.7887544,178.4254041,2.729059404,1.120815163,1.007156248,0.175951685,0.117854918
1258,1,2,28,44,,,1.172562941,1.216292402,2.550205846,354.5726736,-0.005433979,-17.21633129,3.247089219,-0.467256932,1.070865614,1.052140067,0.16596725,0.122587638,912.4752231,987.5270293,205.4646556,405.2503681,3.882336031,1.104349013,1.073168983,0.234335096,0.18349674
1259,1,1,28,45,,,1.230658317,1.22648151,2.589863193,282.3207477,0.675069579,-26.08122911,5.561673388,-0.441715849,1.058912244,1.084038438,0.216308937,0.07972826,1016.315239,874.738222,138.8488669,146.6519696,2.552965061,1.037285453,1.117681213,0.091870534,0.119316599
1260,1,2,28,46,,,1.192992116,1.243619701,2.538567281,392.8373236,-0.320583584,-5.169144419,-1.183123781,-1.175905296,1.025874033,1.12456974,0.156409317,0.100843268,952.7798747,818.0099654,359.724195,251.1289576,3.438471264,1.049513414,1.025816472,0.259369619,0.119570179
1261,1,1,28,47,,,1.17337545,1.201104838,2.641675666,305.1027715,0.206415853,-23.46112113,2.175675277,-0.308718834,1.110775383,0.951257434,0.18820813,0.197176747,986.9802714,872.3760298,171.0283133,353.2920882,3.749631205,1.018418358,0.986327047,0.166962719,0.175485645
1262,1,2,28,48,,,1.192948709,1.179834817,2.566772446,359.4889074,-0.692938354,-32.98207003,-0.0571044,-0.629306697,1.060299201,1.047155407,0.293545621,0.101169577,932.1547188,956.1637423,207.7381806,180.1501877,3.318963118,1.031408787,1.070085898,0.151606089,0.207206692
1263,1,1,28,49,,,1.188759324,1.226558688,2.582874313,111.6716328,0.053277567,-12.94748508,3.501126669,-0.784835352,1.092240371,1.026294922,0.168421237,0.174904927,903.9683624,983.1082645,366.2945876,185.28678,3.636306805,1.075461387,0.951389078,0.153342309,0.141742544
1264,1,2,28,50,,,1.250486981,1.238024565,2.619575511,253.7395158,1.092883771,-22.69582485,4.013621525,-0.459832567,1.068003624,1.003617527,0.167962172,0.148831595,1019.444384,894.4948371,208.8220629,347.704192,2.881993602,1.144341469,1.182490889,0.295569615,0.108389093
1265,1,1,28,51,,,1.189948913,1.21938784,2.666760432,205.3831726,-0.051564871,-20.75505676,-4.049289025,-0.144604715,1.038674333,1.033529862,0.153464398,0.042178217,815.2685046,830.212005,239.1081632,221.4442796,3.28062777,1.113189029,0.980452478,0.147855471,0.14353396
1266,1,2,28,52,,,1.210544428,1.213535367,2.527185002,369.1335368,-0.457959897,-2.701841643,3.02407347,-0.34105491,1.080688375,1.078158874,0.168142141,0.041125889,1050.229752,875.2158428,281.804687,259.5886112,2.957167622,1.035911166,1.138303586,0.139613715,0.161564298
1267,1,1,28,53,,,1.199155724,1.170686902,2.528058722,271.3874078,0.796858335,-17.58052401,1.317968153,-0.562822446,0.977541127,0.944998751,0.135019708,0.114750142,853.7917201,1023.156856,221.3202342,263.5455112,4.447964917,1.106748185,0.983163415,0.231602187,0.156622849
1268,1,2,28,54,,,1.19751404,1.227757399,2.597343481,330.5208778,-0.058591267,-26.16518811,1.046897757,0.347546901,1.077097482,1.143469295,0.215525221,0.037214287,866.4598711,926.3415859,254.7705384,198.7000059,3.962692081,1.021266298,1.048437478,0.216413015,0.037589036
1269,1,1,28,55,,,1.181318459,1.217567916,2.486103367,290.2468136,-0.599950955,-17.44055449,4.487456165,0.687921381,1.045932317,1.08415624,0.235210456,0.087083786,833.4381159,810.410297,117.532804,216.7663499,2.276189811,1.096402345,1.16783632,0.105521721,0.150878119
1270,1,2,28,56,,,1.179042142,1.216780974,2.693909846,283.2755499,-0.706404878,-29.79756828,0.841756912,-0.215555606,1.065787605,1.058744458,0.195636817,0.00149946,794.4933084,797.1876398,220.4824784,256.8722608,4.720590585,1.081351457,0.957762891,0.27865386,0.214894323
1271,1,1,28,57,,,1.181805757,1.174435221,2.499410593,198.8032457,-0.275898893,-12.51106163,-2.270929462,-1.557474783,1.034428371,0.979047456,0.127045678,0.123652558,872.8080348,962.1350207,274.6807856,366.1151568,4.070377547,1.08686366,1.033803181,0.23869823,0.133684414
1272,1,2,28,58,,,1.195738394,1.218761881,2.615482198,437.9297676,0.400777131,-21.0770064,5.352884841,0.493974014,1.094068356,1.090370723,0.257146403,0.108854152,1025.62881,794.8103814,248.3403825,289.9817216,4.880292269,1.045297218,1.031448369,0.132608355,0.129243463
1273,1,1,28,59,,,1.179253566,1.205601572,2.585742535,350.8292177,-0.23852324,-9.044461752,1.441508227,-1.241732365,1.075318696,0.976417163,0.051769443,0.125215513,911.937737,880.7470207,209.4195334,174.4168559,6.368297205,1.114535508,0.923821905,0.171581662,0.126598516
1274,1,2,28,60,,,1.192193033,1.169914877,2.683570442,163.0662726,-0.380448093,-22.54741989,3.27705057,-0.684860102,1.064392668,1.067248171,0.204362824,0.17160156,814.6286268,840.0148482,104.607458,351.3992988,3.417519183,1.0672467,1.04179398,0.20064335,0.15042737
1275,1,1,28,61,,,1.19394135,1.204404751,2.641266647,406.8985254,0.998701837,-18.0580288,2.913784564,0.47347333,1.071900427,1.002904059,0.232997673,0.153101776,1148.555185,771.1519871,332.8242354,256.4437616,4.794879464,1.093415392,0.951468571,0.268606577,0.09260498
1276,1,2,28,62,,,1.181843929,1.192794112,2.503986651,333.9376043,-0.007284219,-16.71889758,0.199618595,-0.7392671,1.038594749,1.046865588,0.187498249,0.144226242,929.5826615,891.3296238,253.4158783,271.4815284,3.626853569,1.076532484,1.099706356,0.250625211,0.146929237
1277,9,1,28,63,Fails: T1.1,,1.196754497,1.262676671,2.505262552,231.9803531,-0.808789968,-22.70228653,-0.80092019,-0.220847293,1.086005013,0.859527722,0.179692594,0.138480478,1036.813962,693.668913,24.45465107,316.2633826,2.732022687,1.015473967,0.922977725,0.221105107,0.194857038
1278,1,2,28,64,,,1.185750701,1.19835797,2.547837229,408.7481312,0.026246178,-6.445274159,-0.772233661,0.096251797,1.058060742,1.047929853,0.238873699,0.100240576,975.2011302,973.4245596,225.8555967,157.5860959,3.842599961,0.999174491,1.102952399,0.176018556,0.147950007
1279,1,1,28,65,,,1.203253943,1.235418549,2.606009371,226.799529,-0.470688424,1.70971126,3.411562525,0.345506739,1.122511908,1.090535239,0.09058579,0.097723581,951.9257478,1031.075055,124.41746,263.1803311,3.005132157,1.06480667,0.987987827,0.157926565,0.212075457
1280,1,2,28,66,,,1.202849408,1.191757408,2.501208288,285.9747496,0.611291198,-18.75452354,1.240259495,-0.928454008,1.079912576,1.098188952,0.147664476,0.13695506,982.5448557,952.2953502,351.4404848,259.0732125,3.255189819,1.051865902,1.048813845,0.217558256,0.084503528
1281,1,1,28,67,,,1.213138813,1.179392117,2.629692993,335.1431097,-1.215853244,-27.9630162,3.507182298,0.123944262,1.057869997,1.046969813,0.205912496,0.132226271,913.7217116,932.3920636,103.8577729,253.8880222,4.686324592,1.038986158,1.00046458,0.175776635,0.103422403
1282,9,2,29,3,Fails: T5.1,,1.183020631,1.190095415,2.530418577,221.219782,-1.232712058,-12.12504344,1.372354984,-0.807008999,1.035910107,1.024753168,0.232442517,0.141167218,910.8900597,628.5230877,67.80333073,348.5903578,4.02018757,1.074816668,1.0056463,0.027958986,0.096738418
1283,9,1,29,4,Fails: T3.1,,1.202658003,1.204762191,2.546893654,314.8524475,-0.563734593,18.93805848,-1.574800652,-0.487445249,1.087069522,1.081085957,0.240513314,0.038149767,973.8022919,753.7591901,377.465571,278.170034,4.643614316,1.094581598,1.023182077,0.159656898,0.13014938
1284,9,2,29,5,Fails: T3.3,,1.162225535,1.217094672,2.510029084,259.5000063,0.734552962,-35.58949734,2.284976338,-2.041241267,1.115124359,1.009074196,0.197520022,0.083691916,934.6159947,1033.334478,147.9613385,293.4659204,2.820527478,1.077537967,1.045164215,0.187104155,0.089050057
1285,9,1,29,6,Fails: T5.2,,1.195956579,1.229874752,2.65901281,214.7806179,0.226548885,-19.346587,1.321837126,-0.028623035,1.060131824,1.044486368,0.178656908,0.139724514,1032.989082,724.2772633,544.6535205,337.1203471,4.082936627,1.087513616,1.124496749,0.183758963,0.186796242
1286,1,2,29,7,,,1.183345744,1.198972319,2.58465036,318.7071499,-1.266691011,-20.64768182,-1.136668134,0.32506066,1.03151954,1.06588298,0.160377088,0.090459731,763.047316,797.5130432,156.508328,292.6177858,4.118827808,1.023742967,0.974868484,0.166920002,0.125903776
1287,1,1,29,8,,,1.160255655,1.176548138,2.548300596,311.5280804,-0.687416191,-24.57563733,2.385332117,-0.397152262,1.055757481,1.010015677,0.231701646,0.141167467,1003.314514,860.0674924,241.9181787,153.578133,5.121386975,1.128299797,0.999476893,0.057066261,0.065457881
1288,1,2,29,9,,,1.191639814,1.183194556,2.537403818,412.4887163,-0.417230941,-14.15299186,-2.089654364,0.108688675,1.026909247,0.975022503,0.066421486,0.113568046,956.0203707,1094.442756,294.8003934,97.42815825,4.218172492,1.138845538,1.116524225,0.22578864,0.16044817
1289,1,1,29,10,,,1.202917954,1.224643479,2.593384382,299.4841363,-0.135520325,-30.83376332,0.117014224,-0.13847795,1.093258444,0.989091834,0.232016959,0.040827084,1140.919325,734.8767605,171.0097419,225.7753202,3.869720685,1.102290103,0.98058256,0.18413233,0.187908728
1290,1,2,29,11,,,1.190201493,1.202707175,2.472068843,174.1873725,-0.928468762,-17.47601016,1.157894285,-0.453866893,1.041372361,0.987209346,0.24064476,0.144188905,947.4445947,819.0803957,194.1926403,278.0432341,3.613605112,1.101865358,0.976994178,0.249223889,0.165717705
1291,1,1,29,12,,,1.225308893,1.205623464,2.6007746,225.8048405,-1.24328154,5.450243202,0.766087512,-1.133132713,1.159506384,1.085379368,0.21772202,0.118914401,953.9287664,1011.782626,232.730538,239.8333954,1.539863162,1.038230529,0.925132819,0.226950866,0.123891753
1292,9,2,29,13,Fails: T7.0,,1.204744522,1.202579518,2.564006404,185.6287381,0.293910682,-39.67064195,5.348457619,-0.058355342,1.057284347,1.132727178,0.179142624,0.163034311,917.5096967,858.2831452,123.2528394,12.26737268,4.4802662,0.95962488,1.095013319,0.196736279,0.151093507
1293,1,1,29,14,,,1.176215085,1.229553025,2.556647329,177.9617477,-0.171020291,-31.46575749,-1.785903937,-0.927764893,1.109052226,1.109784695,0.355214305,0.148657202,911.9599581,931.1153396,319.9268943,127.2255077,2.787339086,1.08589592,1.025024939,0.11321843,0.211228837
1294,1,2,29,15,,,1.173668325,1.173275707,2.517538399,6.43671089,-0.245305623,-22.76816516,2.07379271,-0.179429618,1.068567726,0.947893943,0.222065177,0.101910712,1024.278834,734.063128,305.1777075,240.529187,5.704026946,1.101333102,1.058325117,0.269267183,0.143456674
1295,1,1,29,16,,,1.181617037,1.204573955,2.536108637,235.1347963,0.09903894,-27.52747027,1.509107194,-0.015050679,1.065120004,0.933097155,0.21489372,0.068040524,901.4579133,880.7975588,262.0671346,260.8159919,2.672302903,1.07145493,0.998392396,0.19288089,0.129494976
1296,1,2,29,17,,,1.179444916,1.192250361,2.5908724,252.9762438,-0.739142522,-22.83456677,5.917221401,-0.940829881,1.088717033,1.107769321,0.17735023,0.148027231,1168.610908,901.3188619,136.2128451,77.27518892,2.862130568,1.042149146,1.006575463,0.329899565,0.096127343
1297,1,1,29,18,,,1.220534268,1.24132615,2.559760748,360.4381086,0.331634587,-14.90674436,2.075537371,-0.178787711,1.07648725,1.109401843,0.23005533,0.077463767,862.1996096,775.2068032,175.3264657,342.5525581,4.403268169,1.045565594,0.968473932,0.162112921,0.136782948
1298,1,2,29,19,,,1.203337747,1.247755564,2.684018827,354.9455501,-1.400354617,-25.63655604,-1.175358252,0.308086028,1.119245059,0.932786677,0.235845805,0.118866803,1129.339468,876.8704538,118.2831606,248.4564008,3.760659118,1.069692543,1.114795605,0.190867685,0.134966256
1299,1,1,29,20,,,1.186135735,1.184768341,2.564373073,314.3663019,-0.502772865,-14.22128866,-3.503476801,-0.206407981,1.018196224,0.974052956,0.192922816,0.018350322,1002.149189,992.3905511,350.4780793,293.7865636,2.129151861,0.999430065,0.937248566,0.244799562,0.186468056
1300,1,2,29,21,,,1.190402322,1.233349649,2.660202822,298.2538773,0.576373167,-23.96481298,3.067961101,-0.873895727,1.138698413,0.965023862,0.28377022,0.134410292,936.4353767,1067.830984,356.8908718,225.3911145,3.580864935,1.05923525,1.030351558,0.07268318,0.124008786
1301,1,1,29,22,,,1.171186494,1.220980088,2.556954995,288.2911279,-0.614892743,-3.248647693,-0.197012487,-0.272187345,1.064247093,1.055072308,0.303839965,0.135477362,997.4559789,736.2290479,357.217547,305.6972374,3.804287935,1.094208722,1.017847621,0.232534978,0.139534679
1302,1,2,29,23,,,1.192853071,1.2034057,2.559319486,293.5484899,0.406886079,-9.650927365,2.434640648,-1.989491547,1.035483041,1.113527724,0.163397894,0.099809274,971.897282,902.19021,239.3240867,208.3257995,4.527012143,1.108298266,0.947209629,0.234532446,0.058773733
1303,1,1,29,24,,,1.15884742,1.210019795,2.636769586,143.8534296,-0.787968686,-25.59684771,1.797407785,-0.947494094,1.035534164,0.96618145,0.311261774,0.147190375,916.3143147,845.9024291,39.97750291,207.20808,3.268356863,1.055705622,1.011403294,0.100008332,0.137579062
1304,1,2,29,25,,,1.197025499,1.195601379,2.603357562,271.9658166,-0.265295444,1.465007937,6.832431156,0.371329079,1.049985049,1.154557277,0.163965472,0.164243446,887.8037232,863.2236617,231.2238207,220.8810789,2.9015768,1.065488625,1.118406928,0.042994208,0.133147042
1305,1,1,29,26,,,1.192092914,1.230018677,2.547288794,231.7682048,-0.355665115,2.331842668,3.240990787,1.364436142,1.057404523,1.125998772,0.127380609,0.161343601,937.3432103,846.4189712,334.159666,208.5877538,4.099166916,1.084181111,1.0250123,0.182304984,0.07478671
1306,1,2,29,27,,,1.173428295,1.236278939,2.506133708,329.3614293,-1.567623217,-16.63244438,2.884748173,-0.041431041,1.065781689,1.059590874,0.231825416,0.09877035,1048.684954,991.9138221,168.3268448,133.3690354,3.100104862,1.028711031,1.020571762,0.116459974,0.108994295
1307,9,1,29,28,Fails: T7.1,,1.190818516,1.195615047,2.5130107,199.4611197,0.409017433,-16.46212673,0.461944169,-1.737269366,1.04595561,1.020981145,0.183510427,0.097239575,989.9690436,855.6529734,181.1856992,116.1017896,2.551545209,1.055966225,0.820409769,0.263167784,0.168107935
1308,1,2,29,29,,,1.198797734,1.217527695,2.439757774,120.7972003,-1.209012421,1.658361963,3.20564781,-0.3555388,1.08070144,0.858359907,0.236257788,0.09962825,758.7618918,925.7207198,212.9577959,205.7326676,2.811467163,1.08360357,0.975042357,0.21456578,0.056117524
1309,1,1,29,30,,,1.157203277,1.199645729,2.547306514,376.3576359,-0.117057748,-16.93908505,3.596890841,0.183536876,1.008817024,1.033147788,0.164565534,0.159370382,827.1556501,1054.659624,142.6873331,250.2983748,2.324871418,1.059887146,1.036927044,0.233095702,0.176930471
1310,1,2,29,31,,,1.185206867,1.184114854,2.582777933,377.6552789,-1.383600696,-35.39649041,3.994261352,-0.22827952,0.970068331,0.949040006,0.153331692,0.073720831,804.8447751,921.5335713,214.7864977,336.0862798,3.011663833,1.029638424,0.915360914,0.134037188,0.112679407
1311,1,1,29,32,,,1.205856857,1.212891879,2.60781304,423.1032683,0.546181249,-20.676061,3.710755026,-0.797186158,1.107362262,0.920110968,0.201052445,0.17929127,895.4424676,1033.614732,141.6829202,171.0758961,3.165370227,1.019827367,1.028727524,0.137203199,0.147072579
1312,9,2,29,33,Fails: T5.1,,1.20487467,1.220717384,2.548519751,215.0231896,-0.491448139,-6.192836141,-0.939126445,-0.813060742,1.003666665,0.974945382,0.259082211,0.105047621,903.6794292,658.906089,246.6370123,202.3725919,3.657696224,1.041010241,1.030216065,0.250867385,0.146157107
1313,1,1,29,34,,,1.218200566,1.221367597,2.57918735,312.3740944,0.119019729,-15.17096822,0.526950012,-1.414939298,1.149635076,1.048367652,0.078231698,0.088435345,895.2324574,777.7537752,181.3789951,327.253673,3.915868404,1.097932684,1.024555352,0.13245663,0.1136614
1314,1,2,29,35,,,1.177632227,1.209291661,2.54473612,260.0156811,-0.657755475,-21.27965266,0.459693171,-0.823479691,1.117440916,1.044698301,0.238174814,0.135434589,1014.40714,751.1375253,229.2020729,137.0582585,4.250339603,1.057199967,1.056768211,0.227659225,0.114848548
1315,1,1,29,36,,,1.197851777,1.21967362,2.548748391,445.0922339,0.151178561,-22.70097809,0.750517852,0.495229991,1.042099432,1.157758025,0.083375211,0.045684864,856.4431303,818.4068904,223.5248185,261.2273749,3.829805969,1.11366194,1.027612404,0.163033864,0.166983695
1316,9,2,29,37,Fails: T6.0,,1.195140288,1.209221919,2.602958986,172.9718639,-0.267925772,-17.38624712,0.52363183,1.33839095,1.091503275,1.002520311,0.220716798,0.1145295,1002.211592,855.6463234,120.0217176,273.0882455,0.825235131,1.052322151,1.025291912,0.233631711,0.088990673
1317,1,1,29,38,,,1.189170302,1.235104758,2.501494606,270.9204277,0.381229679,-5.724742363,1.080447575,0.223617156,1.030328006,0.927257514,0.267778975,0.138432429,894.3632327,940.7337398,249.9304989,180.7904026,3.585070793,1.098227525,1.098868566,0.19599217,0.128458002
1318,1,2,29,39,,,1.161912017,1.240939948,2.54610464,363.6519555,0.441687466,-27.54242371,1.574499225,-0.842019817,1.062399552,0.970299204,0.16515813,0.142372751,807.7753266,884.757312,280.5300818,319.3432653,3.602708653,1.124181966,0.976639235,0.205125327,0.09324685
1319,1,1,29,40,,,1.200455588,1.197658223,2.490909584,239.264604,-0.108729066,-15.70835159,2.084618682,-0.806951525,1.078749722,1.093941982,0.161589569,0.114618873,966.8132131,928.9998718,46.70807603,404.0967239,3.050669697,1.087691083,0.984217955,0.092494257,0.170977576
1320,1,2,29,41,,,1.177518071,1.210050174,2.487569534,197.5768761,-0.006595773,-14.7455473,5.013410664,-0.34916083,1.023305429,0.971621733,0.210092966,0.145688228,1022.183919,881.5401714,61.66866269,338.7465318,4.236063413,1.04225739,0.981905031,0.151662233,0.130825932
1321,1,1,29,42,,,1.191351958,1.192798042,2.576440611,482.1307545,0.765995133,-10.9811476,4.356564664,0.050493407,0.971441386,0.96216928,0.21704084,0.090743857,1038.016337,791.4161397,144.9223268,355.1883613,3.337689261,1.023751355,1.022880405,0.130738604,0.101914425
1322,1,2,29,43,,,1.161057569,1.214200468,2.554662811,270.8927541,-0.472812867,-40.56707243,-1.308861063,0.263468079,1.049657353,1.00917139,0.022117178,0.033616796,1072.531802,730.397931,213.1544334,237.0117175,3.935264606,0.990280243,0.972318388,0.15900333,0.209892357
1323,1,1,29,44,,,1.192078944,1.184239707,2.509037906,479.3468114,0.123933478,-24.44735916,-3.179759554,-0.67756681,1.144632696,1.125251462,0.177978991,0.090336788,1088.704044,966.9954282,169.0071587,258.7763868,3.439381776,1.050621158,0.955532604,0.18256445,0.197401104
1324,1,2,29,45,,,1.152203403,1.238892796,2.61721314,306.1929466,-0.023931012,-27.09173333,0.983173558,-1.452917012,0.96039171,0.95444852,0.170798436,0.176640379,927.9429938,853.5721868,262.5516501,323.8664354,4.946080473,1.131711965,1.065403583,0.122762341,0.075365771
1325,1,1,29,46,,,1.164017006,1.24427872,2.429146686,319.535104,-1.229158081,-28.68972929,3.724066417,0.363804962,1.102783003,0.922622648,0.160475742,0.115032586,974.988158,1061.011925,133.8942062,164.2187396,3.560799263,1.141745106,1.034901382,0.27572325,0.237492922
1326,1,2,29,47,,,1.199184952,1.242823598,2.515751177,349.301391,-0.741776457,-12.52367117,1.966749859,-0.372961832,1.066314251,1.015593471,0.204425831,0.126902762,1049.134928,976.644857,272.1151538,229.9235535,5.575215377,1.04188879,0.995989738,0.230866378,0.199616026
1327,1,1,29,48,,,1.222991882,1.223128241,2.493873163,353.6015695,-0.669646123,-4.100673214,1.347548356,0.372281748,1.033414377,1.133258748,0.130514729,0.081211701,981.0171583,922.173885,194.4286553,134.7414207,2.746882266,1.079414433,1.025678932,0.261759312,0.138098905
1328,1,2,29,49,,,1.214940906,1.175759696,2.675831655,499.6801568,0.847255713,-17.47759134,0.787500836,0.081272652,1.060291958,0.952699927,0.117363359,0.086668519,984.5013718,841.5305412,229.4355585,218.7785384,2.999409719,1.108357241,0.999287829,0.181769466,0.195529924
1329,1,1,29,50,,,1.200231584,1.231652655,2.632771563,243.3750503,-1.008917827,-21.26591354,5.950856088,0.408234255,1.032118835,0.999252651,0.215942634,0.152326995,870.7604165,840.4228529,172.3450921,333.5550924,4.749552202,0.992092186,1.11694613,0.224693948,0.110801787
1330,1,2,29,51,,,1.203664754,1.189573884,2.65530756,287.1920026,-0.166113159,-18.87857975,3.705700469,0.046991106,1.092093739,0.976062461,0.066644027,0.100149182,913.1701087,1016.465611,101.1625325,120.8624482,3.235475879,1.049138504,1.128799229,0.182775297,0.195392153
1331,1,1,29,52,,,1.180035978,1.227705449,2.544125632,302.9303068,-0.439831929,-15.15225855,-0.01228163,-0.106110954,1.022260434,1.05979733,0.218708175,0.137807229,864.9753904,952.1473872,208.7068172,293.0889151,2.914393056,1.051482588,1.00555108,0.278048028,0.116942042
1332,1,2,29,53,,,1.189057454,1.210384103,2.55299199,180.7406347,0.160661764,-18.67666484,5.02097654,0.408906965,1.060990912,0.97264699,0.208895789,0.187555722,966.9929152,934.1024518,205.070603,392.4394161,4.362564639,1.071817959,0.999809838,0.199437079,0.126465926
1333,1,1,29,54,,,1.177025026,1.189527063,2.601077263,362.8711038,-0.007388407,-20.81706818,1.724968841,0.365120937,1.057352053,1.153704973,0.219985553,0.121706791,912.933658,906.3431675,159.3425692,285.1141751,3.06658175,1.055663118,1.000043261,0.168712781,0.146121685
1334,1,2,29,55,,,1.191480925,1.235473323,2.627682999,227.318679,0.173380598,-6.257962345,-0.425652474,0.342957713,1.071732432,0.976741439,0.173056912,0.106114491,949.1276033,1057.634425,333.6176727,200.4648459,4.629525192,1.102087677,1.096454592,0.169620712,0.171051439
1335,1,1,29,56,,,1.225909696,1.188622331,2.581949376,268.6952551,0.441481071,-29.55305303,-4.684989664,-0.989828212,1.092771545,1.081920364,0.128722078,0.158764378,1045.419236,991.7629973,143.3882238,324.8974666,3.314352058,1.061319418,1.162766797,0.21078834,0.094566628
1336,1,2,29,57,,,1.19729081,1.259097062,2.581344309,425.0560356,-0.113371769,-23.96643288,-0.907741043,0.290810651,1.067347649,0.923855576,0.340262076,0.088983394,996.0491675,765.0053749,174.3879602,86.74630031,3.686429999,1.163654047,0.993475213,0.28794438,0.171729096
1337,1,1,29,58,,,1.201610482,1.200193736,2.543664677,407.348951,0.135429418,-18.92974847,1.564412491,0.171380005,1.174782642,0.972039059,0.227813022,0.096907535,938.8652485,730.9734069,344.7875512,347.4550759,2.689387424,1.080456509,1.0299508,0.132120351,0.17822711
1338,1,2,29,59,,,1.174412231,1.192254662,2.581609436,396.8172673,-0.344935978,-26.21672269,3.393977941,-0.419929106,1.049336805,0.99635907,0.20591901,0.137287573,1045.145847,751.9193825,212.5914995,250.6676966,3.818619894,1.011986653,1.050429149,0.125254131,0.041240695
1339,1,1,29,60,,,1.194190204,1.183397787,2.455563415,283.1589331,-0.518112809,-22.55191386,0.640471478,0.256388491,0.998998086,0.972500803,0.199400967,0.127663694,1055.523903,973.0622567,160.0985036,232.6691744,3.384981711,1.175202077,1.043438613,0.053362855,0.102242395
1340,1,2,29,61,,,1.186204503,1.217282156,2.512512645,344.8993969,-0.666204565,-10.1142523,5.141874687,0.488675379,1.008795499,1.055594421,0.344874131,0.09860749,917.4487596,830.3962181,138.3173111,271.6153932,5.327561794,1.103401029,1.024206617,0.213113847,0.194584132
1341,1,1,29,62,,,1.201940077,1.20234113,2.569585099,306.4818728,-0.577179535,-8.241610789,6.120385472,-1.499418695,1.01916538,0.978798327,0.163558351,0.143038149,942.7778503,918.7134672,277.1374893,354.321524,3.38793022,1.138112838,0.91083418,0.242555202,0.151461164
1342,1,2,29,63,,,1.186378566,1.181547932,2.499871955,214.6065014,0.306653146,-33.37106784,4.604213183,0.111445434,1.088864892,1.020708399,0.186142073,0.129782907,822.5920803,917.6736729,272.1938891,145.7156396,2.432328881,1.085622994,1.024583101,0.239357657,0.132307761
1343,1,1,29,64,,,1.219503903,1.224574587,2.656121458,230.1190282,-0.443506266,-19.19555555,-2.178797189,-1.39074312,1.013161914,1.072190316,0.123722415,0.114749283,931.6265274,881.1196437,149.0136797,287.7616115,3.525340538,0.999002882,1.145979017,0.158430888,0.117654842
1344,1,2,29,65,,,1.171175466,1.205876705,2.632879972,384.2380435,-0.535109045,-27.29841114,2.803396419,0.096587333,1.093134177,1.072055178,0.152899953,0.10361106,929.5214845,797.4586606,201.7352689,294.1529251,3.117409341,1.080430853,1.020814407,0.226808223,0.135060147
1345,1,1,29,66,,,1.181422617,1.202664539,2.566046992,367.9585014,0.994699303,-14.01046438,6.955594578,-0.065833928,1.06900766,0.999310481,0.202014086,0.123750382,1041.794567,889.2650279,189.1975627,254.346243,4.782229716,1.106007306,0.885693576,0.211924455,0.148061566
1346,1,2,29,67,,,1.16274131,1.232659655,2.560030405,387.068521,-0.847458114,-14.47815973,1.568880494,-0.254853301,1.064200209,1.017162443,0.174488358,0.140362367,949.0932433,893.0217878,458.1715998,349.8838245,4.206409311,1.10221031,1.036975859,0.204321411,0.125002649
1347,1,1,30,3,,,1.177583972,1.201265934,2.510417795,418.2223678,-1.202690313,-9.707306606,4.937461276,-1.308686048,1.012333657,1.063913091,0.248643667,0.077845863,907.7861014,939.1554558,317.0888613,239.8045711,4.33962245,1.086309795,0.871044532,0.179002586,0.073457518
1348,1,2,30,4,,,1.185748398,1.20799372,2.570093084,152.5682219,-0.449342157,-25.74543143,2.316365753,-1.115567485,1.031455992,1.054875926,0.187253084,0.054126224,970.6295359,850.8627758,205.6068828,285.8437142,3.232051791,1.022754867,1.008004947,0.200412484,0.204299116
1349,1,1,30,5,,,1.224893645,1.217524558,2.477381175,243.9607932,0.44425163,-28.86337988,4.813163402,-0.214553159,1.13410158,1.036423225,0.146030418,0.122653588,864.1568852,933.1209911,83.74714442,319.4035585,3.140902587,1.094169735,1.028382028,0.248405358,0.119065219
1350,1,2,30,6,,,1.167842348,1.163438394,2.616677832,366.5212407,1.803640158,-34.0759114,2.990181947,-0.191350053,1.035722069,0.875632446,0.164000163,0.125786339,989.1019103,956.8155283,254.711486,215.1053705,1.965976608,1.115429697,0.969534157,0.208249482,0.211085658
1351,1,1,30,7,,,1.191343426,1.183821086,2.644696784,332.4335291,-0.635834183,-27.63001821,3.855913198,0.956687017,0.988444886,0.951018661,0.246965878,0.082607903,829.2469373,871.3136077,279.9399731,275.4276221,4.233393924,1.084372493,1.051272688,0.172480539,0.146081165
1352,1,2,30,8,,,1.186773193,1.217783835,2.517015601,41.23722181,0.265946889,-23.48035359,4.616478162,-0.912433741,1.071001043,1.017230702,0.298833737,0.154792715,806.8851539,913.9025985,227.2340731,165.5398634,4.73248746,1.114847288,1.084196939,0.224244644,0.21285496
1353,1,1,30,9,,,1.21232136,1.20348939,2.602198604,425.3496322,-1.357072443,-4.246170226,-1.798173007,-0.488276754,1.049646472,1.003795732,0.071842987,0.104838357,874.8822741,780.0176758,313.3899729,242.9884063,1.932836862,1.114826898,0.971617474,0.145822564,0.088576415
1354,1,2,30,10,,,1.176351599,1.191939484,2.65041754,389.7262436,-0.704096221,-26.86597268,6.953347344,-0.192621555,1.079736322,1.130664187,0.184502842,0.027319342,892.4663541,945.746722,333.8833298,224.4722898,2.545539842,1.065061542,1.040221973,0.216289334,0.099583061
1355,1,1,30,11,,,1.21048438,1.179046846,2.64598469,337.9091152,-0.015796636,-17.694323,-1.048661494,-0.413641774,1.040493511,1.025636509,0.216431843,0.165263589,981.2535636,830.6367874,273.2572982,249.9707984,3.739469777,1.047638363,1.037529366,0.244799329,0.100439253
1356,1,2,30,12,,,1.173439845,1.20677011,2.573812978,277.1942225,0.803203486,-17.38844811,-2.920645236,-0.992872671,1.008892738,1.036521611,0.270154557,0.142021723,954.7705838,952.5562386,236.7188537,164.6640728,2.752384529,1.127073846,0.982084552,0.128039588,0.118044795
1357,1,1,30,13,,,1.197633081,1.188213625,2.506994096,292.6156425,-1.072987397,-12.87791081,4.989548771,-0.121914942,1.03426154,1.041007905,0.275695241,0.143266775,958.0103791,928.4366156,34.71134672,217.4439074,5.284634521,1.026064438,0.98554233,0.046564211,0.177724791
1358,1,2,30,14,,,1.167527763,1.227004824,2.588932944,185.1396816,0.259675704,-16.83416573,-0.272939514,0.62299366,1.079730945,1.031876727,0.185546133,0.131423956,832.157333,874.9295843,135.5526243,355.4974033,3.741793774,1.073844842,1.030222662,0.249227039,0.100378489
1359,9,1,30,15,Fails: T3.3,,1.17940822,1.167273789,2.551414231,384.6436456,-1.30377323,-6.032285208,6.727720926,-2.670581253,1.087718139,1.028469136,0.251804362,0.155734251,867.7104367,985.9751052,219.8949604,201.9482123,3.142032427,1.070823047,0.976929696,0.206282464,0.135576186
1360,1,2,30,16,,,1.196453857,1.200241949,2.620242387,277.2991418,-0.403045258,-9.843383629,3.185329956,-0.143606734,1.004770241,1.085666687,0.211774828,0.107928764,881.1291301,940.0876947,282.0091177,343.7456093,3.839569381,1.094838984,1.017461435,0.217267728,0.179291932
1361,1,1,30,17,,,1.195397894,1.200492224,2.474055754,252.0389248,-0.245112284,-14.18630249,2.106783187,-0.422882552,1.097770614,1.021300451,0.212025875,0.110389986,1008.176506,846.5839599,240.5159994,278.2072502,4.18616956,1.062355207,1.022536975,0.159453406,0.089799076
1362,1,2,30,18,,,1.185612099,1.211159003,2.498752214,514.2763377,-1.429566106,-18.47060387,-0.809242325,-1.273183462,1.028827461,0.990153457,0.161021426,0.167166036,845.8976084,786.0191249,218.5684506,402.8743953,1.138397102,1.06472243,1.017508406,0.101366775,0.137128114
1363,1,1,30,19,,,1.164195257,1.220486857,2.679875448,385.0589688,0.810925825,-10.77548629,2.664135573,0.19209485,1.065829991,0.93546966,0.24913942,0.12843917,926.6122736,763.8892223,269.4803939,321.943785,1.931928172,1.155396651,0.965551922,0.201637316,0.233248332
1364,1,2,30,20,,,1.191446518,1.205088115,2.522562281,257.6554293,0.045782576,-25.12707866,3.099983881,-0.487881655,1.088907711,0.923040659,0.245767199,0.124412646,869.4119458,729.035465,145.2130656,299.9913884,2.913379079,1.061266075,1.106059825,0.152306514,0.073581756
1365,1,1,30,21,,,1.20601251,1.175951651,2.590683204,277.4986177,0.498082174,-24.29014508,3.351591675,-0.162049456,1.110922192,1.012200427,0.1090182,0.186350448,899.5980061,873.601929,79.53351196,248.0173585,4.6138012,1.019260226,1.094801168,0.130184643,0.072180899
1366,1,2,30,22,,,1.220552245,1.196710247,2.637940798,461.005154,0.509712974,-8.129317548,0.822554142,-0.424785561,1.060265811,1.068858206,0.170594366,0.133159626,818.3499626,859.8215483,144.4515636,249.1501272,2.945267288,0.967370758,1.122453163,0.232474155,0.187713239
1367,9,1,30,23,Fails: T1.2,,1.188142408,1.212995961,2.769200012,223.4617814,-0.96990878,-18.91797909,3.867155751,0.433025217,0.987613936,1.086869804,0.150335207,0.115163955,895.2527287,828.7218879,327.1973651,404.7153532,3.416839338,1.015155734,1.0575148,0.195636827,0.169410945
1368,1,2,30,24,,,1.236847517,1.215650934,2.581791469,288.0352335,-0.490553285,-9.505179997,5.194324167,0.199008153,0.992188481,1.001302802,0.192728411,0.076621263,801.0786269,775.6189989,340.3301337,294.5091634,2.521406504,1.090633104,0.941862043,0.115031498,0.066189525
1369,1,1,30,25,,,1.216918111,1.177552224,2.583011129,163.001314,0.146225043,-22.36671871,1.411443914,-0.155951535,1.051202268,1.097448061,0.240853971,0.082992898,988.2412408,970.5321819,293.184446,271.9697356,3.323317792,1.020211261,1.15224773,0.251957455,0.080867251
1370,1,2,30,26,,,1.21660752,1.218424549,2.586461701,185.9499791,-0.102604525,-24.86216027,4.21115788,0.089684977,1.106461237,1.019509256,0.148978779,0.204249233,959.5727712,854.0173768,216.83686,183.9761579,5.167126398,1.118814891,0.934779529,0.235669876,0.162325555
1371,1,1,30,27,,,1.177294641,1.205598592,2.544964739,167.1524541,-0.607359032,-10.9098583,3.880525084,-0.571424757,1.072952329,0.955222895,0.269558626,0.181484216,956.9446969,890.5339817,340.961663,121.3582961,2.734656167,1.014760717,0.917094676,0.286390143,0.125728251
1372,1,2,30,28,,,1.163492538,1.214104026,2.574489877,411.9564912,-0.322587622,-24.61133616,8.0932856,-0.039628722,1.100813151,1.108381357,0.220810145,0.090501602,954.1037163,773.783706,165.3292347,383.7565372,5.438888762,1.072116964,0.981478201,0.256107469,0.082122953
1373,1,1,30,29,,,1.212513564,1.239936712,2.543778671,317.2495655,0.008852212,-24.50265255,2.787049961,0.207479588,1.03813549,0.90884546,0.187670111,0.117985046,870.4263078,980.5704091,89.26547991,87.24797423,2.847988657,1.11918761,1.098599081,0.097556646,0.131188876
1374,1,2,30,30,,,1.18083196,1.163995338,2.531232005,319.2366791,0.356818473,-29.58124152,4.10763789,-0.434934657,1.083856027,0.986967387,0.172350593,0.089873952,948.4770153,842.2927058,240.7351547,107.4341923,5.012252984,0.992704471,0.961038848,0.1428931,0.118334685
1375,1,1,30,31,,,1.216278769,1.218865275,2.583256389,247.7001534,-0.522603071,-7.525469534,3.08224952,-0.981904746,1.096079154,0.980571598,0.129534551,0.118080939,813.9981668,839.8044718,286.8869551,285.6041098,4.063294823,1.069209558,0.966660761,0.30150967,0.07632817
1376,1,2,30,32,,,1.186574853,1.209873516,2.595892495,318.0819045,-0.795929499,-11.83700984,4.025122938,-0.352830617,1.099139721,0.987319494,0.1413461,0.08897704,1004.653567,954.246752,163.4319879,391.092031,3.330104667,1.144482592,0.959691653,0.179561531,0.186401404
1377,1,1,30,33,,,1.189353497,1.197478039,2.537540999,139.1708043,-0.494365614,-26.46053656,7.418353705,0.212705327,1.090202444,1.107512345,0.116309967,0.141052059,910.1972102,987.9872614,199.9644361,208.9493375,4.683081779,1.074916712,0.884334585,0.300103325,0.110289138
1378,1,2,30,34,,,1.198315162,1.206418695,2.616122672,346.7253869,0.764434628,-23.08786768,2.895970034,0.08287444,1.032362311,1.005099944,0.120937922,0.122897481,921.5170038,890.5747382,209.7750515,102.7404643,2.184687835,1.02382401,0.969676389,0.213243186,0.105286347
1379,1,1,30,35,,,1.173948261,1.207015238,2.584056406,274.6054011,-0.345004998,-24.60782521,2.288566706,-1.166853353,1.066969954,0.990604094,0.16656819,0.095519727,1048.262421,850.2038129,162.0760393,264.7311044,5.714143456,1.06440646,0.989402515,0.151284617,0.152935628
1380,1,2,30,36,,,1.205618316,1.206662404,2.48403699,247.7225524,-0.467222917,-21.16435077,4.023792475,-1.252672119,1.08267157,0.969768438,0.233683439,0.185102407,953.9661418,1079.428537,118.5751994,172.0639605,5.562862718,1.112947186,1.103993814,0.223093154,0.149961406
1381,1,1,30,37,,,1.180644988,1.160151881,2.637403066,134.7332298,-1.280620658,-10.59395498,-1.639528442,0.259756739,1.064386894,0.9558678,0.216544611,0.028183972,1084.319208,738.3754636,202.5705326,301.1247596,3.366703066,1.133973913,1.083115414,0.160452753,0.189440373
1382,1,2,30,38,,,1.198488099,1.193771204,2.599509938,355.3162575,-0.820333291,-23.66678977,1.127546852,1.123378917,1.116274695,1.065306173,0.173065469,0.097657328,970.5829463,804.8755941,202.112487,242.7881614,4.600740498,1.039610305,0.944866606,0.194575887,0.118025353
1383,1,1,30,39,,,1.168083873,1.22811145,2.622758704,275.6612796,-0.13545742,-34.0355737,-0.170194786,-0.349114636,1.084355895,1.05863525,0.170469408,0.080952867,929.5215993,904.0937098,152.0362691,362.1286711,3.064207638,1.078730937,1.017136452,0.338455567,0.153124025
1384,1,2,30,40,,,1.170392566,1.179928021,2.642586938,430.7657202,0.091989254,1.753366917,-3.200759212,-0.097382511,1.056398269,1.025356161,0.204505602,0.098505403,799.6616726,1060.353525,170.2011288,189.1388343,3.027623434,1.049891068,1.00434119,0.26743663,0.160601063
1385,1,1,30,41,,,1.190163312,1.183970077,2.633437369,356.8389931,-0.975338315,-29.95685084,0.206783591,-0.200786092,1.070845592,1.068254551,0.301859009,0.123531613,829.5115831,907.8482705,297.653077,170.5018456,3.628756312,1.080858774,0.97537638,0.189916746,0.108231817
1386,1,2,30,42,,,1.212545432,1.217619435,2.52208228,251.0915475,0.45912396,-31.48828945,7.110502595,-0.008915874,1.075531102,1.068926376,0.240392197,0.114754328,932.7046617,761.8262247,267.7185511,268.4030467,4.275523757,1.158390608,0.928673952,0.210844434,0.124799933
1387,1,1,30,43,,,1.195908222,1.247025899,2.642024498,441.2117293,-0.043484419,-20.91021403,-4.172366333,-0.720002731,1.056851789,1.022998806,0.199338603,0.174628135,829.7288211,896.4314763,311.1733076,216.3718016,1.927154508,1.102114041,1.110172955,0.24576744,0.106194898
1388,1,2,30,44,,,1.196209927,1.173106703,2.627381125,386.7581368,0.106457468,-20.98193631,2.016431194,-1.422525575,1.109102193,0.900948439,0.159082881,0.100091967,887.980126,822.6758673,160.1597163,359.7838837,4.362316973,1.053939993,0.930926274,0.238251822,0.088931999
1389,1,1,30,45,,,1.220188344,1.212559239,2.671182031,512.7602579,-1.330287388,7.38795667,-0.65085995,-0.259850672,1.06459319,1.060972688,0.280494162,0.112162192,1044.108091,1010.706736,421.1431447,246.2402871,4.256259221,1.102279782,1.003052881,0.195558135,0.137819296
1390,1,2,30,46,,,1.168088865,1.170659039,2.679063424,316.0698321,-0.940705808,-21.19672218,7.066406641,-0.835306457,1.035564683,1.021553298,0.222339285,0.092276861,888.2654813,904.8927417,272.9165978,223.427259,5.230159409,1.023130059,1.05834156,0.260251139,0.140671681
1391,1,1,30,47,,,1.188981731,1.218423202,2.583556294,472.3046035,-0.376631658,-16.71029171,3.238088889,-1.074495666,1.135830146,1.067260819,0.219573619,0.073887232,947.9456821,930.3991798,191.0590077,134.0924788,3.599365942,1.038854912,1.018075176,0.175439454,0.076289644
1392,9,2,30,48,Fails: T5.2,,1.178552367,1.212905341,2.515924784,358.6091839,-0.457312918,-31.04724522,-1.398995907,-0.561327856,1.063660492,1.077037732,0.172474269,0.043325776,871.3164068,887.0775007,-6.670484734,294.3818551,2.38063696,1.112636521,1.008698483,0.197248512,0.128046481
1393,1,1,30,49,,,1.216284383,1.228501608,2.622442884,260.6743179,-1.064804083,-22.88947979,-0.530060231,0.315138194,1.069430876,1.018671272,0.19396533,0.113439997,929.0623306,939.6835581,256.5676929,188.6982686,3.122023559,1.082216223,0.941199036,0.16090868,0.107561213
1394,1,2,30,50,,,1.17869305,1.1718111,2.630446663,158.0631647,-0.947751754,-17.49523694,-2.55239914,-1.157104719,1.043560919,1.064185064,0.190879302,0.130656107,1030.173734,1064.509762,279.7145427,215.3171086,4.736878425,1.113093209,0.95278449,0.174681999,0.102747289
1395,1,1,30,51,,,1.239234922,1.171465192,2.608343652,204.866522,-0.156449743,-0.194948215,0.003410113,-1.280771815,1.092051715,0.982676165,0.324054654,0.082076249,927.5668348,726.5687004,169.9672827,237.8511987,2.884891985,1.039334288,0.953035947,0.127641674,0.096541283
1396,1,2,30,52,,,1.182041914,1.214048337,2.51989955,191.5424287,0.561272912,-15.7729002,0.917698572,-0.335292644,1.013231328,1.095682721,0.110997476,0.070824516,864.0622823,684.8980722,101.4654665,282.5759037,3.912878507,1.041836332,0.878985585,0.168166182,0.159920627
1397,1,1,30,53,,,1.218672125,1.184134079,2.57494034,75.48846329,0.769000541,-12.37207285,5.469915996,-0.666883419,1.047755326,1.018641331,0.201676546,0.103407196,854.2049627,884.1804208,229.2950712,241.3864034,2.940447385,1.007378993,1.01490126,0.317471412,0.235179598
1398,9,2,30,54,Fails: T1.0,,1.139830976,1.222158243,2.474661305,129.486855,-1.377356653,-13.91379466,-1.10337196,-0.099152605,1.011412861,1.03479362,0.108571107,0.119146087,1078.06355,874.6307787,331.1686778,198.4682086,4.009115684,1.115572863,1.101174087,0.204265234,0.071184787
1399,1,1,30,55,,,1.191502886,1.213355069,2.502876901,212.6648437,-0.362539383,-9.280549895,-3.749991098,-1.646277334,1.092572839,1.051404258,0.182389068,0.131478283,1033.441166,948.6823968,259.394727,342.824278,4.052013644,1.076691943,1.060691709,0.176592287,0.148885913
1400,1,2,30,56,,,1.169210019,1.208166586,2.515103832,434.1260105,-0.463561557,-18.12002786,-1.237748258,-0.813971435,1.051917844,0.955694442,0.265137471,0.078151253,906.5698741,898.0887467,31.34861057,315.826802,3.583346511,1.082923907,1.042675406,0.209463864,0.120687371
1401,1,1,30,57,,,1.232967481,1.214185701,2.577543082,428.9076399,-0.193795704,-31.31900553,1.468531283,-0.141604404,1.099684583,0.963496959,0.184935923,0.028733086,933.2829494,893.5106618,354.4713254,203.0242443,2.131242425,1.102523981,1.105036997,0.261634359,0.189594961
1402,1,2,30,58,,,1.182082958,1.214613923,2.631451085,337.9322492,-0.006777379,-21.0190559,0.585959398,0.280047436,1.085852095,1.029976713,0.221197963,0.120754292,1013.691077,814.1648311,275.4193172,269.7944153,2.338947329,1.122366094,0.981395373,0.326233671,0.17709296
1403,1,1,30,59,,,1.189552243,1.193889708,2.615840401,365.8884062,0.100367773,-32.73917905,1.7956217,-0.00762116,1.070884106,1.033001645,0.161244697,0.130685175,940.6683067,880.2861802,327.9418617,251.7240006,2.623531684,1.044042362,1.023264994,0.309534982,0.111671317
1404,1,2,30,60,,,1.206175289,1.201861133,2.542321373,249.6459915,1.336298721,-8.867312277,-1.036732832,0.486794883,1.102995887,0.955548011,0.182129254,0.127812826,936.4402596,853.0891501,303.2437332,135.4710467,2.307246308,1.008009162,0.873225036,0.200270345,0.177657598
1405,1,1,30,61,,,1.194549396,1.217626663,2.523897901,439.9097063,0.575028461,-18.316191,5.613973528,-0.481633026,1.10452432,1.023465918,0.214154516,0.131266824,1184.004593,886.3940145,157.845909,331.6640394,4.752768905,1.031937779,0.903292335,0.223613096,0.156292997
1406,1,2,30,62,,,1.186919535,1.232545359,2.439504877,306.8631863,0.603100192,-17.50354249,1.698400647,-0.265384784,1.055897339,1.032742894,0.186908556,0.143735672,961.7166287,872.7999673,33.69795787,212.5121862,2.626106914,1.058161712,0.936219396,0.160692795,0.049712255
1407,9,1,30,63,Fails: T3.2,,1.207025175,1.211975853,2.616258885,208.0346101,-0.295977929,-17.19736318,-6.503759735,0.032291576,1.113897588,1.043298958,0.061440548,0.115126357,966.167206,768.2713329,205.6157254,242.1536875,3.293334698,1.027944567,1.072656411,0.25182051,0.138117323
1408,1,2,30,64,,,1.180749093,1.209009176,2.613161444,202.2943097,-1.612152097,-7.341737129,3.471871804,0.168766388,1.088455352,1.168461992,0.165832129,0.027256609,988.2183853,997.115935,224.4684283,396.1066495,4.117159328,1.161136905,0.939857179,0.244455704,0.119678419
1409,9,1,30,65,Fails: T7.1,,1.220233214,1.211434979,2.621095268,299.6378926,0.264583771,-30.79540732,0.797099416,-0.060894551,1.050147154,1.017608027,0.138877736,0.089340673,895.3226855,906.9304617,234.4554361,254.7961839,5.332237241,1.023043027,1.224267549,0.287979948,0.140026462
1410,1,2,30,66,,,1.215010736,1.206040981,2.666252438,238.1275199,-0.248054281,-22.17889455,1.505959456,0.087353284,1.071733478,0.994455085,0.131100785,0.16378871,967.8580465,846.898584,164.2964916,108.6247828,4.151289993,1.093346825,0.897335837,0.196271683,0.130423322
1411,1,1,30,67,,,1.192746979,1.209331905,2.62134139,192.1033186,-0.381103324,-12.08467366,-0.272754397,0.205163021,1.126174251,0.986066015,0.223208226,0.137862374,836.9988454,725.2845258,135.2384989,219.0945837,4.203162462,1.136686843,0.906103945,0.189704921,0.184474547
1412,1,2,31,3,,,1.197174092,1.19131236,2.51595852,465.4727316,0.020043945,-24.37064029,-1.519950477,-0.010173381,1.111301256,1.180081462,0.197238833,0.094257671,902.1309572,921.3463052,208.0653374,338.9551523,4.089988379,1.045007673,1.047193955,0.259340578,0.161553581
1413,1,1,31,4,,,1.186078024,1.202439245,2.654945148,253.5934832,-1.152412333,-4.783594261,2.776428031,-0.075151905,1.103692655,0.99775521,0.259227981,0.216084619,959.8285861,948.6876855,279.1232175,244.9703946,3.285955614,1.132350699,1.14876729,0.206417152,0.12988544
1414,1,2,31,5,,,1.194851068,1.216900507,2.628804667,364.9083014,0.638923226,4.991791875,6.56304147,-0.238708338,0.993957289,0.980759685,0.208614566,0.156984421,859.0437538,897.8988708,256.1920728,71.81105438,3.368338287,1.097398581,0.941943496,0.255264461,0.0210034
1415,1,1,31,6,,,1.189904077,1.231360078,2.614721157,377.6044704,0.193750953,-25.47257315,-0.152529423,-0.849761152,0.964693135,1.12332393,0.108495093,0.13870087,1024.28713,815.7871834,256.6596707,198.2056475,4.027509041,1.126410704,1.057123091,0.234456575,0.103966282
1416,1,2,31,7,,,1.160697178,1.228325508,2.536572144,110.9085649,1.009874743,-9.079187276,3.606096578,-1.323866512,1.062601834,1.056204131,0.095954164,0.122536042,983.5737059,878.451547,242.4907497,267.0039377,3.744727382,1.061548339,0.988219057,0.165962772,0.157123816
1417,1,1,31,8,,,1.189411089,1.186925944,2.611114677,330.5806972,0.24243835,-18.69008557,4.910506652,-0.055137373,1.11211733,0.984077614,0.233012603,0.051238072,916.7197838,770.1053108,152.4216189,314.7709666,2.55630484,0.967766827,1.063049809,0.214760086,0.111382217
1418,1,2,31,9,,,1.218050682,1.228092617,2.478177863,150.8365271,0.429988276,-19.16873881,2.361190599,-0.906869446,1.116144405,1.019166356,0.1849388,0.039097911,1017.75457,987.6407209,273.6085689,252.454741,2.334542234,1.075149484,1.032741901,0.176793631,0.143463817
1419,1,1,31,10,,,1.21636988,1.176426497,2.451290651,239.5148149,-0.377264106,-17.48463283,2.521262165,-0.580338473,1.04286568,0.943957124,0.219316172,0.085251728,1034.488879,769.856603,231.2800854,292.8803449,3.602702552,0.995725283,1.037181296,0.209636875,0.137905908
1420,1,2,31,11,,,1.207108969,1.20720932,2.566617781,469.5764372,0.059987314,-26.99288736,0.277393119,0.257036158,1.092709598,1.056552548,0.169628176,0.102935249,777.1303101,739.1413741,240.856826,158.4204822,3.398326347,1.008972924,0.995585273,0.196210495,0.143371767
1421,1,1,31,12,,,1.182017112,1.209496364,2.606675819,282.0451981,-0.018442919,-0.745392685,3.768621603,-0.44022153,1.008544374,1.079377841,0.179286166,0.118498547,893.7671135,784.1699331,190.1990889,136.6012167,4.07931466,1.039302433,0.973637747,0.236611085,0.11424592
1422,1,2,31,13,,,1.188859274,1.234558436,2.528633375,359.7727806,0.367497315,-11.79191687,-0.72233788,-0.084268541,1.130826461,1.107761312,0.179972695,0.124241763,904.1313321,881.7486241,202.4451459,276.9987983,2.588651053,1.023764274,1.047125864,0.22292265,0.13149784
1423,1,1,31,14,,,1.214474074,1.183738788,2.51697048,340.9271,-0.129154768,-25.26945301,2.929348294,-0.240073059,1.008983997,1.048765243,0.283133972,0.107800117,1064.019849,910.2865721,113.9680921,336.8781926,3.687872298,1.041545638,0.951718234,0.298486502,0.168437213
1424,1,2,31,15,,,1.236066302,1.197369653,2.644968759,343.3655785,-0.233239063,-18.14750781,3.478457393,-0.503637091,1.010448822,0.999774413,0.213924059,0.151863593,984.3112345,820.2151913,178.2401478,212.1655462,3.228390837,1.025794327,1.018676214,0.200172783,0.073875179
1425,1,1,31,16,,,1.202189435,1.204754228,2.533472385,527.0689689,-0.633800535,-17.62145627,-0.931142434,-0.427163177,1.102810035,1.08972957,0.279646628,0.137285555,1034.958096,1072.625108,317.6654484,191.5455197,3.069144354,1.096132943,0.998380723,0.211846194,0.131778933
1426,1,2,31,17,,,1.200479908,1.19032912,2.493007431,312.0105678,0.812191079,-20.74167707,2.858487463,-1.577156423,1.153371468,1.11624753,0.169884962,0.081640159,965.2104003,844.4201309,236.0587758,255.7976622,3.255744362,1.149003077,0.959778232,0.211480264,0.147465777
1427,9,1,31,18,Fails: T3.0,,1.191066437,1.216110685,2.54138695,91.34185769,-2.264950237,-12.96150693,5.425593666,-0.19290763,0.991912532,0.956033604,0.214246749,0.10736246,844.0978839,955.6770182,77.19051445,162.4491702,1.995940928,1.073962277,1.000201674,0.131897035,0.123378629
1428,1,2,31,19,,,1.20207852,1.259669639,2.437557632,134.6893712,0.669631073,-3.990324363,3.531468681,-0.029411893,1.08215828,1.064244149,0.166391638,0.037963106,958.0705472,955.947352,184.2041703,383.0126532,3.210798043,1.059502397,1.025227081,0.110241785,0.155980746
1429,1,1,31,20,,,1.205547625,1.224266815,2.440678716,289.4166422,0.078498675,-14.24520303,1.85079831,0.241836166,1.091833704,0.968953792,0.189537833,0.142639929,1010.7239,871.7359,116.072605,260.6581243,4.552127313,1.106725023,0.907100896,0.318845005,0.099543517
1430,9,2,31,21,Fails: T4.3,,1.200588245,1.204792624,2.561992549,326.5508103,-0.894142444,-29.15610183,1.469752925,-1.146212422,1.100604335,0.963436829,0.170590179,-0.000851429,914.9345772,968.0174538,94.73133869,228.8131131,4.788790136,1.071340638,0.852281321,0.306040091,0.054455506
1431,1,1,31,22,,,1.20975605,1.229357959,2.571666078,300.887303,0.682028204,-29.69575471,2.948454604,-0.042053919,1.135051994,0.947346443,0.19853052,0.132043651,919.145651,789.0149549,295.935006,292.461874,4.005048801,1.05999907,1.047500469,0.230857558,0.13035087
1432,1,2,31,23,,,1.223542196,1.172546058,2.435382518,350.3813397,0.121818773,-12.0933009,-2.494451998,-0.46776924,1.089629267,1.083955761,0.146794562,0.077858639,862.9162941,927.8111584,293.3812694,263.2812146,4.53117788,1.11671383,1.059220882,0.214519382,0.089535477
1433,1,1,31,24,,,1.187024154,1.229743685,2.489907288,126.9600083,0.07468519,-34.13045182,-2.531950479,-0.470460748,1.061235457,1.022742348,0.193456861,0.119212565,1063.962365,906.3617428,269.749837,398.0118289,3.315178125,0.976238896,0.964260751,0.281717711,0.116783437
1434,9,2,31,25,Fails: T6.0,,1.1922074,1.246007866,2.670691789,262.3562497,-0.685852314,-22.04600742,3.326675773,-1.311326222,1.003606521,1.078474365,0.271356908,0.085156153,1007.649928,869.3425394,55.23952102,289.6032005,0.484276869,1.045254308,1.01472889,0.159459596,0.18066349
1435,1,1,31,26,,,1.215060343,1.209479875,2.563100829,260.1274927,-0.661811498,-24.03136358,2.348516978,-1.447312224,1.068908924,1.073853288,0.150808217,0.171113775,969.0531441,978.6139964,324.0713804,146.8993314,2.775594533,1.167037372,0.990373016,0.193733101,0.112626259
1436,9,2,31,27,Fails: T4.3,,1.210904305,1.2126323,2.57339465,420.0861513,-0.299844894,-7.394302176,-0.159313754,-0.601881876,1.129589917,1.031985125,0.155938557,-0.00210254,1022.987678,774.4494289,228.7493683,202.4541336,6.368697807,1.030487788,0.987541919,0.259452185,0.106750521
1437,1,1,31,28,,,1.183814482,1.208658655,2.580311,266.2330142,-0.173903008,-17.73083286,1.661296894,-0.49749722,1.103782265,1.081576878,0.139621473,0.121256147,859.507259,883.763491,293.3665897,204.6680531,3.882506639,1.145625812,1.013886011,0.197262407,0.137218526
1438,1,2,31,29,,,1.215630276,1.215069888,2.573702729,348.7838504,0.132983707,-16.3552935,5.438380343,-1.11994807,1.068284518,1.081435228,0.224573788,0.06579471,960.2123731,958.5383375,139.0143267,242.398003,4.305064151,1.042172352,0.99328835,0.260672392,0.135399418
1439,1,1,31,30,,,1.20384249,1.216250131,2.588553961,156.0338623,0.097697238,-23.22312732,2.116267661,-0.270799418,1.042817941,1.023666656,0.185336461,0.152427405,941.2894256,840.4834475,167.4233319,285.1998846,3.334054973,1.051016784,1.044891715,0.200430918,0.214556605
1440,1,2,31,31,,,1.202823578,1.217071569,2.681775666,274.9652909,-0.845182567,-15.96924617,1.613481944,-1.347244931,0.960010995,0.973188468,0.189181061,0.149186399,783.1170433,941.2945032,194.9616424,211.6421092,4.59831278,1.087929681,0.983846779,0.229738902,0.066331867
1441,1,1,31,32,,,1.187497911,1.192018885,2.610607759,185.3418677,-0.542657733,2.466611413,0.737100337,0.791642031,1.052565539,0.937872525,0.285411491,0.125836856,930.2324361,945.7516064,241.2697468,281.0897572,4.663999089,1.064477596,0.981033729,0.084782769,0.109708789
1442,1,2,31,33,,,1.192967262,1.210352682,2.58952427,348.4499562,0.783369189,-28.61663893,6.622541828,-0.816981852,1.032530115,1.016941029,0.107889073,0.164908054,876.1993855,944.423881,175.0024922,202.4180687,3.083000862,1.092316968,0.986256974,0.217932726,0.104999853
1443,1,1,31,34,,,1.19572624,1.204615521,2.560659115,302.3097984,-0.85854906,-7.627077562,5.692082166,0.120942334,1.005479397,1.021294679,0.218858434,0.166542029,854.3276249,866.5786754,168.0693709,293.6213552,3.812711686,1.030644395,1.012302952,0.267375578,0.168726502
1444,1,2,31,35,,,1.202016208,1.215101245,2.587819749,599.5264962,0.001268338,-40.72115768,4.724998011,-0.603072068,1.045130113,1.177554811,0.207280289,0.076136618,962.692577,906.3461376,170.0375131,210.4227382,2.541660785,1.06378926,1.044915062,0.225332263,0.0986072
1445,1,1,31,36,,,1.215689707,1.254105143,2.483159319,276.3345544,1.145529244,-34.11199008,1.607683515,-0.143303189,1.054424718,1.08986668,0.206569201,0.07574217,858.6168018,909.2640982,203.0011656,225.0985882,4.625805456,1.057410883,0.926241556,0.201085001,0.178500789
1446,1,2,31,37,,,1.216103748,1.188007529,2.561035422,363.7060937,0.536316737,-9.245879693,7.456960816,0.06986707,1.074142573,1.029320515,0.251523974,0.078172234,1058.171804,1020.509826,101.4350929,267.3879754,2.876678297,1.066353017,0.923948972,0.20014242,0.19432097
1447,1,1,31,38,,,1.195896044,1.229926577,2.440938611,86.54801093,-0.25599363,-19.90269347,4.114817685,-0.532546792,1.010672281,1.045779457,0.202817641,0.115269534,892.5298485,915.0433144,165.085979,231.8864283,4.730004592,1.058660044,0.94942221,0.203834096,0.159760599
1448,1,2,31,39,,,1.235262058,1.221367909,2.566860904,217.8279038,0.217369477,-32.64026593,6.639061185,-0.450610973,1.106586724,0.946479238,0.261168769,0.067026511,859.0665473,980.813015,145.1207207,209.8170308,4.291888213,1.068227227,0.872795893,0.214165179,0.167710505
1449,1,1,31,40,,,1.14384282,1.20810614,2.51394282,386.2464475,-0.626915141,-19.06477496,0.898232467,-0.908547459,1.056150473,0.993755058,0.213451773,0.1167099,912.8953263,990.9371858,259.9616747,309.129988,3.412833018,1.065781186,0.921835348,0.224952648,0.104787347
1450,1,2,31,41,,,1.203412793,1.191865707,2.611567346,356.2097202,-0.466418615,-19.49197152,-2.713093691,-0.598590705,1.086571982,1.129001706,0.225148062,0.17921372,1039.895771,965.9718945,206.5113147,261.91996,2.501492709,1.049628853,1.036190294,0.182970065,0.057603536
1451,1,1,31,42,,,1.183888302,1.198250777,2.400808557,332.2418719,0.168403419,-10.97920089,3.417277613,-1.049663955,1.013469532,1.053677129,0.158973148,0.095988363,1063.001044,874.4765433,204.0076755,354.4409695,3.336129563,1.052292715,1.063151821,0.23007057,0.038084997
1452,1,2,31,43,,,1.212323352,1.201718426,2.584131601,387.2551106,-0.759197871,-22.48686382,5.351168078,0.023765044,1.121145225,1.083488375,0.268054519,0.137914086,1019.996552,965.2349943,294.6136907,266.3811892,5.667114364,1.048366687,0.977435685,0.238505072,0.132740184
1453,1,1,31,44,,,1.151231069,1.219086571,2.413920809,387.5489494,0.091423403,-19.39894745,0.686671052,0.48471601,1.079739137,1.015922407,0.190653024,0.093942594,977.5989113,835.0004187,86.26620254,263.2983643,3.506333311,1.062737282,1.001894398,0.207678678,0.152931248
1454,1,2,31,45,,,1.177962136,1.193380818,2.442047534,188.4554038,0.946829293,-22.24082415,0.958446296,-0.783914485,1.082667742,1.032410072,0.135184038,0.156853321,1011.751926,877.937841,251.378585,224.5067252,4.730325173,1.057512923,0.943750244,0.136354339,0.105156273
1455,9,1,31,46,Fails: T4.2,,1.180436717,1.228793845,2.564513966,332.0122476,-0.512053723,-1.380908936,2.796609668,0.820375064,1.115999452,0.986468475,-0.011818586,0.052287674,959.02588,1031.395331,151.3365182,241.4291442,2.824575484,1.01177903,0.989996029,0.196780358,0.11571254
1456,1,2,31,47,,,1.189220741,1.226049805,2.626931283,429.0059205,1.533042343,-10.16331778,2.681223043,-1.472504844,1.13652141,0.995663707,0.157900322,0.114591262,959.5230247,969.0712162,100.6919213,314.1006234,4.101705355,1.111242222,1.082697879,0.097961577,0.136193297
1457,1,1,31,48,,,1.180368979,1.196498997,2.632124105,245.3986069,1.09551089,-22.58902918,-1.366111498,-0.071225017,1.019536863,1.021990103,0.226777715,0.044381034,772.2884695,921.3200795,319.5566962,197.704199,4.349772546,1.047667338,1.03322024,0.300509984,0.112811856
1458,1,2,31,49,,,1.174748766,1.219822659,2.540369215,127.5364856,-0.539272477,-16.75226608,-0.442872153,-1.724545914,1.038259923,1.054526151,0.2316682,0.119213725,885.5570692,856.7230787,103.0143931,105.6270579,2.519272257,1.135190793,0.901139464,0.201185948,0.165375146
1459,1,1,31,50,,,1.175776896,1.21701342,2.575739575,254.3785335,0.027848245,-37.92943199,-0.328910374,-0.558600854,1.085814166,0.981644758,0.239676914,0.055846489,942.9731439,936.8537131,137.8715904,323.1992483,2.708192219,1.100453354,1.010751774,0.181512194,0.049489368
1460,1,2,31,51,,,1.192307545,1.189358791,2.590061109,356.863491,1.127505544,-1.662623185,-0.699835725,-0.670422583,1.111312462,1.0832103,0.291080179,0.094376431,972.251127,904.3876578,276.8206348,196.5518224,2.56320273,1.069080703,1.019547963,0.245322287,0.193648833
1461,1,1,31,52,,,1.224771703,1.200227617,2.607088369,208.3041364,-0.295122081,-13.23168067,1.927408634,0.032509128,1.053633312,1.083841107,0.272275198,0.182142654,1034.697204,913.0841363,275.9801399,320.0105478,2.208785018,0.999129174,1.051727141,0.068056245,0.110510936
1462,1,2,31,53,,,1.19102496,1.192730728,2.632320014,263.6260195,0.908819229,-29.4077856,2.535481248,0.677589215,1.050935016,1.033578496,0.14226458,0.111202766,910.9449288,1004.618519,324.3414823,81.20507443,2.148685354,1.054946492,0.940395253,0.058005621,0.168425627
1463,1,1,31,54,,,1.156278431,1.207323482,2.530261455,406.9160946,-1.425168809,-26.01051803,-0.348033204,-1.648319157,1.025542535,1.007115065,0.224941448,0.205545555,1039.010535,966.4109619,257.9209205,255.4342684,6.158948167,1.041993428,0.998104539,0.181959325,0.136477904
1464,9,2,31,55,Fails: T4.1,,1.208526811,1.251282556,2.576485467,428.6212473,-0.8979421,-15.98583063,-3.749062575,-0.550750224,1.080967276,0.793679402,0.07589722,0.119136621,803.9199976,955.1878501,271.3260156,198.8570138,2.914971716,1.061427427,0.980507346,0.207987351,0.15656692
1465,1,1,31,56,,,1.206800211,1.208470188,2.720952159,231.6649483,-0.288310431,-27.14372775,1.075807828,-0.934398841,1.041345457,1.059576161,0.206673643,0.151114143,1090.463852,892.6621147,399.75231,200.49219,3.443531036,1.056728528,1.05971127,0.234122892,0.098842067
1466,9,2,31,57,Fails: T3.1,,1.174776242,1.240075381,2.588774359,383.6765787,-0.023131745,-53.72687229,-0.532792998,-0.691014326,1.089070543,1.057288293,0.162538711,0.152237325,944.6263383,780.8089337,258.5068884,186.2683261,3.871458211,1.083157318,1.056370415,0.281038089,0.242866856
1467,1,1,31,58,,,1.165099579,1.209064225,2.539221914,223.0940039,0.833395459,-1.325766555,1.973713593,0.842912406,1.065665302,1.080015898,0.169225835,0.147832976,932.3119036,822.1222908,28.4389859,280.5328883,5.121908775,1.044182506,0.946297803,0.134644417,0.116035735
1468,1,2,31,59,,,1.163750731,1.205009972,2.563594325,381.213006,-0.537110468,-19.16131587,-1.95439596,-1.921606021,1.0310637,1.086795289,0.204544671,0.14241506,1054.948085,698.7852174,151.3602531,203.7330954,2.791087837,1.089124185,0.961052946,0.178027443,0.136478389
1469,9,1,31,60,Fails: T4.3,,1.183079473,1.213296316,2.601304067,222.8823256,0.016493927,-16.85460161,4.90647311,0.20228939,1.017537306,1.031468212,0.253600565,0.283642889,1036.634657,820.6191444,131.5654111,243.5410953,3.960898129,1.160295829,1.002161169,0.193546717,0.105319819
1470,1,2,31,61,,,1.206391226,1.210082473,2.61313276,412.2209681,0.004977894,-12.17861418,3.191004206,0.041887682,1.112042585,1.080662042,0.105609582,0.117516172,914.1857433,836.6583814,219.9647563,60.777568,2.680292089,1.068607155,1.065979056,0.274181195,0.051985409
1471,1,1,31,62,,,1.153853755,1.16513563,2.635880999,219.3955109,-0.992651188,-31.17925202,-2.714446753,-0.609539478,1.100111191,0.965926731,0.14735952,0.157618687,1053.435499,852.044005,308.5913421,51.87086601,3.225587023,1.085969226,0.964711215,0.160089546,0.132327837
1472,1,2,31,63,,,1.212899739,1.22418847,2.607269417,280.720748,0.840193343,-12.01594082,1.705510477,0.443527372,0.992706513,1.050983323,0.205194926,0.182944131,946.106829,970.0149073,250.5429605,208.4326732,2.988448355,1.137879268,1.010755442,0.113924921,0.114157398
1473,1,1,31,64,,,1.21143357,1.205439556,2.566953516,458.7716142,-0.446703283,-12.54871684,-3.119411461,0.800123233,1.101348971,1.046433396,0.096995696,0.189974998,881.7881715,953.957334,201.2244251,233.8649554,4.806190854,1.087570246,1.008151028,0.128288585,0.099061953
1474,1,2,31,65,,,1.192370822,1.223301932,2.652386465,241.3548235,-0.43113416,-12.31990972,1.2183568,1.177386948,1.090834812,1.003263647,0.242956696,0.125302227,995.0920067,806.1472,285.0158426,230.0662222,3.100116536,1.113559326,0.978520201,0.275527392,0.159464159
1475,1,1,31,66,,,1.229979342,1.198624567,2.59606587,326.9854796,0.132605685,-7.948384986,2.291521699,0.386619708,1.073434321,1.055820291,0.179021135,0.173799552,889.4855572,894.2293512,64.55027276,273.3825476,3.431199555,1.096924862,0.996655115,0.248362916,0.121732491
1476,1,2,31,67,,,1.209379133,1.222924961,2.562098743,347.3376473,-1.786823787,-27.74450127,3.382937017,1.251195392,0.999552685,1.021557069,0.24003183,0.102926495,877.0672929,935.37698,305.1415873,185.7621698,1.715200624,1.147013323,0.867382822,0.266556625,0.110519042
1477,1,1,32,3,,,1.217141682,1.233341639,2.660660026,228.0721644,-0.540462307,-13.53612047,3.344945746,-0.234057512,1.090167769,1.136838059,0.195530349,0.082310447,1005.54688,1018.118182,72.5469679,247.5250257,3.405628937,1.068926349,0.8836157,0.199403708,0.140015005
1478,1,2,32,4,,,1.189188705,1.227762929,2.538010692,421.1498411,-0.635530243,-22.41289465,0.845680955,-0.591103394,1.033686491,0.987475839,0.195092968,0.066117224,782.85664,911.2309832,212.3030789,285.4988962,3.429101793,1.054799898,1.117817033,0.221393622,0.061110042
1479,1,1,32,5,,,1.183468556,1.175614749,2.498395257,142.9404684,0.073024635,-28.44877901,-2.298872737,-0.489714947,1.012165977,1.073514675,0.231959796,0.139617016,1058.40757,937.8053778,264.3541917,333.6956651,3.945964917,1.059139086,1.102860533,0.15027889,0.153316163
1480,1,2,32,6,,,1.191827886,1.210821784,2.530818876,403.8090658,-0.502761978,-17.26363907,-0.825954188,-0.330118536,1.062233059,0.918005851,0.152044644,0.113270729,853.9405673,903.0042977,215.338716,295.8601452,3.429927576,1.105763418,1.026907628,0.229248188,0.054945101
1481,1,1,32,7,,,1.199302809,1.188393895,2.614256235,257.0473248,-1.198604624,-5.676481047,-0.374978737,-0.000158852,1.065784637,1.043347889,0.143182771,0.128862811,795.1089157,972.657692,182.8781227,133.0031282,4.849496274,1.039192419,1.043586984,0.217359518,0.195206529
1482,1,2,32,8,,,1.201253692,1.22263028,2.637780564,291.1977845,-0.178488614,-19.07132769,3.679106413,0.211237096,1.13293234,1.052443988,0.184673272,0.050670295,937.7552907,937.4793013,84.53407161,271.6540787,4.538151852,1.086005298,0.849293892,0.239172779,0.137225669
1483,9,1,32,9,Fails: T5.1,,1.201698415,1.194032572,2.629135408,332.483018,-0.252778065,-18.34233325,-0.035410344,-1.445465581,1.01468169,0.915535194,0.239429483,0.13071004,1118.424235,671.1718523,185.270502,154.1006097,3.309707829,1.014334515,1.021168705,0.192836151,0.097187914
1484,1,2,32,10,,,1.162486764,1.211665456,2.691957382,229.3775015,-1.198042002,-22.13470496,2.830958976,-0.097983618,1.107715697,0.942816441,0.123710046,0.085894299,1005.303741,843.2416343,186.8897758,342.605035,1.832887568,1.101580357,0.950373141,0.186591515,0.084061626
1485,1,1,32,11,,,1.21941159,1.230834576,2.634669693,377.6225981,-0.424562299,-30.8042715,1.723876461,-1.160222665,1.031556083,1.085996842,0.222879393,0.13066856,917.424439,893.8837691,450.9084936,143.6918897,5.127471853,1.045809213,0.922005904,0.23793818,0.104688353
1486,1,2,32,12,,,1.206038157,1.227388444,2.520202539,329.8158518,-1.613576225,-5.319628335,1.621801692,-0.594142975,1.049692526,1.057895225,0.219631527,0.153621353,847.5225386,862.7199775,268.1737256,228.9225619,2.343746333,1.141119682,0.964095962,0.194885719,0.10605165
1487,1,1,32,13,,,1.145194576,1.192045372,2.568530409,428.400852,-0.211211284,-16.91828582,0.085971993,-0.454766808,1.054153436,1.001627599,0.210723847,0.116331941,847.2201436,824.1801497,237.4866983,254.1421001,2.457887382,1.082608369,1.035589266,0.246951969,0.163101041
1488,1,2,32,14,,,1.212939445,1.227762118,2.549602776,419.2186792,1.267339959,-39.45921166,3.621517317,-0.903957026,1.066818718,0.969789995,0.172335103,0.096260275,1055.949334,898.7000921,149.0983461,246.7243561,3.06001108,1.022011994,0.869516118,0.238498494,0.168943268
1489,1,1,32,15,,,1.210305198,1.217836839,2.553452612,291.0187575,-0.026425344,-10.73791458,3.366326307,0.449276707,1.087677482,1.034322654,0.110992717,0.134930846,1028.650808,874.4743338,261.390111,270.6709678,2.678165458,1.094882559,0.999529829,0.198015194,0.162005161
1490,1,2,32,16,,,1.205139359,1.204218034,2.530432231,327.9750433,0.240496069,-11.82340266,-0.112390026,-0.683976337,0.998135915,0.988927039,0.229799671,0.160275993,973.3700933,753.7497564,55.39005334,240.8031661,1.434697779,1.111600095,1.054113461,0.162950407,0.123631304
1491,1,1,32,17,,,1.202863712,1.200373843,2.523487475,340.5266001,-0.544176338,-33.15372515,1.410805961,-1.605545003,1.064836213,1.001044246,0.344869907,0.055198056,949.0191915,994.1908954,213.9297885,257.5487886,3.430960718,1.087633771,1.141407227,0.228117649,0.1739655
1492,1,2,32,18,,,1.196046154,1.230525113,2.463992751,260.3101705,-0.978574103,-21.27760049,-2.075922372,0.190339428,1.092650969,1.028435082,0.199894642,0.077539628,840.9407025,886.8785877,311.6089513,282.3465851,3.874903079,1.051401149,0.99109752,0.115454033,0.066690124
1493,1,1,32,19,,,1.17592757,1.214531173,2.498351034,262.7503961,-0.274587552,-15.02987454,6.903199159,-0.981670521,1.077422576,0.975397089,0.110969661,0.136269076,1073.243988,892.7308035,237.7012714,178.3484626,3.297169924,1.074608075,1.053862106,0.246598236,0.171202355
1494,1,2,32,20,,,1.160489446,1.22233588,2.573888279,369.6938465,-0.060187272,-24.53631275,-1.029994261,0.270039883,1.015187016,1.02306141,0.25915766,0.107228491,954.0511981,932.0305495,158.8912149,224.3110141,4.133106653,1.126306811,1.031346738,0.099397889,0.062277767
1495,1,1,32,21,,,1.186218922,1.200276762,2.490021464,305.1232783,-0.741448549,-11.06205152,-2.189944042,-0.091888093,1.093891223,1.038762869,0.241705196,0.163755075,852.5329235,1027.841706,230.1165953,263.0135263,2.748626803,1.060733114,0.906804517,0.205725483,0.1508063
1496,1,2,32,22,,,1.219463303,1.226998132,2.50158338,208.8242715,-1.019027401,-7.381440485,1.510709983,-0.520350696,1.180359056,1.07982504,0.297801769,0.146709865,795.4422244,713.6207316,248.9765125,162.6907958,4.694190183,1.048183011,0.934784502,0.093549749,0.102189871
1497,1,1,32,23,,,1.20629009,1.169622402,2.692025101,250.7504231,-1.502718585,-20.58980576,-3.398580873,-0.028353147,1.108075474,0.954040934,0.260154935,0.123129883,943.7462369,913.1225842,273.2006027,408.1964022,3.684576651,1.060110531,1.01712434,0.199960746,0.120334028
1498,1,2,32,24,,,1.194999178,1.209674857,2.54887084,236.6858419,-1.180757719,-37.00860607,-2.265199226,0.696976554,0.989400569,1.085696695,0.238667898,0.125277553,976.3820849,849.3783244,303.7743598,158.1249673,5.200046767,1.040682435,1.102921257,0.271780044,0.17202673
1499,1,1,32,25,,,1.180342889,1.197408849,2.54819031,346.3981662,-1.082583157,-15.36035998,2.235153089,-0.603088943,1.125838841,1.002724494,0.17683223,0.136242675,1041.848283,908.7192751,358.0214837,239.7456194,3.278316251,1.090340107,1.006722869,0.325703783,0.092541022
1500,1,2,32,26,,,1.185011593,1.204902184,2.601476115,293.8965536,-1.077794991,-27.40147259,1.482010708,-1.600195232,1.042986172,1.02520059,0.161244175,0.031039393,1003.894263,808.0416317,167.9867451,141.8860705,2.809971165,1.054735413,1.082137358,0.146064154,0.144612605
1501,1,1,32,27,,,1.220549562,1.18526197,2.43221656,223.0777461,0.066992574,-40.74452809,4.122538151,-0.377100348,1.061337136,0.990897974,0.140246546,0.13207239,967.9829228,803.5207866,168.6582608,104.4070826,4.381471292,1.166142491,1.055782876,0.245807814,0.128862946
1502,1,2,32,28,,,1.16139852,1.259707363,2.511058474,368.6420114,0.012611283,-28.9395866,4.524104463,-0.043496381,1.079070384,1.050159651,0.16777072,0.135652367,976.9166004,932.9534837,186.8280515,304.8416151,4.675991798,1.100136654,1.005918085,0.264820506,0.129114202
1503,1,1,32,29,,,1.209402365,1.21684765,2.519242581,172.2406447,0.005246355,-20.56627529,0.549518833,-1.511795952,1.096499147,0.927634809,0.170070338,0.143326954,962.468381,862.2142606,232.387471,229.2836496,5.16716744,1.114093081,1.110541204,0.251350999,0.032586701
1504,1,2,32,30,,,1.198796108,1.198820375,2.51118488,415.2189016,-0.40392108,-18.23022107,-2.289887768,-0.48421782,1.152300389,1.008101945,0.206711181,0.137858502,868.2342905,874.8664393,249.2654239,340.5683951,2.572940199,1.049369638,0.945814567,0.143815714,0.134413723
1505,1,1,32,31,,,1.187310081,1.203669161,2.527901769,135.7392752,-0.028461077,-20.67437471,1.678367961,-0.503787515,1.061570087,1.026877504,0.17012503,0.079335979,1015.990878,766.312208,123.1713048,112.4706497,4.047154065,1.086950536,0.969571756,0.141586316,0.165299981
1506,1,2,32,32,,,1.188982086,1.226010604,2.518806078,334.6597955,-0.754948138,-15.53371488,1.44319901,-0.900064941,1.088159974,0.953637175,0.156147258,0.112592595,909.3110788,890.162426,258.9395549,266.9844615,4.390242587,1.057113595,0.949642421,0.255070614,0.148433202
1507,1,1,32,33,,,1.209546029,1.234875353,2.526890516,386.5071041,-0.755830025,-20.25305989,3.688736107,-1.35875603,0.98174405,0.974181283,0.230684548,0.098818664,1047.693864,861.0720296,112.3674363,261.9935788,4.422119748,1.124310137,0.96075361,0.213061663,0.175646515
1508,1,2,32,34,,,1.181616119,1.243454616,2.593805751,379.2341877,0.065910033,-12.368344,5.478862171,-0.863131104,1.120574037,0.993997795,0.237618116,0.118475937,1074.555637,818.3623921,311.2529656,193.7073931,4.336018263,1.11995003,0.912661203,0.287727448,0.059320965
1509,1,1,32,35,,,1.193637827,1.227916406,2.618960563,305.8587081,-0.24615233,-18.77924437,4.953065476,-0.479774571,1.05704914,0.956239248,0.216053687,0.080140956,891.7546454,1022.638225,101.4574868,261.6207077,3.321693364,1.065263406,1.06428246,0.185843313,0.214076851
1510,1,2,32,36,,,1.142503523,1.182620372,2.529490929,443.9851218,0.371412914,-25.07422798,-1.956719881,-0.111639133,1.071484677,1.049415344,0.209372961,0.106762844,999.2616543,838.6963835,164.705252,337.1269633,2.978218236,1.026969635,1.114066821,0.151652594,0.157637496
1511,1,1,32,37,,,1.183378105,1.217189516,2.587090899,53.37027463,0.778847864,-18.07870248,2.145783139,-1.318821233,1.093130585,0.963173298,0.200574537,0.126179289,898.2343026,851.2424795,221.5268716,225.9548195,3.354089435,1.062881214,0.999740954,0.182733649,0.181771426
1512,1,2,32,38,,,1.242752995,1.168228183,2.445361765,184.2244745,-0.593212566,-9.533328719,-0.611550911,-0.190223584,1.092180822,1.007457745,0.14207566,0.129588442,1076.699271,684.8977043,236.7220327,244.653582,4.142295783,1.094485085,0.897380167,0.13802067,0.09945128
1513,1,1,32,39,,,1.173816333,1.200546416,2.655811447,179.1333861,-0.544009703,-11.78934391,-2.649034793,-0.084472396,1.025141524,1.014442365,0.32940733,0.131015826,954.9014783,870.5092022,168.7111337,402.6486633,4.887531652,1.078633098,1.060477006,0.14693429,0.114479851
1514,1,2,32,40,,,1.238606918,1.18812888,2.466133823,454.7381834,-0.753479397,-16.15203611,0.685747062,1.665592177,1.059320235,1.039185524,0.281786811,0.171892223,1090.767053,803.2991941,137.4951557,157.4219003,2.714871258,1.084439632,1.004267164,0.270433595,0.127383238
1515,1,1,32,41,,,1.203572256,1.203741044,2.558624587,289.0297661,0.53416841,-41.48635708,2.670020128,-0.73656487,1.083236514,1.041290559,0.261094463,0.096383781,840.2567752,912.1625462,171.9279764,181.5219263,4.471562591,1.033211718,1.057257886,0.135175626,0.157147334
1516,1,2,32,42,,,1.191839026,1.191469111,2.474425671,207.7386919,0.018535293,3.680971321,-2.641501635,0.008200004,1.092918124,0.947712745,0.169203783,0.110010003,861.9864631,851.8298264,193.1116815,285.327379,3.893951056,1.046796552,0.977797968,0.200834187,0.217828628
1517,1,1,32,43,,,1.245147716,1.19817433,2.618226062,260.7757146,-0.384748522,-21.46893083,2.957538223,-0.497546268,1.019857188,1.049877663,0.15418589,0.138543217,895.0173151,778.2791316,263.6459707,349.1203727,2.522711184,1.032917891,1.037770978,0.094552422,0.111217553
1518,1,2,32,44,,,1.212382939,1.187379207,2.629509677,250.4059825,-1.051752357,-18.74369752,6.622992759,-0.747848468,1.071628548,0.966698456,0.214263114,0.146805859,973.077889,848.8224995,230.5948792,264.5610789,3.905804569,1.064626092,1.033066546,0.21950879,0.119748787
1519,9,1,32,45,Fails: T3.3,,1.20239443,1.217404641,2.508632803,353.6111122,-0.51280965,-29.60482675,-1.241917965,-2.291842355,1.063389706,1.007785703,0.164398489,0.164524012,882.0014095,844.2089785,331.3930864,243.9025286,3.074110909,1.061546035,0.995038863,0.241164948,0.164014227
1520,1,2,32,46,,,1.145967656,1.214563579,2.504190634,476.001683,-1.064623443,-22.54448344,1.307557298,-0.780723796,1.092009485,1.080414863,0.261029717,0.092129356,947.6197735,776.2619381,161.1073876,403.0273473,2.957051645,1.080747862,0.941115221,0.104465513,0.21281867
1521,9,1,32,47,Fails: T5.0,,1.184190976,1.221252295,2.568121771,310.0805689,-0.313413288,-26.66569588,-0.203265055,-0.755690897,1.098014619,0.988438537,0.174265298,0.098408896,1211.484391,845.5070379,99.25829662,430.7105052,1.601218369,1.10448334,1.105235478,0.219961039,0.154444442
1522,1,2,32,48,,,1.192448428,1.208824542,2.530462465,273.4794105,-1.500922827,-2.592841285,-1.296713193,0.517256239,1.051013865,0.946892183,0.257421254,0.126682462,1024.878561,864.9685112,138.945244,117.7326388,5.533263061,1.032418364,1.060063304,0.204304467,0.099798366
1523,1,1,32,49,,,1.236877511,1.222143305,2.547602756,267.1989754,-0.921397318,-12.0002927,3.386387491,0.560218196,1.114691746,1.087953537,0.081049721,0.08607685,1056.055403,928.7383733,112.8863194,250.2448155,3.923834131,1.073901171,1.029354194,0.268856202,0.110634967
1524,1,2,32,50,,,1.215832724,1.19088455,2.587219291,302.1553545,-1.167910413,-22.88501001,0.625581067,-0.614704988,1.041376682,0.970906578,0.193889075,0.079650234,897.0008053,1017.166328,447.8473062,220.190818,3.756683732,1.069774573,1.014200143,0.257941015,0.149305531
1525,1,1,32,51,,,1.192904004,1.237058237,2.579976376,199.9920371,0.071927009,-18.97925594,2.24278361,-0.085047127,1.087593427,0.965310569,0.191117095,0.13374835,942.4168373,828.0688021,222.8958989,223.8508558,1.558667462,1.09342448,1.134722606,0.128112331,0.120861767
1526,1,2,32,52,,,1.213514069,1.182420097,2.577333381,310.1862935,-1.087772551,-22.11173304,1.192227957,-0.268602187,1.08938129,1.047261213,0.217131923,0.111942485,888.6947057,922.4599779,113.0778724,175.9309525,3.617680374,1.049582732,1.000231561,0.194863754,0.188990752
1527,1,1,32,53,,,1.206708732,1.180823918,2.514378422,413.6883754,-0.090639511,-1.741129641,-0.364531274,0.408427924,1.052572939,1.045269152,0.244742714,0.057358796,908.9367221,1021.993959,266.0853791,417.5614863,5.567992166,1.138425314,0.903265804,0.159818548,0.146160766
1528,1,2,32,54,,,1.180622572,1.198125405,2.603863071,252.8315697,-1.318554768,-9.847619734,3.241923909,-0.320719681,1.129026521,1.00786373,0.286672739,0.116904496,1003.447332,961.7053205,163.3439498,473.2992271,4.039443,1.122280895,1.079097788,0.147253695,0.158438689
1529,1,1,32,55,,,1.193228365,1.183042085,2.637659186,355.8889229,-0.485530827,-16.40323214,2.752951814,-1.197366056,1.072830233,1.021348212,0.198122184,0.129040471,836.7602404,992.4488015,216.6769341,293.2682218,1.557679585,1.023558323,1.009467607,0.173811095,0.188573434
1530,1,2,32,56,,,1.185272432,1.197645744,2.55872912,239.9733474,-0.127799434,-19.84384263,0.656871965,0.147530717,1.108802582,0.953878062,0.093858081,0.153349021,949.2389531,892.6609667,222.6311083,210.904797,2.230268407,1.0825487,0.985739458,0.100248936,0.167810707
1531,1,1,32,57,,,1.185986002,1.213898392,2.588687913,482.7225136,0.241653994,-14.63976628,5.35647016,-1.104476,1.038156756,1.0170587,0.132442777,0.0772014,966.0428529,843.1769408,202.5201263,67.8767734,1.856641266,1.106047424,1.017924724,0.287671006,0.077480892
1532,1,2,32,58,,,1.211389093,1.199103477,2.577314312,265.5874543,0.371046752,-11.89586784,-0.574441672,-0.274139794,1.085310454,1.149323014,0.165644119,0.100680796,1030.855762,1113.760334,216.6665788,77.71247146,3.886889074,1.194950444,0.984452655,0.178055112,0.076424539
1533,1,1,32,59,,,1.162592668,1.250684215,2.659009225,184.6609007,-0.027559325,-29.0795916,-4.22919893,-0.538508306,1.0391503,1.033293364,0.115515015,0.147165807,856.1397065,989.1209603,270.1856273,95.29723309,1.923597323,1.077686723,1.003480531,0.122959327,0.154892962
1534,1,2,32,60,,,1.205707904,1.223905523,2.604861343,215.5193793,-0.453602552,-33.71269926,1.673956817,-0.424525296,1.021361204,1.134853032,0.166871673,0.107078256,961.5720742,776.6334089,87.1464407,254.0718196,2.521648776,1.037842659,1.065213973,0.212966422,0.113000885
1535,1,1,32,61,,,1.172141548,1.193524688,2.48919911,223.5094102,-0.165445311,-32.07783238,2.399309102,-0.071988201,1.100674158,0.999047758,0.174023958,0.154560248,849.2416559,879.4357178,186.2506132,250.7216535,4.235615294,1.057597842,1.009267189,0.241564169,0.178773655
1536,1,2,32,62,,,1.187755955,1.204731065,2.652026181,289.0926117,0.002504538,-25.94235949,3.734375877,-0.360999086,1.076362265,1.107462076,0.098161705,0.039448486,822.7629457,848.3064824,242.7430526,258.4810721,3.975535701,1.055653614,1.13726665,0.220414456,0.197804924
1537,1,1,32,63,,,1.171618563,1.19095736,2.584575493,423.8245095,-0.641891334,-21.51973861,4.403645622,-1.1218871,1.054104524,1.061250444,0.179726572,0.090487781,822.1075259,956.689689,40.6599692,263.4172668,4.97686307,1.112671138,1.012324376,0.230122074,0.179834298
1538,9,2,32,64,Fails: T5.3,,1.182247237,1.226279058,2.646234296,409.8152061,-0.251028663,-19.53590858,1.082611771,-0.470540276,1.109877097,1.091998801,0.230298818,0.097615499,943.4654061,873.5614989,219.2487267,-7.04988959,3.539015492,1.032043005,0.960759771,0.189199771,0.138556592
1539,1,1,32,65,,,1.161379082,1.187422671,2.477661198,363.2262143,0.115757531,-23.35907757,-0.018157873,0.116518739,1.101527151,0.970073834,0.192711652,0.151816318,1050.319284,796.1484735,327.1754648,247.4824892,5.002372176,1.089144297,0.999574643,0.152850237,0.116784792
1540,1,2,32,66,,,1.182758791,1.238648069,2.579382896,316.6896213,-0.301941211,-22.40355237,1.977742058,-0.593725197,1.058430229,1.030778444,0.255901354,0.046548503,893.5257207,778.4608168,39.74667233,275.086753,3.720183562,1.095332127,1.053792708,0.197382485,0.15937644
1541,1,1,32,67,,,1.214067091,1.196246896,2.679571836,334.640705,0.216808934,-13.65840883,4.635017069,-0.962179046,1.067126062,1.144058179,0.15495802,0.117090666,954.108608,1011.083005,200.0422842,378.9606754,3.275693842,1.111076135,0.925103101,0.209181793,0.143438955
1542,1,2,33,3,,,1.183611846,1.211829261,2.549081394,345.7312647,-0.13152443,-19.23799512,-0.809409865,0.527290764,1.056771722,1.077789604,0.206219781,0.121998804,780.2980128,1017.865757,309.2620218,184.6953067,3.952761335,1.102543197,1.073628169,0.316482481,0.16113377
1543,1,1,33,4,,,1.198450151,1.150988795,2.475823654,229.716431,-0.374991731,-8.118380217,1.168147442,-1.014137797,1.046469,1.023488885,0.177802424,0.141416092,1098.487943,889.80524,216.7126409,304.6359589,3.080393607,1.069411724,1.006377275,0.133583577,0.137512918
1544,1,2,33,5,,,1.190117025,1.198953025,2.578349398,173.0760934,-0.528646559,-36.50245383,3.218066838,0.665120885,1.104914871,1.109924855,0.214310993,0.117209409,908.7560236,895.4242915,182.9252203,259.4552881,4.098609598,1.152338794,0.858645946,0.240591807,0.107613078
1545,1,1,33,6,,,1.21046845,1.222435021,2.519223582,101.2105193,0.432958557,-7.821892832,5.317250103,-0.605596138,1.086079984,1.097422846,0.110910994,0.079699657,931.938372,911.9274291,234.4994817,259.8470926,5.988486667,1.089278588,1.010143042,0.186854017,0.099941597
1546,1,2,33,7,,,1.187952004,1.250626864,2.644902085,198.3953,0.608239566,-21.69744441,5.306767097,0.788433732,1.077531471,1.04382564,0.127623505,0.057399265,936.7358267,871.4646703,284.4691371,254.3422179,3.30655302,1.115976843,1.067003039,0.250128279,0.140328349
1547,1,1,33,8,,,1.198374867,1.249941053,2.549265885,450.9840499,-0.683290484,-8.107712609,0.799310838,-1.300646511,1.083370796,0.960265107,0.283081686,0.146910525,935.1397156,902.9981295,195.4801289,252.2502281,2.792395651,1.091848027,1.097067311,0.249561716,0.143885759
1548,1,2,33,9,,,1.193829426,1.189275002,2.578260652,117.6925781,-0.396392685,-4.930004549,-2.303544173,0.240098353,1.045740015,1.073006031,0.102958931,0.146087119,826.3949948,881.8601195,311.7204881,164.9978498,4.898582268,1.111040755,1.054948521,0.268064328,0.178330707
1549,1,1,33,10,,,1.185217774,1.200889924,2.623906309,54.29355952,-0.535491854,-32.68084634,-2.189525636,0.278697905,1.076729646,1.044218931,0.19279469,0.113781969,1104.481815,709.9438692,220.5939941,344.9749383,4.114605515,1.09793736,0.92534416,0.18654836,0.115057963
1550,1,2,33,11,,,1.18377376,1.195424508,2.564470073,356.4012918,-0.461367107,-27.31977771,1.040262521,0.57065429,1.002086514,1.101603494,0.226275246,0.103729945,1022.578392,920.1042777,118.1986916,137.4575186,5.074743939,1.061059849,1.027799188,0.162177681,0.158448711
1551,9,1,33,12,Fails: T5.1,,1.211459827,1.208737556,2.547913269,382.6988086,-0.319896396,-30.30426377,4.278799559,-0.027936187,1.080424368,0.979251812,0.227836547,0.080932617,1047.419679,605.8169195,128.2748935,290.3303983,2.446320579,1.040800507,0.915294284,0.271177135,0.034963835
1552,1,2,33,13,,,1.205053898,1.186823572,2.551247434,347.0045576,0.388510534,-35.91047203,1.913405767,-0.879623109,1.073943219,0.989227651,0.216777738,0.143824461,992.7289669,778.4104247,210.1523035,268.3786529,5.310826915,1.03435471,1.088937852,0.177194647,0.216928768
1553,1,1,33,14,,,1.208468419,1.175411242,2.60429646,362.2560212,-1.337335007,-19.31731458,1.2487104,-0.16922802,1.062495414,1.186308812,0.223377801,0.100134293,1071.026479,912.0564387,232.6678152,289.4216781,3.672714229,1.125416801,1.039497129,0.320827962,0.076308871
1554,1,2,33,15,,,1.196355408,1.200712655,2.487495354,179.2198802,0.809826048,-23.43330649,5.029037305,0.478628457,1.077159602,1.064177367,0.246062427,0.009030871,879.0208648,820.9459635,232.5041459,171.2894494,2.690970359,1.076039138,1.007683481,0.184654261,0.12995875
1555,9,1,33,16,Fails: T4.0,,1.182269993,1.205588328,2.689327953,240.3112763,-0.89256593,-34.97589331,1.23101249,-0.761211006,0.947719784,1.087609892,0.177752467,0.132340153,861.8626731,883.1096712,472.6707585,218.1362573,2.843136792,1.085328713,1.047524319,0.188211463,0.136997826
1556,1,2,33,17,,,1.201911108,1.226385483,2.609732501,441.8491592,-0.305923286,-27.71089309,-0.748346599,0.106275876,1.041018228,0.965538188,0.174568299,0.096116058,967.9204007,750.6398432,91.69791591,184.5602488,3.546418855,1.069079653,1.036531637,0.149596744,0.171157028
1557,9,1,33,18,Fails: T3.1,,1.208444177,1.198114637,2.582783518,327.7040421,0.681605797,-55.80691466,3.442821781,0.561531223,1.146949453,0.927664275,0.271078544,0.072894477,889.7770361,1018.128765,134.0936489,258.211494,4.533181498,1.034567176,0.910281015,0.251956041,0.159284327
1558,1,2,33,19,,,1.181152973,1.203825246,2.551888331,145.4353312,0.278108434,-8.35951816,5.572233812,-0.171610974,1.044180189,0.985355223,0.2063265,0.131094506,947.3338678,843.1116466,64.36534155,189.9351058,3.302914011,1.045329066,0.885565524,0.231520422,0.148040946
1559,1,1,33,20,,,1.194461075,1.202099746,2.590864175,273.353267,0.523633206,-16.03104669,3.069997197,-0.501010016,1.067213753,1.03607897,0.220646911,0.07700655,985.9287481,896.2861574,274.0538892,184.7561065,2.921308256,1.091230225,1.011261982,0.184127131,0.04979774
1560,1,2,33,21,,,1.182279426,1.206480526,2.539546098,287.9939824,0.228672851,-29.43039152,3.699654292,-1.283580273,1.067287293,0.982773176,0.260245578,0.093349462,959.2707673,1076.629084,325.6235559,340.6921315,4.32571244,1.039343259,0.861663914,0.090557059,0.180247547
1561,1,1,33,22,,,1.192067345,1.191444577,2.540713277,322.9075624,-1.869240884,-26.13180693,1.733520241,-0.656616113,1.109977869,1.059584205,0.240228112,0.099169188,1060.710471,830.6193247,109.4711574,137.8364606,3.533196895,1.083034503,1.069131257,0.217460235,0.17670798
1562,1,2,33,23,,,1.188341911,1.196580464,2.653476128,413.6382788,-0.091719246,-16.84407003,4.218750716,-1.077851358,1.125148296,0.932049343,0.127947082,0.124949979,1010.273006,1066.735412,300.4713284,264.4761846,4.560751815,1.13938026,1.121972169,0.261876235,0.119221154
1563,1,1,33,24,,,1.155975452,1.205026592,2.672467418,133.9640521,-0.962674574,-31.47636353,2.610078469,-1.744971601,1.0793922,1.109426278,0.155812455,0.110086902,981.6991114,991.4811794,308.7571192,246.8286222,3.090367721,1.087225342,0.992099143,0.197582387,0.099660637
1564,1,2,33,25,,,1.199745852,1.182112275,2.604862827,421.8297673,1.045527881,-34.86615642,-1.876793696,0.016824673,1.033172478,1.026464551,0.222570447,0.122049423,1004.173894,801.1659097,290.136323,157.9817695,2.325908171,1.031471771,1.045348823,0.212008005,0.140922802
1565,1,1,33,26,,,1.182750413,1.21758601,2.548309889,425.4913492,-0.106428617,-16.42413991,1.997573744,-0.208025372,1.044915254,1.127194636,0.103714946,0.139348021,906.4895573,798.7747472,240.1840881,249.5811139,5.721896298,1.111064884,0.904091876,0.18896842,0.159608665
1566,1,2,33,27,,,1.207589077,1.196974069,2.51815684,139.3200827,0.006714574,-24.89657302,1.306791626,-0.910679616,1.115281785,1.073640246,0.196505012,0.076125303,988.6081185,993.100572,83.09831461,209.1692832,3.288524128,1.100577377,1.06121861,0.214118258,0.144381787
1567,1,1,33,28,,,1.175618357,1.166632065,2.553595988,242.1075865,0.74932305,-31.64843166,1.663722002,-0.686264529,1.046729274,1.105976146,0.141406555,0.139676069,841.5619509,922.413036,172.6233613,260.1037404,1.805741897,1.017762854,0.992202591,0.227618253,0.108554261
1568,1,2,33,29,,,1.23309524,1.21861347,2.482321613,297.7128076,-0.43483829,-36.69059714,-0.084715182,-0.260400264,1.032578847,1.103987228,0.123066291,0.132475927,924.365006,966.4103807,336.8238037,242.8514567,5.369549098,1.076614686,0.889204116,0.280831561,0.148600811
1569,1,1,33,30,,,1.212287047,1.190063421,2.693323333,335.812733,-0.249925351,-40.73364219,1.035602369,0.404220329,1.054236378,0.978880799,0.26179486,0.132814627,910.5955528,815.7630707,229.6710228,339.5623424,4.896364454,0.996328666,0.97185376,0.206420488,0.171059716
1570,1,2,33,31,,,1.192374953,1.185806599,2.561252794,299.1870096,-0.686902672,-9.215272122,5.258851614,-0.683158544,1.050085216,1.004975957,0.223343378,0.105646171,852.816237,855.1866417,346.1760631,400.7385865,2.780625167,1.041191858,0.935679145,0.196672703,0.198546569
1571,1,1,33,32,,,1.205998061,1.202739428,2.48721013,373.5634428,0.764955603,-9.201279114,0.513353043,0.082700579,1.099048168,1.045951726,0.21303804,0.101606361,1112.929648,714.4659823,209.1513294,317.1707129,4.201007146,1.096610676,1.052802441,0.251729552,0.185775879
1572,1,2,33,33,,,1.174906473,1.213056146,2.514921456,290.7132608,-0.970470949,2.11567384,3.806295938,-0.182888173,1.052895819,0.991044823,0.244687787,0.15181348,1012.727963,1075.379291,287.5313113,262.2297583,3.642285601,1.070554381,0.934271533,0.128972663,0.145026258
1573,1,1,33,34,,,1.222867011,1.225132264,2.665199293,306.0252474,0.87184863,-8.374731366,0.600235085,-0.577444962,1.020079614,1.051514206,0.183838142,0.038320212,969.2928034,952.5513829,119.5879609,200.4161912,3.976026395,1.075939834,1.014508944,0.148856451,0.130099701
1574,1,2,33,35,,,1.197114582,1.167206521,2.538350132,534.8834805,-0.792176215,-28.29982297,0.778737505,0.007185141,1.052405947,0.930987002,0.283696166,0.120639768,806.2669608,932.747273,179.6523865,139.5003734,4.050582634,1.048710503,1.112707511,0.189889308,0.212004965
1575,1,1,33,36,,,1.197158858,1.197490225,2.603427738,371.6310873,0.986261102,-28.84154766,1.197792889,0.478936468,1.109715418,1.052697487,0.233776606,0.057791503,896.9372841,810.6505313,212.7982721,231.167754,3.825901076,1.147611866,1.136387973,0.198278176,0.195468389
1576,1,2,33,37,,,1.206630394,1.206612361,2.548447925,322.7312591,0.960409884,-18.23387691,3.923152869,-0.6358516,0.968416809,1.096209164,0.121984282,0.138115537,1013.391741,894.7791088,176.7396328,385.9007636,2.857333725,1.154452467,1.03267555,0.204389233,0.118802791
1577,1,1,33,38,,,1.206646348,1.183459477,2.612646734,328.5977143,0.320303879,-14.83841028,0.72715996,-0.475385026,1.080664574,0.985559654,0.218095616,0.097396582,924.1210401,773.241895,411.2621593,274.1666148,3.182044818,1.1044205,0.95852094,0.131869482,0.083816092
1578,1,2,33,39,,,1.183981264,1.223519174,2.627427014,410.8197311,-1.045505127,-31.22627757,1.425987905,-0.352410091,1.122156195,1.042345194,0.177095483,0.142857778,1011.010847,999.5544176,118.1180865,247.6679559,4.181993233,1.039317244,0.956497793,0.138669635,0.126167996
1579,1,1,33,40,,,1.216786316,1.183966572,2.565504101,228.3187514,0.401263944,-26.9695467,-0.254889062,-0.490116478,1.025284934,1.104267939,0.106198997,0.093955157,949.932831,929.8523596,229.1575768,162.9805625,2.78381837,1.092177973,0.891835167,0.107170532,0.141625714
1580,1,2,33,41,,,1.167838149,1.237766117,2.540008019,297.2795445,0.166314796,-34.06183587,0.2361202,0.068043381,1.08668248,1.07776719,0.191510886,0.180068678,983.7648858,947.2714307,250.2407083,153.3198445,4.627525368,1.072392797,0.989757403,0.194289271,0.136741765
1581,1,1,33,42,,,1.186854938,1.220011976,2.583468421,325.0524501,-0.920329181,-22.58458568,-0.341561703,0.670534405,1.090281636,0.974595572,0.245878707,0.103863157,892.3591011,719.952575,196.4885649,280.595942,2.205835011,1.057298812,0.974826906,0.25268238,0.130712981
1582,1,2,33,43,,,1.184804352,1.242978871,2.505287581,366.11429,0.07530283,-14.73838031,4.078070324,-0.211996048,1.033341892,0.997745459,0.149635795,0.096679085,1056.556985,836.7079211,72.3859978,42.97075387,3.335153778,1.072407554,1.068876202,0.138643639,0.02430198
1583,1,1,33,44,,,1.162052425,1.221618716,2.508907816,517.8473884,-0.738531587,-18.01059017,0.277889829,0.027655253,1.031354963,1.011379236,0.224817948,0.176984632,886.3739522,952.507112,139.0138073,125.625175,5.242584051,1.06650178,0.963029773,0.353571212,0.153123017
1584,9,2,33,45,Fails: T4.3,,1.197564408,1.213590337,2.636017134,320.5320724,-0.922489847,-18.79860105,3.231252634,-0.506033035,1.093842474,1.009534983,0.173926208,-0.000456301,920.3675644,965.3856939,338.8932881,223.6015107,5.072812582,1.099261362,1.089196414,0.181456483,0.114962064
1585,1,1,33,46,,,1.198159061,1.176866156,2.560333108,195.5420941,0.897260608,-20.26919471,1.691559709,-0.317148477,1.052424851,1.078820897,0.124273078,0.117511036,1002.482222,947.9483678,258.7766385,246.2059793,4.08986002,1.023389044,1.013982358,0.245285152,0.104312659
1586,1,2,33,47,,,1.233639654,1.220695492,2.587304585,320.6712206,-0.435306937,-26.10756648,1.748982626,-1.286926707,1.041303561,1.065301175,0.136599691,0.095901317,996.1007936,910.7633854,268.7889572,198.546761,1.520624423,1.090847498,0.906655739,0.126531678,0.160132636
1587,1,1,33,48,,,1.191846396,1.243846059,2.559379529,270.0737679,-0.962062276,-25.2750222,1.999562495,-0.21943001,1.099251066,0.933339053,0.158933034,0.144423487,1003.637295,1012.14982,209.0227828,364.9055748,3.262768012,1.083488741,0.98529738,0.226193451,0.186953952
1588,1,2,33,49,,,1.193125542,1.208779068,2.617729088,189.4434037,-0.442297797,-38.84228786,0.928243735,-1.482896609,1.078773893,1.03101545,0.106266561,0.110742873,1013.663024,970.3004765,291.1903811,283.563906,4.801377292,1.017703903,0.926392842,0.244159897,0.099605192
1589,1,1,33,50,,,1.158308693,1.21714971,2.543993262,315.2582458,0.995894757,-22.78974965,4.073851159,0.364733938,1.056326495,0.896570545,0.190444126,0.029292547,955.6399804,918.3162862,283.8916445,235.177215,3.021982125,1.013224417,1.093830996,0.180800569,0.121018072
1590,1,2,33,51,,,1.216832723,1.244164307,2.495788178,357.65065,-0.047175768,-16.24605398,3.55506439,-0.698460353,1.077267653,1.054315993,0.246319677,0.124170267,1077.250425,876.5845439,241.2382864,192.5401813,4.148944091,1.034129606,1.023272329,0.249576491,0.086230876
1591,1,1,33,52,,,1.17629554,1.215029233,2.569209851,270.5695461,0.405115516,-30.59725076,-5.077728244,-0.266392767,1.023942168,1.05966527,0.299337132,0.175642165,768.6708623,828.7187754,312.1184942,387.2478043,2.532421377,1.09399685,1.059631707,0.260503573,0.105881125
1592,1,2,33,53,,,1.190210655,1.204977168,2.638222743,333.7661427,-1.052704133,-18.1993451,5.24809634,-0.963992177,1.071143825,0.989618763,0.163838775,0.099735245,888.616613,898.7344016,152.6298571,239.8521506,4.754656591,1.117903389,0.970916539,0.28593815,0.09636782
1593,1,1,33,54,,,1.204433225,1.196015767,2.536286652,174.6783228,-0.398383882,-12.73597042,2.39153501,-0.119775897,1.079273373,1.129655203,0.127304771,0.141594777,767.9047223,835.4026198,220.8130668,283.0010582,2.94971567,1.030335879,0.9673349,0.230988353,0.16975136
1594,1,2,33,55,,,1.177125935,1.211802956,2.454892996,373.7576123,-0.922571507,-8.67521528,-3.763594676,-0.826751385,1.074154669,1.04367194,0.158938511,0.120577008,969.1133025,676.4560735,305.8204372,206.5528529,3.044690274,1.067222647,1.037002149,0.1426583,0.067016701
1595,9,1,33,56,Fails: T1.0,,1.130570694,1.212582631,2.561265265,238.8923912,-0.990260802,-14.25134274,3.165587644,0.13568844,1.030818489,1.023913832,0.207466405,0.151883892,979.7099718,1006.305357,337.4048107,187.6618241,3.147027767,1.054615503,1.014254209,0.191894737,0.105928542
1596,1,2,33,57,,,1.20022399,1.198014008,2.629682514,292.0467551,-0.427328179,-13.55644935,1.896011196,-0.224682882,1.035854056,0.989931941,0.098876938,0.056340975,1024.9434,876.4807838,59.3217604,97.50974457,6.298335311,1.174760825,0.961772242,0.342647664,0.139213289
1597,1,1,33,58,,,1.198659907,1.227679998,2.686037519,171.6651719,-0.989967654,-33.531921,3.090941548,0.171941146,1.05375972,1.063080696,0.24717688,0.118441227,922.608535,750.4197598,211.6212801,247.544548,3.044596832,1.094523678,1.034605297,0.116662093,0.193740201
1598,1,2,33,59,,,1.205352988,1.185910356,2.633606863,255.2497731,-0.239456308,-24.14691056,3.009275289,-0.542928894,1.00802955,0.978254884,0.217791886,0.156922434,1105.339904,963.2700993,113.8137471,268.4193231,5.864145271,1.082231131,0.953808589,0.279476152,0.125255629
1599,1,1,33,60,,,1.202228789,1.190966242,2.628380399,463.4377569,0.386553659,-29.6641555,2.562859184,0.650442762,1.019984821,1.122782752,0.211155007,0.10341581,908.0155825,969.8892334,219.7049457,360.9542023,5.103573627,1.068909179,0.917333469,0.242520265,0.057736942
1600,1,2,33,61,,,1.209716817,1.21945819,2.566060879,265.936915,0.135856507,-13.38741678,1.883410678,-0.745883309,1.068520985,1.066424802,0.180705947,0.087223817,966.0111253,873.3921267,97.49061109,291.0376328,2.252443153,1.115985161,1.016909108,0.207301724,0.167960181
1601,1,1,33,62,,,1.215884399,1.19322579,2.50865235,335.8642177,0.482783398,-28.02828819,2.385412133,-0.045443165,1.096820445,1.033144049,0.236462299,0.116258073,903.4557002,936.9685573,272.5367353,155.0445305,3.87719646,1.0922667,1.026680159,0.20398783,0.147922226
1602,1,2,33,63,,,1.200954398,1.215833756,2.537824821,171.803811,0.991394224,-24.79207807,1.342120978,-0.725220855,1.052063278,0.958771338,0.246768382,0.165566284,985.6870944,954.7734073,215.6471189,230.8481512,3.480182704,1.069295005,0.988903729,0.087241146,0.132370591
1603,1,1,33,64,,,1.205214838,1.211495913,2.496704358,425.8759015,0.402872385,-5.340745496,-0.441651913,0.463444313,1.106399664,1.177282731,0.261143022,0.171526793,999.1892299,875.0921234,275.4030783,349.8215545,2.783932238,1.052310014,0.921733709,0.243593813,0.137398283
1604,1,2,33,65,,,1.204582314,1.222114368,2.624950109,448.956411,-1.012166036,-22.24869764,4.661120013,0.132104023,1.118334608,1.005908974,0.170819881,0.149831143,950.666249,926.816215,182.2554302,191.942952,3.063330964,1.05343992,0.944352394,0.13139274,0.126526673
1605,1,1,33,66,,,1.177625366,1.226264663,2.57851391,44.33742681,0.505082203,-27.20479413,0.50342623,0.494248035,1.049150936,1.0169757,0.087774256,0.116992021,888.4008389,784.6139485,99.41885394,232.8250811,4.052933949,1.069581176,1.117028925,0.16458131,0.147036556
1606,1,2,33,67,,,1.233614587,1.229128786,2.634658672,422.6020644,-0.647062464,-25.99768846,1.045903306,-0.256611792,1.086814223,1.097865284,0.169191636,0.078905466,970.3552519,854.8531763,245.4285246,247.1078756,3.376566022,1.009271096,1.102064794,0.100273596,0.157836237
1607,1,1,34,3,,,1.189831488,1.192309283,2.558651652,258.5573169,-0.042614969,-29.87094626,-0.874451193,-0.302444047,1.009744991,1.078541413,0.220353501,0.082952405,965.8472899,986.7097914,307.7238466,265.3666362,3.181471574,1.106710517,1.044734828,0.19705728,0.157317844
1608,1,2,34,4,,,1.176668608,1.173440639,2.552845017,217.6579597,0.212785453,-16.95140433,5.899221632,-0.136490435,1.086354683,1.031952712,0.115574879,0.120605891,1069.260895,819.234992,167.1500289,318.0973214,3.220447159,1.040878772,0.975279862,0.056921978,0.180002672
1609,1,1,34,5,,,1.187883014,1.202216148,2.634988885,5.410641971,-0.667808047,-34.52776486,0.045613243,0.503570929,1.099414947,1.020152173,0.19860945,0.138316024,971.8843942,803.968295,287.9739715,230.2966049,4.221091682,1.091224253,1.022597386,0.229663898,0.154781203
1610,1,2,34,6,,,1.176053629,1.230945909,2.576325284,320.3298668,0.327252753,-15.69663796,4.944074607,1.045680528,0.997742003,0.855817652,0.275925637,0.098205258,1080.398425,714.0327442,225.8401281,335.0539282,3.445338448,1.069608276,1.112496673,0.347199185,0.148883643
1611,1,1,34,7,,,1.195989698,1.22238522,2.586473622,396.2500815,0.048677473,-7.422876143,0.400611037,-0.960339715,0.976970183,1.064050608,0.113440089,0.149917408,839.7716207,963.5677142,199.8422981,342.1461763,3.752464303,1.117107068,0.982535098,0.215285278,0.156187143
1612,1,2,34,8,,,1.158972858,1.250955472,2.621890347,373.242038,-1.424207651,-14.2967924,1.701390778,-1.138319487,1.054360867,0.987569533,0.304302258,0.153631528,1162.738766,890.8818492,233.690882,387.0923588,2.51718936,1.090335243,0.953206682,0.151167773,0.198598724
1613,1,1,34,9,,,1.193148687,1.248601448,2.609204241,261.2738167,0.539879283,-29.10814996,1.716790472,-0.150113132,1.114002578,1.048724718,0.163349797,0.134367177,880.8082278,860.9252115,173.1411022,143.2925596,3.863659466,1.019612678,1.09338181,0.280961465,0.143258471
1614,1,2,34,10,,,1.203846582,1.192383683,2.542688296,74.49298705,-1.745735772,-25.59469116,5.087408822,-0.077585194,1.073437729,1.106285193,0.189230773,0.176835392,929.0489696,805.2878291,117.913536,168.4499957,4.33901457,1.02443356,0.947604487,0.170211192,0.183776045
1615,1,1,34,11,,,1.162469748,1.239535417,2.591489747,386.1046459,-0.149855104,-16.94769771,1.96884837,-0.012098247,1.073063108,1.086282616,0.124395914,0.087774069,856.4183635,857.5078913,315.6104729,436.538182,3.164393365,1.029118878,0.877797571,0.258507616,0.107087353
1616,1,2,34,12,,,1.198506187,1.217008272,2.553918393,136.6126571,0.082612102,-24.4424298,1.024952594,-1.166504012,1.141479665,1.022046127,0.163936082,0.051985761,1069.562589,815.2830736,18.75748852,278.9912414,3.875522155,1.030714729,1.095322783,0.230506092,0.147380985
1617,1,1,34,13,,,1.183657198,1.220632805,2.588077247,426.6757216,0.187199255,-8.337184495,4.500203761,-0.351856977,1.106305438,1.070307315,0.248784293,0.065387537,766.5571515,867.5413508,47.20646368,273.5137967,5.504036004,1.132164364,0.916150607,0.239445734,0.140753842
1618,1,2,34,14,,,1.228462412,1.182644468,2.597655166,237.2698476,-0.489997682,-25.50239012,5.079763086,0.41289058,1.080661599,0.991581802,0.018032677,0.14370045,917.4260774,1104.341461,274.7161071,211.8465324,2.840837532,1.108065792,0.999326958,0.294975443,0.146821259
1619,1,1,34,15,,,1.206041354,1.217792187,2.578937286,290.8400327,-0.849280826,-11.3890271,0.517819927,-0.414853721,1.084692101,1.049796679,0.170434951,0.129231968,782.6010724,822.6429291,293.6467312,373.7944097,5.223079438,1.091386645,1.085157504,0.124780077,0.151275046
1620,1,2,34,16,,,1.202579677,1.179436842,2.55580668,293.383596,0.709220483,-34.67683807,0.882632146,-1.164859027,1.010986044,1.017015441,0.27171423,0.125477309,892.5996417,803.992929,200.4161638,237.2318183,2.519844299,1.044494565,1.005036766,0.305577355,0.161128346
1621,1,1,34,17,,,1.212197907,1.2120448,2.539475065,388.6888291,-0.319823348,-14.85424391,-0.511091242,-0.612555427,1.04713804,0.990630738,0.159593013,0.106409796,1016.063661,729.2417882,208.7589743,212.7715862,4.45499056,1.093969718,0.99855566,0.320367885,0.099434069
1622,1,2,34,18,,,1.201297686,1.218839678,2.580923316,312.6435075,0.061414678,-13.69223087,5.285284432,-0.373643273,1.064648601,0.947004708,0.208562212,0.099304163,901.5847719,834.4756686,212.8002164,295.6050461,4.045502916,1.00073595,1.104549005,0.181481708,0.163931446
1623,1,1,34,19,,,1.184785729,1.247788966,2.613096658,410.7596921,-1.692557382,-7.021068155,3.188647834,-0.041912491,1.109778608,1.093059824,0.166350961,0.11356116,953.4768397,919.5880792,133.0331121,211.5308387,1.873078052,1.105878712,1.04204871,0.208087361,0.124017857
1624,1,2,34,20,,,1.201147799,1.210108306,2.630982244,416.1257576,0.413618098,-44.35793673,-0.25119465,0.69019109,1.191222638,1.026834468,0.302576171,0.199184115,791.01965,949.8739314,35.27788469,180.7432254,2.715220878,1.042094731,1.073103081,0.11884487,0.14958389
1625,1,1,34,21,,,1.172907173,1.197816625,2.668778886,246.046623,0.196637401,-14.35373186,-0.440368943,0.497276831,1.121197935,1.105905116,0.231206122,0.143685151,981.7199451,999.1924666,168.4733012,190.9167343,3.931557871,1.109555524,0.921658011,0.185688996,0.122497978
1626,1,2,34,22,,,1.183423279,1.215785895,2.588745905,126.7232909,-0.340336588,-8.85659115,-1.318822106,0.771279105,1.067588831,1.045011898,0.131476753,0.15343996,989.0286155,858.9236631,296.1462922,266.5849249,2.963126752,1.04893907,0.94541758,0.249880679,0.147920852
1627,1,1,34,23,,,1.20787899,1.231782025,2.607217784,220.1203941,-0.261832347,-13.40070804,3.772203555,-0.841277392,1.016223519,1.02559751,0.221535638,0.039557993,952.9445976,807.9314427,254.1419132,246.8059039,3.781834457,1.02930579,0.945245938,0.098598584,0.134936158
1628,1,2,34,24,,,1.203135379,1.231494023,2.704402229,322.3319689,0.125324102,-21.74776417,0.619184783,0.169150191,1.067382043,1.119484002,0.126095197,0.090197233,1020.987246,944.6833655,328.2238249,326.5941071,2.645344446,1.047271164,0.967685987,0.202471304,0.065334906
1629,1,1,34,25,,,1.179444729,1.222560051,2.575374496,380.3884026,-0.540056941,-22.46540251,9.591412515,-1.08342101,1.074688637,1.015209812,0.193155976,0.125820113,912.1988333,910.0754882,269.396189,284.4993565,3.894539731,1.004166742,0.967455225,0.111324062,0.149747106
1630,1,2,34,26,,,1.196212388,1.249635491,2.527330193,345.838686,-1.797502893,-9.25551757,-1.200943469,-0.860216037,1.024985355,0.984177158,0.182439501,0.10978768,1030.243512,897.6213518,301.9461232,334.1026272,4.998009982,1.01209384,0.969739032,0.173772742,0.167567153
1631,1,1,34,27,,,1.182869565,1.208246875,2.488143083,420.1889149,-0.137377149,0.866484231,0.579504589,-0.253585031,1.117641895,0.92727145,0.139326484,0.109360083,1073.77245,863.3009684,26.94412971,206.873668,2.199788878,1.027199267,1.008325213,0.200188687,0.151569007
1632,1,2,34,28,,,1.185299991,1.185765914,2.634018689,279.7983001,-0.559529253,-9.495831139,-1.165194388,-0.112959192,1.084499723,0.849906867,0.274654491,0.173826602,897.4914066,895.8642093,256.5615019,252.0470196,3.82239031,0.995968983,1.028428609,0.147379014,0.079345064
1633,1,1,34,29,,,1.163237374,1.183831989,2.566980458,174.8251487,-1.847200596,-10.58539992,1.27393898,-0.303428683,1.046223012,1.063878757,0.173289934,0.161141228,919.3550118,735.1831155,298.5100995,206.6533831,4.434702957,1.041677962,1.019514093,0.214627816,0.138299772
1634,1,2,34,30,,,1.207978674,1.233596244,2.655599606,188.3161739,0.982442511,-18.67137834,3.958508865,-0.435988788,1.070671791,1.079439665,0.164835179,0.135582778,878.5075297,860.8951997,364.6073478,251.2888105,4.497898278,1.068906315,0.893648228,0.285271371,0.229944804
1635,1,1,34,31,,,1.219692664,1.186936832,2.590544101,454.892763,-1.004486217,5.465964249,1.920613529,-0.332239165,1.120135144,1.048074012,0.265061476,0.15455519,1013.34538,1023.740728,214.4190738,225.0833946,5.631117821,1.102587648,0.990824607,0.234472992,0.194243543
1636,9,2,34,32,Fails: T3.3,,1.189618977,1.177039993,2.66977737,215.4726092,-0.969463698,-17.68917189,2.15686029,-2.130755067,1.100615854,1.088312493,0.098616699,0.05047287,949.88769,682.5795952,302.7870022,308.2199046,3.585910529,1.132063571,0.932000475,0.192066589,0.173803191
1637,1,1,34,33,,,1.173787646,1.171434687,2.51838261,170.3920055,-0.142448211,-17.17201555,3.781148298,-0.08502665,1.033115382,1.031767124,0.201712354,0.108695347,946.7357048,851.6895655,322.5548373,265.3304086,2.016749642,1.121726676,0.946942908,0.219083895,0.145257703
1638,1,2,34,34,,,1.218343274,1.187240298,2.643286975,384.1392869,0.094428079,-0.838285454,-0.058869818,-0.318264644,1.041186764,0.920404043,0.154051414,0.120656911,924.3295842,903.0795916,276.839609,217.1491487,3.51197291,1.032648696,1.085700682,0.268387462,0.163659513
1639,9,1,34,35,Fails: T4.2,,1.195250406,1.191743694,2.429586311,285.9778259,-0.071299033,-23.36919358,-1.484223876,-0.906097191,1.06654718,1.110950783,0.439690438,0.181343815,1032.782647,868.9541615,37.80329882,170.1758165,4.074286344,1.136309491,0.969043935,0.257745239,0.12320159
1640,1,2,34,36,,,1.216618849,1.207862144,2.558272027,358.4027763,-0.606231449,-31.65302709,-2.429850478,-0.754806333,1.049694454,1.067232353,0.204419797,0.129133957,944.3664129,867.3208325,235.8380488,227.6465541,3.394309832,1.058680635,0.863386656,0.21304601,0.17808858
1641,1,1,34,37,,,1.196493103,1.221672615,2.620944261,457.1269674,-0.101268246,-7.582848489,1.432481911,-0.947973496,1.118392666,1.016334865,0.161325132,0.089643778,917.9135658,993.8689509,244.0751243,442.4251117,3.820184526,1.096862194,1.03572546,0.271853323,0.165759826
1642,1,2,34,38,,,1.180734719,1.189628234,2.512538852,457.8994403,-0.299406731,-26.59321853,2.127640468,0.154785433,1.099387965,1.009372773,0.234235128,0.12554322,940.9137138,1002.171624,100.0155898,189.2321726,3.861031413,1.081811994,1.098611921,0.096112335,0.150260992
1643,1,1,34,39,,,1.192985463,1.219446412,2.500303139,317.7836873,0.352638035,-19.8055864,1.354656197,-1.108674062,1.118326515,1.043919129,0.18138142,0.122017194,870.8665896,843.3250075,195.4869633,93.84380707,3.666389382,1.086510167,0.981072436,0.165264998,0.126795786
1644,1,2,34,40,,,1.1808461,1.258596746,2.499668614,190.3148586,-0.571012628,-26.65211852,-2.178012917,-0.622110835,1.011602411,1.040056357,0.199885734,0.121369877,1137.020398,718.9234573,173.1822748,325.0696188,3.661580473,1.04858197,1.070563531,0.227864374,0.154413841
1645,1,1,34,41,,,1.146059071,1.187805196,2.600060231,214.2351965,-0.235169182,-26.19927979,3.719392479,-0.10836488,1.015235878,1.151847995,0.201152128,0.124767675,920.8904063,876.6504636,227.1941507,165.228125,1.774386199,1.044054685,0.988887115,0.215408463,0.174691798
1646,1,2,34,42,,,1.202217661,1.195248599,2.568656465,327.6860245,0.306659313,-15.76909889,-1.132549062,0.869019116,1.076596221,0.954222268,0.236798569,0.072235063,996.5841735,818.6293943,220.3976592,342.6551072,3.294214479,1.135399452,1.032165456,0.25634531,0.107057158
1647,1,1,34,43,,,1.19398894,1.201406877,2.661656528,328.1760366,-0.781928754,-19.66408563,2.262418712,-0.283167275,1.051109344,0.953795212,0.17718391,0.105121524,1053.046113,1057.444675,201.7355347,404.9866022,1.37459204,1.124920447,0.933114181,0.154147397,0.213023084
1648,1,2,34,44,,,1.217803946,1.245181524,2.65392356,276.7019102,-0.633394551,-3.66184168,1.499919426,-0.456612067,1.098959813,0.959509556,0.196222448,0.149784793,878.4855554,945.1461786,227.0281086,377.1391734,4.055613703,1.03845064,1.06212021,0.228729248,0.122595785
1649,1,1,34,45,,,1.22860525,1.190266506,2.550206761,272.6358545,0.835048328,-33.6896962,0.525440821,-0.619510848,0.99253934,1.030844316,0.225024127,0.069795148,994.0561852,872.0483511,260.6562368,194.3729447,3.159697023,1.056790361,1.017663205,0.225344397,0.09032068
1650,1,2,34,46,,,1.195217601,1.213947358,2.622320155,223.2136855,-0.490053377,-25.13664828,3.944681323,-1.403064484,1.068544742,1.000629324,0.285991548,0.084164463,960.4107554,723.8108745,290.9832544,72.27001092,3.544660942,1.081581341,1.026489714,0.227128796,0.051554209
1651,1,1,34,47,,,1.140475902,1.209493311,2.634297563,198.7457656,-0.982656619,-16.7080065,0.945079589,-0.453589499,1.066653742,1.002881173,0.193668536,0.152040728,1076.325754,948.4986261,200.7870759,248.3280109,4.784947263,1.003415015,0.95130288,0.136185402,0.166851437
1652,1,2,34,48,,,1.212347544,1.198290842,2.605412233,310.3192321,0.193231484,-17.6435334,3.969887452,-0.320156857,1.073485612,1.025215793,0.214943503,0.122281778,956.1696671,762.1310801,273.884016,238.3581777,3.370681663,1.090002032,0.920853048,0.117187799,0.109394507
1653,1,1,34,49,,,1.190709152,1.207396555,2.521875019,331.7221732,0.16621391,-27.24217087,2.472664407,-0.259004839,1.061072215,0.932622723,0.237917455,0.168503835,945.3522947,979.4693403,148.76075,71.09059266,3.694804746,1.114407592,1.043369261,0.162594071,0.157279327
1654,9,2,34,50,Fails: T4.2,,1.212055398,1.177674801,2.598704768,348.7947402,-0.60342273,-19.91488596,-1.826636429,-0.113153358,1.112353479,1.035998711,0.367343933,0.135793485,871.4948393,940.2166209,305.937927,217.981651,3.440394436,1.070595053,0.93162119,0.238799132,0.176862172
1655,1,1,34,51,,,1.200909758,1.21200838,2.656119692,353.5391474,-0.038210752,-30.84556139,1.636498992,-1.234662743,1.092737756,1.040285075,0.229243017,0.067778893,986.3142673,959.3771802,53.35741944,208.2853328,2.819245698,1.050156209,0.923385928,0.185317185,0.143223604
1656,1,2,34,52,,,1.235710889,1.201358169,2.492007198,414.8803685,-0.746034633,-18.36928718,3.895116317,0.033609299,1.062841961,1.048838027,0.205570006,0.147469734,1084.44054,835.908444,323.3384304,294.0698801,1.629206988,1.100711828,0.93503896,0.125275468,0.122106455
1657,1,1,34,53,,,1.195009441,1.185027441,2.646627741,435.1020555,0.74893389,-35.3949776,2.123570681,-1.844440249,1.118531662,1.093592451,0.296008688,0.107011762,799.921954,998.7589896,289.5075448,194.7701203,3.452897562,1.081766718,1.060770982,0.23705929,0.102774104
1658,1,2,34,54,,,1.213966484,1.24743741,2.61955428,308.0872747,-0.951682768,-19.8624566,-2.475722876,-1.561464848,1.040077944,1.075102921,0.144270529,0.109008667,918.24382,836.4127373,144.2577181,176.9706225,4.27959219,1.063902677,1.048236977,0.098616287,0.125094212
1659,1,1,34,55,,,1.198435791,1.199762798,2.534497468,227.619486,0.187277776,-20.09613979,-4.69116825,-1.266629643,1.138150167,1.020820457,0.273753485,0.058065383,1047.486925,767.1814113,202.6984718,197.2292084,3.695769862,1.046782955,1.010779504,0.043398477,0.172251875
1660,1,2,34,56,,,1.225554744,1.208079885,2.717567976,166.0605459,-0.132789271,-29.67505937,-0.115108762,-0.509341884,1.007374072,1.003306722,0.229450917,0.127196131,928.5046432,805.6052335,206.1545641,235.6649964,3.052210007,1.136231615,1.002496053,0.150955171,0.131480916
1661,1,1,34,57,,,1.210068176,1.239485791,2.666342018,277.4831599,-0.201237977,-25.52522208,4.432662983,-0.759045405,1.012728185,1.039972431,0.192284736,0.166380593,962.0640558,930.8973811,177.8371418,171.7803173,4.387970535,1.095242631,0.973369764,0.211300465,0.134931427
1662,1,2,34,58,,,1.182389779,1.20371482,2.60028562,172.8978567,0.30773842,-10.0579692,-2.48958192,-0.400633896,1.066131647,1.025085802,0.231296296,0.177925555,1029.472507,831.0710079,172.625827,234.9568209,2.296840814,1.113844242,1.003165211,0.196961782,0.132127192
1663,1,1,34,59,,,1.23900307,1.23007181,2.599742275,228.8956345,0.219313094,-35.3090777,-3.705078881,0.499559524,1.108016326,0.987515769,0.259062471,0.075238143,1003.508875,949.432494,127.8501809,130.1902397,3.537576005,1.027738177,1.00331881,0.248996862,0.059676249
1664,1,2,34,60,,,1.196070367,1.166207984,2.441034751,458.8080895,-1.546824651,-9.182817346,2.09934597,0.823208755,1.083074564,1.03812584,0.19191814,0.124612375,1030.591075,872.6287089,110.6714241,235.2462903,2.509170957,1.091601491,0.996790312,0.222069246,0.110111385
1665,1,1,34,61,,,1.176799681,1.208323206,2.595853135,311.88282,0.291501116,-19.0082159,2.612578728,-0.60559023,1.058121211,1.081966808,0.157082156,0.100518556,1061.444792,971.3559768,203.4019494,189.0903874,5.700502947,1.078066273,0.992878671,0.200397493,0.178435537
1666,1,2,34,62,,,1.196770647,1.235445609,2.452458737,457.8657143,-0.540571115,-3.893337031,0.338404801,-0.112680348,1.026041872,1.014224643,0.300869063,0.099233784,951.9288594,951.6515663,126.1509097,349.4972273,3.75041776,1.159007575,0.978987049,0.16117721,0.118297172
1667,1,1,34,63,,,1.232487121,1.194665785,2.507274398,204.6439818,0.335920374,-19.15615744,3.200989186,-0.206657194,1.101480731,0.960791321,0.224498682,0.068183248,1023.739922,872.66055,325.1103466,313.7004457,2.27547893,1.090145855,1.035694621,0.142091428,0.074155094
1668,9,2,34,64,Fails: T1.2,,1.198565163,1.213938542,2.372143571,167.3436452,-0.087803377,-24.99356148,5.132977274,-0.564779344,1.059195558,1.038228734,0.162093995,0.078428629,884.8766736,821.1098732,286.1446885,158.814087,2.883043517,1.062230866,1.004443096,0.248462989,0.167448617
1669,1,1,34,65,,,1.200993011,1.222940565,2.493164107,318.186531,-0.682526509,-15.35117283,1.153264903,-0.287190822,1.026966531,1.007524628,0.175163284,0.149681849,939.6740597,824.3665869,159.1318469,151.9263994,4.577521207,1.043975796,0.974684878,0.240582185,0.206106555
1670,1,2,34,66,,,1.196347982,1.182949371,2.587185627,221.8189655,-0.152680723,-6.175662687,4.639926125,-0.223888861,1.047682715,1.058026936,0.207954631,0.127092176,1067.195999,730.8094442,215.2835013,153.0204101,2.386322868,1.044562427,1.134832605,0.140537714,0.131852262
1671,1,1,34,67,,,1.178938108,1.212577875,2.531201631,427.1407632,0.460341794,-16.75286957,0.028581518,-0.563348262,1.099168083,1.007496943,0.204593469,0.120573636,1080.833398,868.6162231,195.6251184,297.0787225,2.145053806,1.100547223,0.88612618,0.131921849,0.213613311
1672,1,2,35,2,,,1.189319805,1.180102579,2.575051462,262.5900538,0.319060685,-23.9817105,2.398864801,-0.875267812,1.062257435,1.002471215,0.282515606,0.184099041,962.5590251,725.5842183,402.5719757,284.1290417,3.820348858,1.041669011,1.045672996,0.176203689,0.147543676
1673,1,1,35,3,,,1.186788111,1.20370688,2.630485053,335.4240441,-0.46354324,-24.96308503,0.200001812,0.472688251,1.011053751,1.052396292,0.141219053,0.042460087,869.4480231,859.814649,133.8378651,154.3625925,5.165783228,1.002804007,0.936524658,0.135296142,0.175247951
1674,1,2,35,4,,,1.175913388,1.214482922,2.634913416,265.7066556,-1.898839463,-11.23446794,2.6219535,-0.315370934,1.012533302,0.975411339,0.239038651,0.092360234,898.5751873,953.1936953,191.5295083,216.260482,4.550173406,1.07533819,0.951518106,0.234684698,0.191551395
1675,1,1,35,5,,,1.207005426,1.205298238,2.626943677,448.0230218,0.190438489,-12.67891354,2.974087862,0.806283145,1.08244714,1.05206997,0.207058552,0.10658672,972.3398295,878.677681,345.4595072,171.8558654,4.270766516,1.026709281,0.93203022,0.22698694,0.172969565
1676,1,2,35,6,,,1.225961958,1.203747597,2.557288125,346.355692,0.118069443,-21.01305202,2.700816043,0.114090514,1.139919568,1.01714418,0.173324734,0.146981935,1012.493375,874.7293876,201.2121472,280.4417381,3.651695799,1.050915424,1.0691924,0.203514276,0.121343551
1677,1,1,35,7,,,1.24113081,1.188180954,2.549858727,375.4655919,-1.102496976,-22.90287217,3.805718039,-1.1520258,1.10355424,1.038058221,0.214772906,0.132667721,883.7348712,1079.844681,228.3992811,180.5612347,3.435105339,1.066570552,1.032733046,0.300364244,0.128499734
1678,1,2,35,8,,,1.20460459,1.224705383,2.639956015,117.5923418,0.056275134,-27.68901472,0.918605312,-0.508772791,1.038605301,0.900990873,0.125262019,0.219239995,992.9180615,872.801181,366.140428,263.7625285,4.12560001,1.10699915,1.054007386,0.136100698,0.119117743
1679,1,1,35,9,,,1.162685735,1.197198658,2.551415914,336.5115248,1.350899553,-34.6738656,1.557875914,-0.893927824,1.026758159,0.953391519,0.250527866,0.089919878,952.6031758,838.7172832,178.0391474,410.6982708,4.152116833,1.148506171,0.943620829,0.187745638,0.12012203
1680,1,2,35,10,,,1.183259326,1.212300454,2.552505707,416.4852803,0.133639038,-22.61324276,1.252664301,-0.868231783,1.066939201,1.02763818,0.125192432,0.120495336,948.2998862,794.2502067,330.5782441,156.0189982,2.664257292,1.092541758,0.986203159,0.072452787,0.14504373
1681,1,1,35,11,,,1.212626896,1.206109272,2.485302093,191.905246,-0.086948647,-28.23382457,1.063372814,-0.243775616,1.107647646,1.10762584,0.272062885,0.109387239,952.8630898,954.7487876,172.9859133,264.2749163,3.809988627,1.075186409,0.866373039,0.243754145,0.208836428
1682,1,2,35,12,,,1.171024756,1.19116533,2.510549568,85.47093491,0.475660158,-28.25587978,2.551497935,-0.636584124,1.014770448,1.014442019,0.22532238,0.063857911,1027.075088,948.1017017,208.0269797,329.1935242,2.729227508,1.072696582,0.955010634,0.300448157,0.089467799
1683,1,1,35,13,,,1.195872681,1.238836568,2.596131125,234.1766011,-0.327400391,-27.83689629,0.592045283,-0.45771044,1.104174285,1.033755878,0.187140258,0.150567751,992.9471193,863.380621,147.4066028,468.4198147,1.514889673,0.993789596,0.900409592,0.222794962,0.083095409
1684,9,2,35,14,Fails: T4.3,,1.191720732,1.231067421,2.570085285,302.9562841,0.32861371,-42.01233816,-1.688185851,-0.116979759,1.031751488,1.029989762,0.104626484,-0.007857546,1094.718075,1004.328983,263.5048933,138.6995146,3.259867412,1.098718892,1.136973462,0.117268994,0.044317132
1685,1,1,35,15,,,1.212910563,1.182714863,2.526808284,286.3731346,-0.402774149,-12.29738221,5.684705229,0.516709425,1.093064833,1.003913319,0.215424889,0.090563109,883.6487347,902.2152295,230.6042995,186.3655323,5.065273927,1.057969353,0.98931673,0.206140645,0.12058686
1686,9,2,35,16,Fails: T7.2,,1.191135812,1.182334104,2.595239694,316.0037324,0.254997325,-11.29479652,2.46742542,-0.405809583,1.025430426,1.001109399,0.281770216,0.135155577,736.4064149,970.6559764,253.9467635,173.0654302,4.318641374,1.14626179,0.983560306,0.395966988,0.133804862
1687,1,1,35,17,,,1.199745085,1.178278492,2.482621471,430.0429305,-0.523221234,-35.04314072,2.571196472,-0.862387532,1.111965598,1.143541918,0.196207849,0.101145519,907.6597432,961.7621348,170.75131,207.9265036,1.921302788,1.020836768,1.10421998,0.226597676,0.20526397
1688,1,2,35,18,,,1.216484435,1.214922098,2.428887418,487.0536084,0.017861803,-40.21363271,-0.012304424,-0.959259467,1.088756111,1.153254717,0.231886962,0.057760653,1053.532345,749.6264927,235.2415343,266.280703,3.809636122,1.049297181,0.965561727,0.112846213,0.089369272
1689,1,1,35,19,,,1.185844684,1.239698279,2.660373806,275.1345332,-1.297424001,-29.71645256,-1.380617328,-0.074747259,1.103098337,1.034679284,0.176609361,0.146485413,910.2331262,887.7590652,111.9770794,206.0362222,3.676676482,1.071027063,1.000332366,0.207449778,0.15865221
1690,1,2,35,20,,,1.163022719,1.237053366,2.640516408,335.8063996,-0.010884012,-31.65811551,-0.01080808,0.884559849,1.124288076,1.089248138,0.192351947,0.149945809,1008.329485,784.1194422,363.0161567,137.6444758,3.964379946,1.005286149,0.998817602,0.159644321,0.109838534
1691,1,1,35,21,,,1.161117925,1.211983518,2.538702958,447.308034,-0.10775297,-8.672413086,3.065294607,-0.436717718,1.042614917,1.121678724,0.089005587,0.123694184,975.622992,908.9319743,137.314364,101.6105502,1.99758323,1.073302273,0.981745587,0.228866094,0.157686334
1692,1,2,35,22,,,1.211577396,1.197240057,2.709746672,284.7205829,-1.057838451,-13.42431219,-0.539058139,-0.421015492,1.025286005,0.935227609,0.2300251,0.117753232,954.2352215,728.2936533,426.5685471,226.865527,2.847774229,1.081416554,0.930159581,0.10916249,0.143620819
1693,1,1,35,23,,,1.212324927,1.197295375,2.602874216,170.5752494,0.151993324,-16.59739545,2.136469739,-0.000107927,1.068543898,1.038979718,0.161053973,0.153104534,1012.573031,910.6776552,207.1144536,335.0624827,2.762448797,1.101056335,0.919066763,0.111874348,0.139041935
1694,1,2,35,24,,,1.186210325,1.195249482,2.595437304,257.551104,-0.905977263,-34.05126557,-0.568839987,0.58146437,1.124719201,1.021037847,0.114858872,0.136448559,938.6262022,962.5859365,307.4615931,104.02334,4.993799193,1.074435388,1.030726498,0.171768304,0.131513762
1695,1,1,35,25,,,1.209655432,1.230955824,2.668255428,282.9739962,0.205757749,-20.24059207,-2.194053274,-0.4072478,1.161497361,1.08201362,0.133553567,0.107521693,957.7671647,779.6087356,267.0891848,223.9977951,4.948136668,1.073663422,0.986964734,0.252675551,0.150461609
1696,1,2,35,26,,,1.20996238,1.242271717,2.635410999,213.4403594,-0.395660103,-35.1234408,2.938424348,-0.606162463,1.056134817,1.03337293,0.232140743,0.112995553,937.4989702,1036.644771,119.0150311,228.3040201,3.041592046,1.055648583,1.062512795,0.191941275,0.07339808
1697,1,1,35,27,,,1.218683923,1.23317414,2.650718203,524.9584722,-0.145722226,-10.98774566,1.504445762,-0.218872717,1.112951389,0.967168607,0.10749771,0.130432033,1052.749534,785.9072952,103.2316331,405.0288613,4.315674055,1.013194012,1.006296685,0.162597518,0.149656988
1698,1,2,35,28,,,1.206605604,1.216650472,2.671952981,451.6526838,-0.941797606,-14.91091198,2.573354636,0.251029831,1.036061422,1.041622379,0.237928038,0.08510241,954.0435955,889.5574698,154.2268118,378.8462942,5.598978442,1.090935554,0.924767278,0.159697518,0.161708646
1699,1,1,35,29,,,1.198187356,1.182200573,2.518719352,360.4375017,0.870759795,-36.52479159,-3.818329168,0.257843205,1.134759579,1.033764226,0.239392774,0.04505999,895.1361044,817.3351638,329.5355717,318.5874431,4.780950302,1.083810507,0.988233288,0.305753397,0.111202197
1700,1,2,35,30,,,1.209950809,1.235173814,2.57075849,474.5257993,-0.56446303,-18.48869522,-1.203694405,-0.30672414,1.040718806,0.915283738,0.226685432,0.079621428,906.5442612,710.8227383,141.7261121,301.8147441,3.665945357,0.984494841,1.014824062,0.190824279,0.208776588
1701,1,1,35,31,,,1.191557233,1.221508027,2.650243613,297.0721477,-0.998124552,-18.09180299,2.499379366,-1.183451158,1.082331417,1.031443744,0.170524778,0.033431505,951.2959235,943.6043382,132.4847178,331.2870912,5.448300566,1.046381586,0.917107835,0.12967308,0.037359558
1702,1,2,35,32,,,1.19200001,1.154507747,2.572022612,379.432622,-1.123429317,-28.96431573,2.236947382,-0.618000436,1.108138673,1.054108149,0.110209652,0.143659796,946.1151295,889.497982,131.4407243,157.6134848,1.239921809,1.064908902,1.059165823,0.199237402,0.120776086
1703,1,1,35,33,,,1.18957053,1.230254222,2.628871989,323.9012777,0.121821847,-16.39363673,1.70409726,-0.442648821,1.088108656,0.995884441,0.194963366,0.066702012,838.1634899,899.9198243,204.0488885,234.2986528,2.69026279,1.044637269,0.927770454,0.254034138,0.213663392
1704,1,2,35,34,,,1.211784663,1.221244821,2.601525399,159.7797035,-0.043942769,-17.9073296,-4.0118112,-0.082937945,1.02294949,0.975709147,0.066702031,0.087266064,952.436646,813.7428293,318.5416656,238.8202332,2.821846175,1.045227171,0.985847341,0.168907185,0.079889723
1705,1,1,35,35,,,1.184878776,1.208762647,2.604141545,227.5486165,-0.150275594,-10.96908489,3.569780909,0.958016808,1.090792667,1.04176737,0.194735173,0.162389546,762.7526636,1029.303263,242.0684399,244.343526,4.307870725,1.047359453,0.953582346,0.228837591,0.158654198
1706,1,2,35,36,,,1.202940278,1.230707055,2.541171966,424.9174915,-0.418656279,-22.86135442,2.49688395,-1.384945426,1.07787924,1.022222383,0.246130262,0.112763772,984.9351289,891.9935288,247.5070701,203.9190446,3.724849639,1.013295228,0.982841947,0.243141544,0.162925214
1707,1,1,35,37,,,1.195542002,1.206669255,2.495788341,238.9782171,-0.433053099,-13.20501783,-0.105061123,0.11454684,0.964076458,0.984424172,0.196546566,0.09312965,1009.1836,949.8836763,203.9106553,221.0425721,3.455322911,1.040225194,1.032961261,0.259733521,0.082138047
1708,1,2,35,38,,,1.169819049,1.209852402,2.554922475,396.8521221,-0.514802041,-36.70259909,-2.115025882,0.142223655,1.052564139,1.016547893,0.253157649,0.135093742,946.0816669,910.175198,151.1162914,206.4138081,4.011689859,1.088170968,0.993416285,0.23726324,0.103410083
1709,1,1,35,39,,,1.173832674,1.222036054,2.619472979,321.2788072,0.786115249,-27.18942005,1.044938252,0.716932229,1.030433369,0.967804371,0.171890271,0.055962918,882.9585474,759.906612,129.3470511,254.4101401,4.284955309,1.119434105,1.051763502,0.218755156,0.138704862
1710,1,2,35,40,,,1.205464836,1.248442442,2.605500896,482.6747599,0.210133179,-10.66626297,4.382896152,0.228964711,1.093969654,0.948145624,0.12979362,0.051575334,1046.717349,1080.833194,237.5419752,337.2861409,4.101733204,1.04238739,1.034362841,0.309725307,0.148570808
1711,9,1,35,41,Fails: T5.2,,1.212444224,1.195410566,2.568191258,221.7205777,0.39859889,-32.46537358,2.261101858,-0.902608181,1.069031166,1.013278756,0.167326989,0.156148942,946.0897515,890.5815387,-55.55617301,321.6259698,2.363181963,1.088613885,1.105670082,0.215771169,0.164196336
1712,9,2,35,42,Fails: T4.1,,1.199124373,1.211293335,2.50460447,308.1965648,-0.649332021,-13.43759511,1.781487622,1.052802878,1.031964655,1.22152243,0.16123977,0.101207891,969.5859171,803.8841375,64.09267767,273.2055064,1.485983518,1.164053236,0.955613983,0.228065565,0.104194296
1713,1,1,35,43,,,1.167347235,1.24877769,2.480847603,174.6612545,-0.87082296,-19.87353251,-0.295993699,1.113800672,1.050807591,1.086155335,0.2498524,0.106018396,876.8289151,816.6642071,268.4546344,221.0521223,4.999604034,1.119650873,0.956337111,0.243175925,0.132872623
1714,1,2,35,44,,,1.194282222,1.233616253,2.518754821,290.374228,0.211882046,-1.756955058,4.293227715,0.504109652,1.042839361,0.979101188,0.107179794,0.099404201,919.1990766,871.6479206,201.7660771,304.7057361,2.016527231,1.108235761,0.983369847,0.23039238,0.144305848
1715,1,1,35,45,,,1.163807093,1.201895874,2.574275054,373.0503605,-0.617606964,-28.75795587,1.304000371,-1.258569635,1.04989428,0.987022327,0.127433286,0.168373371,1088.175117,834.6593044,93.00096388,278.1829842,3.937731877,1.114498505,1.04047733,0.128409852,0.101087993
1716,1,2,35,46,,,1.181140984,1.167111072,2.563310939,323.470527,-0.400044472,-16.77617404,-1.342855116,-0.567936828,1.122713419,1.155252723,0.150726127,0.145929914,829.4056604,751.9283682,156.2408556,163.117399,3.695461704,1.006000661,1.054086584,0.138152845,0.205252062
1717,1,1,35,47,,,1.20150773,1.242882079,2.534412047,188.1519149,-1.178678539,-23.58965169,3.888452596,-0.071458558,0.967324491,1.034706369,0.294808303,0.113961526,844.8468192,987.1400838,156.5946804,151.4744491,3.837013497,1.078785299,1.036208209,0.262520569,0.102624759
1718,1,2,35,48,,,1.167770669,1.202777287,2.72258866,293.7315888,-0.793253138,-3.604984936,3.834256819,-0.402948428,1.050791121,0.9962916,0.135600689,0.182250919,908.3942738,936.3117898,243.6766202,338.2119772,3.618725056,1.107459181,0.966634093,0.074744091,0.165490175
1719,1,1,35,49,,,1.198999379,1.199519896,2.543505117,161.3082067,-1.227806914,-22.76683412,-0.472158805,-0.572215231,1.040828203,0.997665652,0.16981715,0.10524784,981.7845014,930.2509706,174.3591745,274.7585916,4.613923849,1.051501317,0.943098509,0.225674272,0.149571759
1720,1,2,35,50,,,1.182520425,1.209957936,2.561140157,459.2636016,0.645348323,-12.78805425,4.916198832,0.005741983,0.976996608,1.131106905,0.122660826,0.093617103,901.8114387,952.5284819,172.0301719,132.4672004,4.313502185,1.07009456,0.981803925,0.185239391,0.057914904
1721,1,1,35,51,,,1.20744043,1.203775865,2.561868235,270.6551744,-0.616396622,-3.746133884,2.258036607,-0.561843376,1.08107168,1.025613518,0.19977299,0.032068282,1077.683541,861.1101646,190.7970496,231.8279963,3.31169279,1.081763719,0.905013166,0.186291215,0.197726691
1722,1,2,35,52,,,1.198247508,1.231787045,2.610474256,237.5250883,-0.702838566,-6.17917336,-0.318417603,0.845249328,1.094911768,0.975311537,0.199629769,0.123140123,1029.90934,886.7977479,278.6029611,427.4567379,6.057897149,1.023846213,1.063309507,0.21312998,0.160751521
1723,1,1,35,53,,,1.222295707,1.173634031,2.61646437,273.2630642,-0.137499927,-16.12530584,2.124738297,-1.79627864,1.068885531,1.034856901,0.204093656,0.109945369,1027.822478,701.7175765,261.481045,204.1139221,3.042150438,1.080983986,1.010662555,0.226382684,0.163774921
1724,1,2,35,54,,,1.193362101,1.223574733,2.586619043,366.2866526,-0.357854333,-19.36801718,0.238294787,0.770580467,1.106738979,1.015248221,0.174808796,0.208246299,1034.425645,701.6253001,173.8894354,310.5414252,2.632962586,1.115452479,1.079669939,0.312208503,0.116070241
1725,1,1,35,55,,,1.175675671,1.215874889,2.458955099,303.1407909,0.723625709,-19.00465405,3.367874215,-1.671413161,1.025282913,1.11720632,0.172411154,0.105914849,932.8052128,952.0086397,180.3470356,273.7491834,2.865593871,1.077129434,0.996887897,0.224183347,0.066495464
1726,1,2,35,56,,,1.177939295,1.22695438,2.578809133,403.2824879,0.068161752,-27.16789575,1.660388859,-0.192298308,1.072239098,1.044521506,0.089343567,0.091546742,956.6707179,948.7358667,181.5067794,399.9069017,2.936131267,1.085492982,0.962948589,0.247423236,0.171811722
1727,1,1,35,57,,,1.190884727,1.182452038,2.582300017,182.4087552,-1.015132044,-14.56620428,2.289152168,-0.769541555,1.040422523,0.994258283,0.215812251,0.090166419,1100.20006,842.6166614,135.6963409,220.4251067,4.113342804,1.127273201,0.946432179,0.132266788,0.095034341
1728,1,2,35,58,,,1.188105461,1.227098224,2.53612109,317.8156051,-0.971120103,-27.59870558,3.366443654,-0.843390767,1.088620199,0.934468654,0.2325506,0.112609311,912.9636833,796.9383567,197.1999419,212.7805491,5.814895706,1.045531621,1.006667921,0.100496811,0.083985327
1729,1,1,35,59,,,1.207799939,1.189304796,2.627449461,239.2201381,-0.449893633,-18.59453295,6.118814189,-1.247686595,1.029931742,0.945593249,0.14037185,0.147336971,867.6471736,924.101245,263.8325345,157.8143616,2.595070042,1.019369528,0.984240244,0.229789969,0.057773297
1730,1,2,35,60,,,1.177654932,1.203036235,2.647093835,233.9823809,-0.176875168,-14.83494388,-2.199842983,-0.008058315,1.074938806,1.060263834,0.178683467,0.086018122,856.906143,870.5945479,113.9400538,179.5134876,3.688165878,1.057035841,1.034028204,0.131120118,0.167080743
1731,1,1,35,61,,,1.231449158,1.202888658,2.601671251,295.509288,0.010626069,-16.80664549,0.639708616,-0.049283894,1.072130893,1.000093382,0.140994952,0.123029198,746.0806098,959.0597989,96.9296313,236.8216712,5.742961832,1.087088597,0.981415597,0.210489738,0.194021428
1732,1,2,35,62,,,1.183270332,1.238266329,2.612320116,267.350628,0.745292995,-27.84782243,-2.53575098,-0.137651696,1.06305203,1.046838849,0.146237994,0.105042675,1056.488412,946.2484685,83.61149696,140.9807138,1.670235903,1.076167684,0.859007995,0.208661391,0.115744843
1733,1,1,35,63,,,1.217543662,1.188163041,2.577815829,193.7811834,-0.977073596,-31.2710877,2.690159787,-1.655776345,1.077988782,1.118409273,0.183128919,0.119972033,993.2107699,892.37744,246.3862764,391.405733,2.695405818,1.099258209,0.936415767,0.194549731,0.07900106
1734,1,2,35,64,,,1.180533359,1.209625742,2.543342844,242.0340664,0.669973986,-19.09605267,0.009420271,0.899551521,1.074850237,0.881931181,0.211005029,0.060146133,944.9717377,851.8219169,254.8994476,298.3780527,3.548182205,1.105655117,1.006396155,0.183388345,0.173181463
1735,1,1,35,65,,,1.168390025,1.221933576,2.598361933,367.7225481,-1.053391215,-24.09628949,1.386171416,0.052268581,1.075570251,0.937299881,0.132248459,0.12489182,896.023071,928.9472675,283.3049533,195.5779781,2.658926776,1.055922338,1.122620134,0.227267066,0.177079527
1736,1,2,35,66,,,1.172027632,1.199101006,2.644735125,264.4787817,-1.833568321,-31.1959347,-0.257761635,-0.541591122,1.094706044,1.035275958,0.211092051,0.171192389,787.8203987,1013.329542,188.4223349,180.2860069,2.813175614,1.100487965,0.919780458,0.295471111,0.070590468
1737,1,1,35,67,,,1.170665601,1.228864222,2.696807894,49.66962701,-0.42494759,-21.3661053,2.764406362,-0.156293085,1.073386683,1.006352214,0.221119959,0.035704421,853.4073283,842.7165914,347.2139335,90.16192343,3.791191886,1.029306434,1.084827361,0.143645531,0.066907698
1738,1,2,35,68,,,1.175336441,1.221786332,2.56703521,238.9388103,0.011205351,-29.08000231,4.48305516,0.083900016,1.008226511,1.022532322,0.234890277,0.089040017,893.6631576,878.1588697,243.2846244,205.4562863,5.799698499,1.032191793,0.988176149,0.270253355,0.196712118
1739,1,1,36,3,,,1.195023282,1.250370957,2.634799301,328.8862856,-0.140709433,-30.36070081,4.296349907,-0.072839856,1.013753086,1.093370569,0.19272847,0.023239481,909.8303261,925.8227869,227.0838914,176.6845935,3.426758873,1.053944954,1.083720385,0.214064658,0.145857312
1740,1,2,36,4,,,1.206504106,1.244533659,2.528028642,246.4498732,-0.180361819,-21.2240841,0.962454419,-0.696027374,1.063333491,1.056583007,0.022683904,0.126280609,866.4943662,780.5522264,225.786066,208.6262976,2.816815301,1.09739743,1.015309488,0.252590519,0.192841325
1741,1,1,36,5,,,1.200640684,1.208574427,2.624277904,241.3572979,0.061270384,-15.62859168,0.973990262,0.039036207,1.091744177,0.997122279,0.138826825,0.086964864,1071.881384,867.3539075,166.8106901,203.8960549,1.905765661,1.121303821,0.954707589,0.104926237,0.061348852
1742,1,2,36,6,,,1.178714815,1.218363546,2.539632253,388.8572929,0.035597829,-40.36415213,-0.233370364,-1.062595044,1.04833292,0.990248285,0.11509416,0.087375998,932.6527166,863.3815684,327.5967466,212.8783935,3.257555539,1.106909606,1.140613303,0.28166668,0.217382644
1743,1,1,36,7,,,1.185819606,1.209392592,2.520398221,147.1392029,0.155801407,-24.40042572,3.742220662,-0.482318599,1.094435722,1.077434106,0.240524278,0.153042766,929.9652709,856.2685425,179.9817343,183.0435967,2.827730505,1.093578247,0.969307624,0.187079899,0.123486543
1744,1,2,36,8,,,1.193947682,1.205379227,2.631877893,334.9119175,-1.103223047,-2.007768427,2.805053978,-1.140260711,1.00525545,1.074529948,0.264181837,0.063077737,981.5539088,933.2989206,216.940515,284.0076263,2.755918332,1.083077904,1.067256832,0.191810508,0.17031116
1745,1,1,36,9,,,1.21568725,1.18471375,2.53482555,270.5234672,-0.875755784,-10.82510444,1.94265449,-1.175243625,1.05695135,1.065402862,0.21170102,0.159319213,1031.371002,953.8112593,222.3764207,317.5570901,2.83833935,1.094410564,0.910385083,0.105217511,0.153071134
1746,9,2,36,10,Fails: T3.3,,1.159854185,1.205035272,2.618077742,387.0211872,-0.07347292,-29.71828993,0.775001152,-2.126389336,1.102300739,1.026851677,0.23843448,0.139839927,922.2047229,788.2078938,187.8465978,263.4596383,4.04015392,1.095082755,1.038966199,0.15452617,0.238538787
1747,1,1,36,11,,,1.165318451,1.162120803,2.557528517,294.0401477,-0.247304371,-20.20819823,1.309308945,0.70944247,1.103645677,1.041840631,0.219447089,0.024536064,927.4886936,889.3591885,4.812305881,212.0860585,2.831676145,1.110911608,0.996310073,0.273169157,0.12389672
1748,1,2,36,12,,,1.197312951,1.171564688,2.581780721,314.3672177,0.059685896,-31.35032393,0.094311465,-0.414346346,1.058647405,1.172860665,0.236743687,0.194637091,1013.175519,1009.495491,246.6398642,239.4288129,3.403468939,1.095189826,0.960742792,0.291577038,0.171234767
1749,1,1,36,13,,,1.208238261,1.217310224,2.560254402,400.0502294,0.768600691,-27.39652403,3.797878456,0.971512117,1.061555654,0.982332068,0.200550549,0.141507184,1118.376653,909.3696275,280.5359654,299.693187,2.281429345,1.122486276,0.996714709,0.198857439,0.135545299
1750,9,2,36,14,Fails: T7.1,,1.209943855,1.224751369,2.579084857,242.3792426,-0.060737167,-33.1563171,-1.018124523,0.679664877,1.083910516,1.00137775,0.205689362,0.124116859,1042.816003,821.6161427,364.9062172,180.0137169,4.368637349,1.067941122,0.83584183,0.227051085,0.170164182
1751,1,1,36,15,,,1.221941816,1.225043202,2.588712652,405.8567532,-0.892277246,1.760329381,-2.736752487,-0.315503142,1.081607226,0.855811402,0.170956621,0.183174335,1007.574077,812.3774736,211.3348063,188.6815633,4.52271925,1.072890229,1.090582851,0.201287375,0.099367344
1752,1,2,36,16,,,1.177495845,1.187063278,2.672083443,445.1679765,-0.097871375,-14.6219663,-1.084936249,0.219068665,1.039334919,1.014355369,0.182957853,0.101540025,986.7546156,774.2629175,152.5942499,353.3004086,3.850754554,1.112362168,0.930652527,0.197320725,0.157342376
1753,1,1,36,17,,,1.175320995,1.180573134,2.538403919,233.5891484,-0.329881678,-18.44632863,1.924717595,-0.108167589,1.047231538,1.042675821,0.150798101,0.133976587,898.1973552,919.4420182,135.2602038,172.7475611,4.767765523,1.118533415,1.039496844,0.25558451,0.144628055
1754,1,2,36,18,,,1.213630294,1.163160754,2.549805018,290.3303784,-0.833188836,-38.94515779,0.893867412,-0.641391402,1.060528359,1.049463147,0.228921308,0.055756164,794.8690155,908.2150528,151.5664971,233.5998674,3.465970049,1.073902823,1.057800483,0.241694399,0.129686669
1755,1,1,36,19,,,1.204837509,1.206891105,2.528632793,231.0732936,-0.015493581,-29.47707048,1.323201622,-0.366338096,1.072105954,1.046134513,0.254927326,0.098883264,845.0213541,938.3217491,211.0382097,253.1894734,3.461763482,1.064966839,0.994897907,0.257436563,0.126447544
1756,1,2,36,20,,,1.202167039,1.168766706,2.533408912,170.9753538,-0.23359919,-24.08807394,1.997028849,-1.140609883,1.054335208,1.10972937,0.20610296,0.182347042,992.6100125,828.1193226,234.4501856,352.829787,3.11432699,1.040939081,1.030802889,0.236550873,0.13537626
1757,1,1,36,21,,,1.20892091,1.244742874,2.560978757,425.3363402,-0.559082172,-20.44170098,5.864353394,-0.089347997,1.098293377,0.978203209,0.263263572,0.139628123,944.2822981,835.1172812,218.3360225,314.8765396,3.820592737,1.120262264,0.923787138,0.229701888,0.134701423
1758,1,2,36,22,,,1.222698104,1.232661949,2.584904576,270.3839869,0.614619456,-8.655950781,-2.530010104,-0.37130557,1.038642652,1.045133932,0.084210347,0.187784946,1143.082047,888.9426648,115.1228586,410.6093865,4.058666269,1.063703731,1.163934641,0.237629859,0.154012109
1759,1,1,36,23,,,1.204936239,1.216131894,2.616438743,352.8994963,-1.13812985,-34.49118581,4.043213445,-0.105111451,1.15721705,1.106638914,0.227132285,0.125471738,859.3604264,859.8037039,157.6497041,222.6090531,2.522149575,1.033842557,1.019805168,0.229957114,0.194686556
1760,1,2,36,24,,,1.179665903,1.232326576,2.571013731,313.5340484,-0.036358125,-27.35141525,2.593503353,-0.826612638,1.040240461,1.022498201,0.132776406,0.183583682,831.7170102,726.9805488,235.5757438,295.0290072,4.044114606,1.074276618,1.086260275,0.151245446,0.088009915
1761,1,1,36,25,,,1.221329565,1.203494807,2.591395983,358.1494334,0.490826817,-18.42554156,-2.44448372,-0.736630821,1.040652963,1.112455277,0.158995928,0.115809325,931.7719471,851.8146294,133.4219526,354.9840312,3.692516221,1.073511581,1.022899824,0.12223072,0.204570226
1762,1,2,36,26,,,1.208358988,1.210930985,2.583095541,304.1355712,-0.581726882,-15.77101621,-0.368555861,-0.817603826,1.091264888,1.059118414,0.147065593,0.131225725,913.9714488,895.8073806,183.5571955,277.9087342,4.343052504,1.106986441,1.000653538,0.167999041,0.11896858
1763,1,1,36,27,,,1.152891399,1.215731985,2.647728901,260.1550593,-0.288933462,-26.30047515,1.016430076,0.322442972,1.093318105,0.93934019,0.039449166,0.123620418,1022.367455,842.0798151,234.5321926,360.4506568,2.268251251,1.031583549,0.952779456,0.187099193,0.146662867
1764,1,2,36,28,,,1.175468706,1.237223627,2.641210041,379.951034,-1.589295779,-20.08239109,2.076228506,0.353633879,1.118735006,0.987401205,0.211044076,0.193691905,822.1723475,911.3463258,320.8727888,58.40771329,4.855982732,1.106372681,0.907328768,0.16452183,0.134150113
1765,1,1,36,29,,,1.216938711,1.192687536,2.53659376,385.1698663,0.950052656,-12.94998373,0.937177764,-0.363848235,1.064746607,1.052627227,0.120538673,0.076261581,898.2690833,710.0930033,229.4063157,418.2597084,3.377644165,1.13183802,0.948560452,0.209953422,0.05499077
1766,1,2,36,30,,,1.213896418,1.200416509,2.647508702,314.2127972,0.042169207,-11.36867646,-4.158643404,0.015142334,1.066125608,0.979788701,0.155444885,0.087169206,1065.533718,889.9133488,252.8275741,158.3401556,2.76362218,1.126634627,1.033630303,0.11044285,0.178419247
1767,9,1,36,31,Fails: T7.3,,1.143330108,1.181797518,2.540172968,160.8386754,0.285350384,-20.09454196,1.573309098,-0.433533976,1.09010891,0.96098593,0.244104764,0.095870155,999.377084,755.5275548,277.4962585,281.9668134,2.835856184,1.02361313,0.998167635,0.144816658,0.252826046
1768,1,2,36,32,,,1.207956147,1.196454918,2.613001818,374.4300462,0.367356288,-20.7547976,0.346677236,-1.409066538,1.027965586,1.111912507,0.215667245,0.074160593,948.0776586,847.2230835,245.3903491,378.9650422,3.165640751,1.095238807,0.948666818,0.130833943,0.171152772
1769,1,1,36,33,,,1.198031084,1.177324861,2.551243089,301.6019442,0.451409033,-23.03013327,3.028573665,0.511936755,1.02458693,1.057225059,0.212035816,0.126578663,995.3646492,777.5954861,456.5654854,314.3370025,3.865149906,1.067915521,1.014941985,0.205938868,0.163463668
1770,1,2,36,34,,,1.189058142,1.208777224,2.651428501,218.5858813,0.470201677,-22.67826005,0.380629609,-0.836257151,1.080188226,1.02299935,0.221467952,0.051475004,910.7795433,1023.010776,122.3976122,217.2604108,3.080989229,1.131344467,1.035746982,0.188681645,0.194209864
1771,1,1,36,35,,,1.224632866,1.187209946,2.436802269,311.6050237,-0.287429,-21.75701378,1.808795421,-0.161397231,1.077539597,1.037244064,0.23735202,0.081196563,829.5398889,967.1521213,247.7837903,228.3377247,3.076360474,1.027851741,0.986626422,0.18266718,0.072540388
1772,1,2,36,36,,,1.186729931,1.206489856,2.545551585,436.6149243,-0.806788089,-41.09791524,0.696707989,0.12353702,0.980027805,1.066825257,0.216723349,0.132207649,1084.854211,882.0753417,225.8722764,207.9103602,4.20491999,1.094187958,1.101658528,0.193061555,0.185407264
1773,1,1,36,37,,,1.202990552,1.222318962,2.572236449,248.5007325,-0.192655447,-11.77254586,-3.027142149,-1.664619349,1.15490511,1.001265898,0.122324367,0.09223499,944.0703542,952.1259231,290.2041405,254.7769644,3.928072746,1.142945263,0.925571221,0.171252134,0.141382269
1774,1,2,36,38,,,1.177582796,1.205836647,2.57176081,494.8435277,0.198029438,-26.40433618,3.484307921,0.164071064,1.081405445,1.05093621,0.085235036,0.117513865,984.1201778,983.1943506,6.543954081,231.2894121,2.415897742,1.065511179,0.965118215,0.15339276,0.132449355
1775,1,1,36,39,,,1.216835003,1.229742129,2.523554442,167.978555,0.03047477,-13.26202396,-1.622585836,-0.623365401,1.117647122,1.036423338,0.095919512,0.133487007,874.1675637,750.0148995,259.5503244,224.7223758,2.635805596,1.062076561,1.021353348,0.11196184,0.172759815
1776,1,2,36,40,,,1.180210783,1.243032173,2.588564218,142.9136399,0.118843152,-7.981461256,5.461854979,-0.747972781,1.082416908,1.032417465,0.124078683,0.150208763,984.9331273,940.2634381,231.930232,279.5343118,5.524325046,0.999847455,1.054464923,0.124075389,0.065062132
1777,1,1,36,41,,,1.219362458,1.207915731,2.576979001,396.3674959,0.203965745,-31.66632497,-0.645691536,-0.990423206,1.085555826,0.963889388,0.181445608,0.138356794,871.0329129,807.517117,255.9277226,388.1058831,4.029194484,1.046414937,1.027869613,0.294644568,0.143417813
1778,1,2,36,42,,,1.189772649,1.227369981,2.508741678,381.1650351,-1.251459726,-19.12477108,2.523608995,-1.351121234,1.045678662,1.027953705,0.1852613,0.06608005,1013.758681,773.0848019,193.2587896,385.0175506,5.714911804,1.060958711,0.955063445,0.174736379,0.081714465
1779,1,1,36,43,,,1.229867574,1.233806348,2.532453488,342.0374806,0.028686003,-19.85070455,0.996511571,0.487642121,1.05542151,1.050198316,0.152872676,0.042370813,984.9753458,1011.10385,17.22273218,163.9155392,5.445090172,1.110089316,1.057831821,0.307133232,0.117746852
1780,1,2,36,44,,,1.180158327,1.222411478,2.514598344,283.1682449,1.070189105,-29.78937078,1.793085906,-0.896958418,0.975185967,1.031409664,0.242673075,0.136159396,1027.054377,958.6140065,336.898001,385.2103073,3.291500294,1.097779219,0.944090828,0.264631213,0.10408447
1781,1,1,36,45,,,1.164980395,1.20281377,2.56706245,489.2894871,-0.810083782,-36.38849215,1.309901313,-0.831818439,1.104230589,0.936991353,0.217089681,0.156793869,809.2465061,927.0520471,304.2837712,132.9979246,3.892581886,1.081784206,1.008808086,0.186261607,0.114171519
1782,9,2,36,46,Fails: T1.2,,1.218959719,1.17948245,2.370025258,399.4241219,-0.874114222,-18.34269249,5.29520047,-0.374451845,1.078423311,1.055165013,0.18940802,0.157790265,740.0047625,936.6942027,294.2064484,324.8166559,4.451256565,1.093634257,1.083691993,0.165905106,0.128851436
1783,1,1,36,47,,,1.219249205,1.209648432,2.654331509,461.7740278,0.747654296,-28.46397575,0.670164066,-0.997730172,1.053963309,1.061607788,0.262832058,0.092829333,853.6863793,801.307527,201.6771704,421.7069252,5.133699775,1.038295794,0.997453709,0.03032944,0.094433706
1784,1,2,36,48,,,1.175470512,1.203154191,2.479734511,476.8585029,-0.458826142,-12.84227607,-3.307579953,0.278915623,1.074297294,1.087578961,0.144720697,0.171527274,1032.434933,1042.879931,228.2449253,346.6423465,3.957236655,1.106296336,0.914425529,0.122358402,0.058344024
1785,1,1,36,49,,,1.247662421,1.235198696,2.668987655,278.1049896,1.035276807,-33.63178541,1.930958799,-0.075671311,1.014279091,1.078905764,0.244509602,0.070399183,918.4485709,849.7982739,319.3887565,177.9074748,4.467080946,1.056971378,0.975586216,0.210933518,0.109160011
1786,1,2,36,50,,,1.189205639,1.229691046,2.567822764,442.3081284,0.237931208,-18.10505211,1.645450081,-0.398866528,1.076278845,1.116502042,0.226371928,0.093100446,1066.053883,939.8678339,199.5070691,115.4462253,2.626467892,1.058119773,1.036359386,0.192175091,0.170009875
1787,1,1,36,51,,,1.163894329,1.210839314,2.569435643,533.5122513,0.328545301,-31.99366813,2.757426777,-0.591050119,1.08454407,0.925990655,0.266169357,0.044845307,1025.397041,786.4143782,184.2063945,289.9204567,3.641592828,1.124416884,1.06020544,0.220745421,0.129930845
1788,9,2,36,52,Fails: T1.1,,1.181615134,1.266886972,2.567980128,337.5472087,1.144477949,-5.461587542,3.27967563,-2.169296764,1.129751377,0.974309708,0.143925237,0.051897833,1223.443269,1044.479784,221.4441493,181.2253978,3.052553488,1.070138414,0.919905476,0.186972011,0.083736733
1789,1,1,36,53,,,1.207130113,1.171499975,2.532639896,471.6383534,-1.135532465,-24.01233778,-1.037715399,-1.514226095,1.117737254,1.046978799,0.179165068,0.061346367,1008.568902,904.6727487,134.2267565,215.4044414,5.385587377,1.025377064,0.973092481,0.191973484,0.147805829
1790,1,2,36,54,,,1.161481496,1.191156638,2.484527881,317.0231083,0.284141077,-19.28541842,-2.067318261,-0.839714867,1.077389587,0.959021582,0.231637219,0.060333973,1036.659854,980.4274033,176.5691625,208.7717627,4.1579236,1.015650116,0.959985462,0.13912294,0.158255411
1791,1,1,36,55,,,1.21477939,1.222520499,2.544195171,367.4494593,0.140080759,-14.98883201,2.303856287,-0.186245696,1.058780503,0.961773448,0.212963389,0.131699169,939.5658434,749.0520347,318.4375256,116.7516357,4.133270642,1.112073656,1.00098785,0.191860155,0.144856806
1792,1,2,36,56,,,1.154610605,1.21900706,2.534888143,378.0042533,-0.495886814,-14.26122443,-0.546934949,-1.42616653,1.045201718,0.992691081,0.24039601,0.058061248,889.6766073,861.6603786,248.69046,224.852154,3.606116947,1.058322527,0.965309976,0.159295087,0.097489152
1793,1,1,36,57,,,1.194121805,1.244569069,2.591891998,141.9505881,-0.235897528,-25.07587852,3.118048442,-0.863743332,1.073136221,1.07129706,0.179925255,0.133243263,1021.931004,935.1477502,273.8270938,275.1603521,2.474121773,1.039988464,1.008067265,0.201674516,0.136759666
1794,9,2,36,58,Fails: T3.0,,1.204915709,1.193247302,2.604937786,250.4541646,-2.285630512,-7.572564424,-3.763995847,-0.101160259,1.055102662,1.050489568,0.270763006,0.144480633,902.1513715,830.4912726,238.1870766,116.7694798,2.191601346,1.07492002,1.011520418,0.22140043,0.090005778
1795,1,1,36,59,,,1.201570744,1.229772082,2.597731782,355.2614881,0.309564507,-27.66339932,-0.568722584,-0.074906844,1.063172691,1.081752324,0.266857478,0.173863423,1023.597381,822.0358926,134.8943837,205.0129872,2.367448358,1.067927085,1.006645939,0.281633733,0.160316663
1796,1,2,36,60,,,1.164535342,1.225670736,2.567251283,267.8195485,-0.179536017,-25.37747421,-0.017731298,-0.821030393,1.06056126,0.966156516,0.260380901,0.157299702,1001.81199,829.6950156,275.9618143,95.74818692,5.106055712,1.083096208,1.020398387,0.236074894,0.197154841
1797,1,1,36,61,,,1.220201067,1.236861392,2.653001193,331.1239279,-0.824423012,-25.65994723,3.513331752,-1.064274441,1.115054006,0.956993868,0.145329909,0.131510863,880.21513,884.6436928,223.6727858,150.2751696,4.09609953,1.117222186,1.033720384,0.092549593,0.108226768
1798,1,2,36,62,,,1.189593368,1.242940509,2.541854342,377.3897915,0.933200542,-16.40945333,-2.920171123,-0.976895681,1.105411665,0.970210268,0.113852873,0.09983276,995.2757833,888.8507234,262.1399795,249.3443642,3.062540155,1.014310723,0.915487043,0.217999677,0.184830688
1799,1,1,36,63,,,1.181995429,1.201483495,2.639371926,198.7812886,0.932228527,-19.01223702,5.581838735,-0.191490768,1.066628233,1.002890876,0.218437224,0.099326921,882.0687274,867.1849947,252.9164442,302.193367,4.704558763,1.044576203,0.989004927,0.217049745,0.180957262
1800,1,2,36,64,,,1.183627954,1.197581155,2.576957554,305.1972238,-0.679143011,-20.9866316,5.107541276,0.11771571,1.085367426,0.963732132,0.135602733,0.146050568,761.0531586,896.6675474,307.5544392,354.6777564,1.859599049,1.064379051,1.026549603,0.19081091,0.12374446
1801,1,1,36,65,,,1.207813117,1.209522054,2.657053218,346.8347416,0.134948069,-46.71095173,1.654839169,-1.125737025,1.074716588,0.990889916,0.221984486,0.089533072,1080.25785,818.2272005,250.0191427,210.9207395,4.729869065,1.07699606,0.928145743,0.184936125,0.092070427
1802,1,2,36,66,,,1.190018238,1.220322633,2.52739419,179.0855536,-1.208658729,-20.24322687,3.507958644,-0.517196455,1.100583785,1.032164834,0.244445616,0.130484187,1151.650319,798.534411,389.3444802,344.048328,4.476209755,1.089895912,0.871884199,0.109089102,0.144661893
1803,1,1,36,67,,,1.176162478,1.209608326,2.467852289,237.0662041,0.573662348,-16.11175561,1.262955186,-0.471596828,1.148653752,0.987029231,0.180028891,0.148426271,970.5092536,805.6258629,398.612948,309.6342923,2.835816136,1.110539569,1.009578505,0.189212348,0.145355692
1804,1,2,37,3,,,1.160045106,1.235869128,2.543912225,318.5526711,-0.057177096,-36.65742904,2.594156229,-0.405968637,1.115174451,0.97450471,0.245620145,0.226578214,834.8734587,972.2295686,293.7954944,165.3854595,3.404774462,1.080226002,0.925258009,0.198618608,0.175563617
1805,1,1,37,4,,,1.195239989,1.178668677,2.616808695,370.8011155,0.567065394,-14.29977776,2.618919952,0.370734691,1.043183727,1.09225207,0.315796488,0.162101459,848.9059439,851.217009,177.4050189,165.121556,3.407972714,0.970275194,1.001116861,0.20332262,0.097168516
1806,1,2,37,5,,,1.222329705,1.218963628,2.509138704,392.5751439,-0.447684109,-15.17478114,1.313443773,0.739368035,1.078590909,0.868988565,0.14835591,0.097239686,1070.301063,1005.233027,125.9137653,332.452322,2.045303163,1.043996178,1.083703459,0.169614599,0.1176977
1807,1,1,37,6,,,1.207442782,1.22046303,2.5846551,265.5113343,-0.281722941,-21.20579629,3.184848385,-0.046715738,1.07179151,0.983580928,0.290087795,0.121201527,986.4841923,865.5736372,131.7887425,418.6510356,2.804845719,1.088469103,1.080310644,0.25259608,0.171640727
1808,1,2,37,7,,,1.205267156,1.179656558,2.547355959,405.3497057,0.53345687,-17.16350258,2.686378346,-0.20222584,1.030584491,0.97599278,0.190883607,0.143327711,782.8098724,972.8363042,132.0065036,262.6315605,3.192807701,1.079500762,1.121602455,0.299001752,0.130484942
1809,1,1,37,8,,,1.19067894,1.224423803,2.574892102,344.7927852,-1.509486121,-6.119285787,3.352396495,-0.817899254,1.085726795,1.02955347,0.244389179,0.135308361,942.6090922,855.5998611,243.2070516,236.6408769,3.845092831,1.038243322,1.111064397,0.193353708,0.148399654
1810,1,2,37,9,,,1.172439454,1.242229393,2.513183795,377.8960818,0.238849039,-13.41028468,3.442070807,-1.185612447,1.086482535,0.949067504,0.119692008,0.040342935,1129.871603,800.9056128,96.74355723,111.7176635,3.980468751,1.067301333,0.995979798,0.168716249,0.089595773
1811,1,1,37,10,,,1.197649288,1.212896909,2.562917649,249.97613,-1.097935698,-29.98191636,-2.898701634,0.06419952,1.12453718,0.936189002,0.12311242,0.146964865,959.530636,861.9018715,229.7603402,295.0106717,1.905054643,1.007722008,0.921175077,0.224052322,0.121371321
1812,1,2,37,11,,,1.202029892,1.215299688,2.542486923,112.4347034,0.116654426,-36.46041143,1.563247968,-0.151491009,1.026616026,0.984750865,0.198294943,0.114806268,929.5008854,826.4139255,162.2782321,122.3562793,3.525631632,1.092077987,1.016110836,0.201349894,0.152567775
1813,1,1,37,12,,,1.209068351,1.225518098,2.538091302,326.5793645,-1.06571538,0.837835369,-1.401166202,-0.639194082,1.104773986,1.011183657,0.252622437,0.080080259,994.985433,973.5928394,287.5424492,308.2384426,3.2695036,1.068919608,1.151754162,0.288536772,0.168702048
1814,1,2,37,13,,,1.17322991,1.205140892,2.63348723,246.9404641,-1.599060418,-29.7773819,0.997753481,-0.112813828,0.999960582,1.070336132,0.189479124,0.096405166,954.8911725,749.2920167,204.2627311,149.724569,3.014004383,1.067631203,1.10884013,0.195828027,0.092417411
1815,1,1,37,14,,,1.180002427,1.199715949,2.561335591,405.4316536,-0.2719052,-20.23449798,1.436700463,0.519959278,1.038003158,1.178539725,0.183009391,0.135904684,1043.413405,849.2945515,160.4189849,276.4013437,2.214021278,1.12838191,0.97647055,0.12004415,0.223191347
1816,1,2,37,15,,,1.213585376,1.195984282,2.56216966,267.6179397,0.196706533,-7.5036156,1.282960398,-0.767384322,1.036285328,1.100394477,0.207975462,0.072600033,937.1027887,803.5123692,114.6385031,348.5061444,4.419705961,1.037181768,1.102561267,0.146018957,0.135984207
1817,1,1,37,16,,,1.207146325,1.222653549,2.576444365,384.4326536,-0.555653555,-17.79730738,-2.247266744,-0.623608529,1.078886911,1.036141013,0.207222532,0.178693035,1099.949217,932.2037249,241.828592,271.3249933,3.875082334,1.093090231,0.999874434,0.176097811,0.150701204
1818,1,2,37,17,,,1.194658873,1.200250127,2.537609376,330.5673314,-0.574936643,-32.69923578,1.504518625,-0.438847049,1.093793067,1.032097314,0.107998456,0.006946202,947.7596994,877.7987322,318.1473039,295.7431898,4.283830335,1.053670887,0.983814792,0.175611207,0.097946302
1819,1,1,37,18,,,1.180941387,1.212739487,2.565317273,309.5878479,-1.501210754,-7.28738594,1.600199644,-0.139580358,1.077146949,1.101634751,0.156040427,0.184634698,955.9513458,815.3777374,166.1650308,234.8371746,4.208944267,1.138069855,0.998833861,0.095251851,0.103254662
1820,1,2,37,19,,,1.221439408,1.190923579,2.626518774,413.9265503,-0.730420127,-33.96061228,4.300526918,-0.679216036,1.083574053,1.02784027,0.161610149,0.170973512,979.9404931,828.5396043,295.0841654,226.3714856,3.589538508,1.087319595,0.979160123,0.237534063,0.141789809
1821,1,1,37,20,,,1.208017803,1.213901673,2.587233774,180.4281664,-0.355080305,-34.67672782,4.923177733,-1.205947895,1.034677843,1.06017774,0.24957641,0.134520796,967.7137999,1016.421313,260.8490588,228.268808,3.179569553,1.084239934,1.150151381,0.112147512,0.127230446
1822,1,2,37,21,,,1.181841506,1.241227431,2.521960733,509.5168611,-0.043096035,-28.60006592,-0.202488611,-0.551184911,1.020145887,0.995233179,0.217068531,0.087524854,948.8085945,850.1685387,274.1699369,290.7343811,4.314552498,1.063457808,0.988627646,0.100318917,0.019895226
1823,1,1,37,22,,,1.225427473,1.200674918,2.61733369,388.0602905,-0.595533418,-23.15516586,4.762777508,-0.26627864,1.070862221,1.022124074,0.117316975,0.086211916,923.881937,804.1129292,180.7069267,312.4145347,2.365249955,1.007265467,0.960403852,0.153065629,0.19866819
1824,1,2,37,23,,,1.218781281,1.215115002,2.535911135,232.2572669,-0.187110202,-30.89509877,2.981153732,-1.232255194,1.038638892,1.050876522,0.155664257,0.088827011,949.2316958,779.875726,222.3373551,237.62865,4.145434084,1.088647616,1.074411476,0.152502174,0.133474219
1825,1,1,37,24,,,1.200310607,1.20212877,2.480415146,57.30746797,0.189858505,-22.381223,5.619311884,-0.372194353,1.162117911,1.038413712,0.199770286,0.200842822,936.0126337,848.413104,254.9452133,288.3338499,3.715554989,1.116795307,0.885695132,0.118282669,0.08640307
1826,1,2,37,25,,,1.200740272,1.201310289,2.555633535,232.2958903,-1.006647035,-6.273782518,1.892870948,-1.192940776,1.101970143,1.053613677,0.182126294,0.115199546,859.9727088,997.060996,28.60461353,390.5785882,3.37002103,1.091271652,1.104047109,0.259449249,0.113506309
1827,1,1,37,26,,,1.214463922,1.207954413,2.678001857,298.9953784,0.934733119,-19.22084282,-0.80379557,0.511819892,1.052263798,1.127204007,0.214352851,0.089358027,1004.70686,961.3979806,298.7035411,251.4705625,4.627921364,1.053767483,0.949144447,0.231313115,0.150732882
1828,1,2,37,27,,,1.186383189,1.197708142,2.5459853,391.0573047,0.455378382,-27.40965621,-2.639944019,1.045650544,0.999262165,0.974196281,0.055151936,0.111644414,960.2491531,949.1870063,140.0934958,251.6395302,2.92195243,1.069650364,1.104731295,0.136662405,0.110595873
1829,1,1,37,28,,,1.192717281,1.169426186,2.574406769,313.4656148,-0.239100472,-14.95543857,1.417550749,-0.198978091,1.113971388,1.046689394,0.217147928,0.107940579,1004.522713,769.0946989,135.8814899,377.0099548,2.323981203,1.065469618,0.971404677,0.167640316,0.144924742
1830,1,2,37,29,,,1.188663457,1.216416376,2.587139072,291.0962143,-0.170562658,-33.77912186,2.271071269,-0.361653616,0.974288617,0.987439761,0.209367397,0.09976366,818.7889687,995.1715605,254.2226088,221.3889306,1.30441471,1.074755492,1.048924531,0.298995849,0.091392724
1831,1,1,37,30,,,1.197913158,1.169313648,2.504535121,109.1281125,-0.686584457,-13.64647769,3.9845114,-0.870096161,1.133766678,1.089107378,0.166438252,0.181084021,1044.701525,1015.182106,81.62909506,83.13775207,3.713507426,1.040538486,1.027069106,0.246353337,0.173614539
1832,1,2,37,31,,,1.187453146,1.199395445,2.650247283,244.4981133,0.601811336,-12.85809631,1.286713228,0.51099609,1.068618737,0.948116947,0.1976371,0.095908658,1025.328263,868.1810863,291.6136098,188.8835387,3.984423514,1.139885033,1.026545716,0.202062756,0.167127
1833,1,1,37,32,,,1.188876207,1.226275782,2.524621153,269.4523463,0.52445958,-18.73324647,0.785827625,0.293779222,1.06741923,1.026661442,0.320670323,0.18224702,952.8041911,918.4135405,229.1225454,334.4561888,3.520656766,1.083508628,0.974912333,0.196119127,0.15406308
1834,1,2,37,33,,,1.164275605,1.242116752,2.57883193,320.8352894,-1.796676685,-29.20338452,1.831362907,-1.233989704,1.080530952,1.092702606,0.166730675,0.121259435,996.3490369,856.5589888,141.4622472,23.41151379,2.582491843,1.067337826,0.954256354,0.204208411,0.139346111
1835,1,1,37,34,,,1.200946118,1.219394173,2.554392623,134.9438267,0.170397242,-33.16588176,3.41775433,-0.725005231,0.97294247,1.123623094,0.220920411,0.119943076,928.3165347,726.6187603,281.5459315,139.5420297,2.966240343,1.05152622,1.025204884,0.217506444,0.171175509
1836,1,2,37,35,,,1.192054778,1.199949451,2.615722161,275.4985051,0.087452268,-13.8724118,2.526679516,-0.340143455,1.036969725,0.960841175,0.263106778,0.154722499,968.6160764,981.7120522,172.5717955,196.7042034,2.595715488,1.072607972,0.942939699,0.27415542,0.159052318
1837,1,1,37,36,,,1.183140489,1.186429242,2.546792343,389.2998128,-1.381428306,-34.04521284,5.666077544,0.016971317,1.042663667,1.06652742,0.133247302,0.142050975,947.5426611,927.2877139,249.2836614,390.0993546,3.429276114,1.127466594,0.973740038,0.163723899,0.077359223
1838,1,2,37,37,,,1.20603331,1.235477614,2.684879051,404.6765304,-0.533073449,-18.04995981,0.613381537,-1.067245652,1.059706336,1.071638951,0.237773668,0.146570193,927.4653338,875.4718556,87.25840701,213.1606011,2.794909995,1.01957579,0.993496347,0.203124769,0.149236592
1839,1,1,37,38,,,1.169129063,1.216780958,2.587968768,233.6322165,0.133462625,-48.45195701,3.239547757,-0.338362461,1.093597036,1.112635231,0.211544057,0.134481519,896.3012478,750.572381,205.540758,131.0298657,4.127711258,1.009576703,1.007055346,0.240855373,0.152110527
1840,9,2,37,39,Fails: T2.0,,1.180811589,1.220490885,2.615611332,-11.65268366,-1.50738613,-17.90661494,2.126255253,-0.576611546,0.993387492,1.128508254,0.083817909,0.156187093,924.1649114,927.6083509,203.8419409,198.0748436,4.856391168,1.092557741,1.034829211,0.267486736,0.119564424
1841,1,1,37,40,,,1.232083054,1.185947555,2.590636651,183.0240395,0.117359684,-12.31085002,3.526654397,0.709563759,1.084931073,1.048650346,0.242343206,0.078259499,908.1415201,804.2970398,223.615663,149.7896141,2.771674192,1.065387524,0.939282193,0.156065254,0.162079461
1842,1,2,37,41,,,1.198688096,1.205140619,2.564733363,181.1394874,0.046401719,-23.78592503,1.649119609,-0.267226832,1.075636691,1.060979597,0.177160283,0.085270249,915.2565916,916.1297287,112.4418618,257.7531376,6.120747643,1.004633504,1.063711766,0.096453436,0.057206715
1843,1,1,37,42,,,1.221731751,1.223048033,2.60128716,275.4856156,0.45210422,5.948155876,-2.088039955,-0.37175097,1.04094906,1.019002675,0.264642976,0.147955118,941.1541682,866.5207619,265.5249609,343.1750191,4.560536781,1.032221329,1.107171078,0.160433795,0.131015021
1844,9,2,37,43,Fails: T1.1,,1.172606031,1.271654737,2.675911802,236.1089459,-0.226167978,-30.34602386,4.255587492,-0.921493827,0.964086606,0.969983872,0.180648209,0.147230183,991.9848161,974.1662885,255.8351915,219.1069141,3.441511514,1.108839856,1.067988464,0.18932874,0.142461312
1845,1,1,37,44,,,1.185168954,1.248987517,2.552255228,355.0754123,0.036079143,-7.099436011,2.323315254,0.733006052,1.05354906,1.031620194,0.210083068,0.101189712,992.6483174,872.6817223,149.0807343,189.0700017,2.624512887,1.094724443,1.040274816,0.177526573,0.155607423
1846,1,2,37,45,,,1.183244413,1.226460184,2.481784439,256.6325118,-0.408257328,-18.07358513,4.104954871,-0.657513411,1.055628901,1.031029681,0.247802927,0.095683357,1071.357897,956.5123226,296.8509985,175.7131889,3.13029699,1.021477436,0.984679713,0.198547296,0.141679918
1847,9,1,37,46,Fails: T1.2,,1.163810979,1.189091038,2.755839711,283.5842571,0.126263696,-38.74473607,2.868147641,-0.652523673,1.110208583,1.07860472,0.231461198,0.128024604,911.8666634,829.359209,192.8567124,167.4893124,3.340460918,1.117236323,0.938184743,0.228856525,0.123282517
1848,1,2,37,47,,,1.213496581,1.253800689,2.581730598,504.7843845,0.268998672,-31.51548814,2.873715112,-0.34114614,1.05498797,0.94606877,0.246956312,0.137402374,785.953586,793.6989177,308.3745946,290.2411369,3.316378571,1.114574907,0.955515008,0.101769377,0.134329099
1849,1,1,37,48,,,1.206759353,1.207481342,2.658607243,211.3443284,-0.425859743,-45.44126397,1.289144663,-0.790432826,1.089879534,1.003132309,0.144445144,0.094577629,977.0516643,981.8312581,70.74669042,305.240313,4.620065484,1.044798481,1.072328947,0.180983487,0.132912599
1850,1,2,37,49,,,1.160027277,1.223073862,2.576377035,214.9821488,0.614203537,-35.40848629,0.086795179,0.288262701,1.098220142,1.01454448,0.221834154,0.025399735,907.1996971,902.1509274,203.5828763,188.4944137,3.544245177,1.056532792,1.015394718,0.191298575,0.123246338
1851,1,1,37,50,,,1.171995936,1.21325624,2.53870289,251.526532,-0.636321276,-8.508049644,1.689528585,-0.364047002,1.123392077,1.009179135,0.125058073,0.089880929,994.9586953,997.5936912,61.08280151,392.0474746,2.914944157,1.019669384,1.182513385,0.120588922,0.094288002
1852,1,2,37,51,,,1.224406055,1.214101558,2.625593854,446.9526114,-0.547079254,-34.2003975,7.359206235,0.668406531,1.033794083,1.111328042,0.261299924,0.070511912,1112.620354,928.6219784,133.4711384,220.80995,5.629129072,1.065409036,0.979207938,0.239561456,0.15296882
1853,1,1,37,52,,,1.16452771,1.194917238,2.572486766,445.5074059,0.57262459,-9.668991572,-1.781954506,-0.468473185,1.085506981,0.988624451,0.17467897,0.127597569,989.80754,943.8017893,155.5980086,118.3810426,3.902023645,1.048597863,1.044941271,0.146402323,0.14034637
1854,1,2,37,53,,,1.21047507,1.19629976,2.641404235,288.7939054,-0.017117514,-31.52278117,-3.243907386,-1.248817805,1.036043833,1.135307953,0.16400305,0.081674705,731.0316967,721.5530743,171.4035504,262.5663213,3.741790261,1.076525532,1.047723829,0.28956222,0.137199697
1855,9,1,37,54,Fails: T1.0,,1.137885255,1.22745718,2.591003864,293.7648195,0.342195303,-34.66927968,0.160039206,0.280085362,1.028670222,1.10629449,0.26342125,0.14435283,941.0701907,732.1447433,90.23055028,259.1553761,2.641697762,1.110049117,1.00732614,0.287899369,0.06327459
1856,1,2,37,55,,,1.208698154,1.20000161,2.617598472,93.58599395,-0.621957663,-11.21680654,-3.097600913,0.101048857,1.079207331,1.143191153,0.167857813,0.071087305,981.384105,788.0827634,248.6794708,403.6945299,4.840371934,1.031945431,0.914703609,0.168369846,0.163585722
1857,1,1,37,56,,,1.188171112,1.223104997,2.513935584,209.7605343,-0.541834452,-13.04251804,-0.572462359,-0.921328677,1.13089036,0.989092078,0.185130786,0.119681843,1004.403893,935.7211146,204.6540128,230.6562115,4.384281971,1.076467663,1.078895494,0.186803435,0.081285972
1858,1,2,37,57,,,1.204917489,1.202372958,2.636133887,211.5424874,0.245662416,-26.58595734,4.333598026,-0.154875349,0.997482574,1.13087889,0.104854691,0.114425449,861.894312,1004.329044,237.3496644,239.867215,3.859576785,1.0451953,1.029762185,0.263076012,0.126678678
1859,1,1,37,58,,,1.169448433,1.188031461,2.594499559,120.2511651,-0.494891648,-16.03926033,-0.836793039,0.047576868,1.067786956,1.098977701,0.254843881,0.082669894,924.5594362,898.6092541,190.4496698,214.1119887,4.964522828,1.075282512,1.014620175,0.203307864,0.158902209
1860,1,2,37,59,,,1.190277896,1.212354321,2.517017155,378.3779068,-0.615932721,-28.9296596,3.418464174,-0.571481511,1.115715267,1.020417867,0.142336698,0.128531675,837.2839731,724.3959248,182.3836824,282.7419865,4.152006612,1.057262091,1.061321503,0.127640764,0.140689791
1861,1,1,37,60,,,1.205539398,1.219660351,2.552974946,284.1011687,1.053164374,-7.436108074,0.082292453,-0.778376841,1.050586615,0.959853808,0.1946514,0.09118366,954.3337839,1017.159084,4.338948591,196.5982186,2.087397826,1.094049918,1.054087172,0.216994355,0.116637047
1862,1,2,37,61,,,1.175988617,1.219095205,2.474088498,260.4297823,0.512395212,-32.46567438,0.011271898,-0.694783663,1.100994285,1.06990314,0.25410102,0.129803684,1060.111043,869.2897394,199.1827453,118.0979451,3.212249616,1.06761044,1.003753985,0.273432732,0.090482173
1863,1,1,37,62,,,1.193238455,1.185024253,2.530594197,123.7775819,-0.986317111,-33.53333658,2.222242213,-0.113758087,1.033921364,1.103071277,0.202238149,0.134003415,986.0256768,923.8444176,161.9881324,299.593202,4.454601172,1.149951307,0.956865696,0.064818453,0.179735818
1864,1,2,37,63,,,1.195559447,1.193939249,2.592072342,257.2916442,-1.222265279,-11.63624046,-3.937536783,-0.167970419,1.021415146,1.101507758,0.159468535,0.074496343,928.5384696,918.8422356,373.2268411,137.4200693,2.502055883,1.015262724,1.024226869,0.187560948,0.128135295
1865,1,1,37,64,,,1.217217877,1.1788036,2.568547272,233.5792485,-0.504532832,-28.46899389,-1.95583046,-0.708304855,1.097262018,1.077857659,0.243131915,0.130068495,891.9756559,806.5295036,227.0561452,381.2154012,2.744626699,1.081015364,1.00046084,0.150220996,0.158000855
1866,1,2,37,65,,,1.214437005,1.218351821,2.512478002,433.4715622,-1.117320789,-19.97961377,-0.272967215,-1.066612724,1.098686096,0.937704815,0.15563704,0.080409857,964.9768793,982.8663621,258.9622878,436.2286418,3.598596716,1.034763253,0.990972148,0.264025936,0.110144073
1867,1,1,37,66,,,1.206072082,1.209558299,2.539793415,321.262846,-0.500688829,-24.78922376,1.317494495,-0.588062087,1.004136781,1.008990386,0.172979252,0.092848404,906.8727059,923.9981813,175.0175177,114.4234849,3.922876783,1.108051157,1.002762431,0.233381078,0.065262894
1868,1,2,37,67,,,1.179143293,1.228216687,2.592553622,210.579997,-0.597960197,-13.41005647,-0.52686542,1.278680104,1.010605662,1.057106663,0.271088831,0.153012024,1079.507933,893.0345018,110.6362135,109.580607,4.513578134,1.129984281,1.094450915,0.182763078,0.185510329
1869,1,1,38,3,,,1.199713081,1.204206583,2.572973913,380.0145003,-0.23229276,-22.90058314,4.041573264,-0.701700642,1.109843212,0.989626699,0.16209499,0.211134474,907.2405651,889.5136885,287.1372454,257.8937784,4.767067344,1.069223885,1.022783334,0.252780211,0.115104831
1870,1,2,38,4,,,1.183716758,1.214297318,2.464964539,486.8913282,-0.595294097,-16.05105971,1.618622517,0.324128353,1.03547067,1.011167591,0.218516559,0.042689619,852.4498897,976.1193315,223.2093966,342.0368528,3.529216506,1.065394254,0.97956115,0.33335408,0.079994128
1871,1,1,38,5,,,1.206675953,1.216013281,2.525131308,155.6004263,-0.39831854,-27.5820037,5.746644525,-0.808362768,1.110390054,1.001389378,0.182823914,0.140492037,945.8166286,973.0745589,194.1062664,351.7036321,5.373008312,1.04389292,1.13262302,0.16864328,0.134762492
1872,1,2,38,6,,,1.173735092,1.207264358,2.612805587,355.292527,-1.040746958,-29.81686819,3.849042609,1.057129393,1.054350482,0.919774533,0.206192542,0.132122789,930.8642047,994.5366934,181.1947733,322.8546375,4.647607207,1.033898537,0.984302889,0.225182928,0.136146275
1873,1,1,38,7,,,1.168937921,1.216063875,2.587166777,169.9671123,0.292748355,-15.74334884,7.254683645,-0.902272627,1.033248603,1.036166168,0.096640899,0.144210706,966.7900755,932.6572337,273.4275355,275.388154,5.640526266,1.080718254,1.105698943,0.202162473,0.18073587
1874,1,2,38,8,,,1.173452184,1.226022695,2.639231825,353.6985863,-0.324842615,-7.422908276,4.896099979,0.075247126,1.006326634,1.035696073,0.25844546,0.101829916,1006.505787,884.4987025,140.250853,141.6840912,1.435459632,1.10100458,1.070016443,0.149606512,0.127329982
1875,1,1,38,9,,,1.17348103,1.222710397,2.521182807,317.5383306,-0.230025887,-32.51753599,2.487807353,-1.98013988,1.074239614,1.111126125,0.206602164,0.164440904,917.5313687,859.6710724,95.90022304,201.5938741,2.559842577,1.071193617,0.946809435,0.23787509,0.152448488
1876,1,2,38,10,,,1.20253757,1.227212794,2.507713932,225.8712454,0.202201721,-29.31316038,2.93724326,0.203999503,1.065619411,1.022679408,0.151543504,0.10139291,953.539638,693.3056188,312.4729369,204.3461822,4.431116132,1.128987553,0.881477127,0.168055307,0.164948538
1877,1,1,38,11,,,1.161869224,1.186064211,2.444394501,195.1124704,-0.442853246,-29.61928441,5.927754807,-0.703773113,1.095480512,1.005160929,0.083378083,0.043150751,931.7067987,961.8570944,304.6167461,410.9468896,4.18586426,1.126045845,0.900228994,0.349686444,0.15259596
1878,1,2,38,12,,,1.167768837,1.200129188,2.626990653,278.6573076,0.226785381,-12.98492001,3.166490947,-1.275787311,1.045452569,1.016368617,0.102866653,0.153170587,1022.175997,1007.00937,223.2838735,330.2032694,3.096156221,1.106581771,0.972297471,0.216232594,0.152340808
1879,9,1,38,13,Fails: T4.2,,1.187960479,1.184980028,2.639170283,318.2124422,1.74705179,-13.09447866,-3.926677382,-1.490771988,1.087052059,0.884468308,0.38655309,0.135388945,979.0185309,827.5811226,192.8227981,163.5893838,3.543360299,1.101698378,1.068079813,0.207432191,0.127169613
1880,1,2,38,14,,,1.207341295,1.209360796,2.552987399,225.8593393,-0.078053325,-13.14759612,5.128356349,0.779429176,1.047284061,1.192445396,0.174847315,0.126364588,857.1245638,834.983834,228.3375185,193.5636704,4.584292347,1.041420139,1.006987389,0.257275854,0.132634793
1881,1,1,38,15,,,1.179314252,1.194427813,2.656178028,268.708047,-1.066340301,5.014789202,0.174680294,-0.173334064,1.122947538,1.043027515,0.210236398,0.09577696,998.0735116,763.1738418,278.559544,231.6965634,3.353064962,1.117907636,1.027591272,0.307680529,0.170416749
1882,1,2,38,16,,,1.194487256,1.213212677,2.584986159,261.2763274,-1.63484365,-29.06432215,1.607631486,-0.353833574,1.063106131,1.115166572,0.231445369,0.057379233,871.5094004,1000.538539,50.0418016,150.2484777,3.622288547,1.100301186,0.87523025,0.217521088,0.129118859
1883,1,1,38,17,,,1.176833719,1.195789274,2.547574242,279.6357963,-0.450748289,-17.09278217,2.309930013,0.334699124,1.102841668,1.101904112,0.328351732,0.095973307,923.0282119,787.5637723,286.0365343,267.808268,3.428524855,1.031133477,0.950978863,0.185201678,0.142169344
1884,1,2,38,18,,,1.197370433,1.195999087,2.641422605,341.3208607,-0.917500278,-13.4506928,-0.936532546,-1.481697116,1.07549078,1.072241743,0.271217787,0.153151423,876.6524344,832.5072961,246.8648442,284.1993379,4.872855135,1.091820243,0.906917805,0.22317651,0.209561144
1885,1,1,38,19,,,1.197233228,1.20184624,2.596528777,373.8736535,-0.347325975,-11.95187991,5.559101407,0.326197043,1.076194256,1.046509185,0.163413777,0.022937337,842.0335018,835.1287312,284.0469071,158.9539955,3.333912034,1.042705017,1.0233948,0.240333354,0.166595292
1886,1,2,38,20,,,1.202527742,1.186590463,2.647523298,368.7177555,0.169228343,-20.39853677,-0.283958681,-0.686615332,0.998640305,1.023165885,0.065079249,0.108497774,915.6748845,985.4182355,305.3491629,191.4830016,4.763569949,1.020289109,1.141759871,0.151700092,0.107940966
1887,1,1,38,21,,,1.221053822,1.204999854,2.587906945,539.2889137,-1.353661687,-23.83870732,-1.056944426,0.392244995,1.018387481,1.005267654,0.229266873,0.122596919,1090.899447,719.763949,209.7712954,99.29550761,3.360505067,1.005346337,1.024732219,0.206885776,0.116215849
1888,1,2,38,22,,,1.210911055,1.177247756,2.589191586,352.2871767,0.45549328,-28.58993602,0.261811876,-1.344111163,1.064480087,1.076264596,0.253788786,0.097681355,972.3583204,1065.416842,434.3576637,333.0106135,4.914731137,1.045652577,1.172734276,0.27094585,0.137339772
1889,1,1,38,23,,,1.208381055,1.225373451,2.510761265,208.4765913,-0.298109558,-28.32044253,5.435397945,-1.69634608,1.080824684,1.005833385,0.186204286,0.142233299,817.4771845,866.0229818,195.3239428,247.4608701,2.565357726,1.070971943,0.93560959,0.114814642,0.156727869
1890,1,2,38,24,,,1.193156273,1.230813985,2.515354236,195.6105403,0.556359673,-21.94993564,2.710221534,-1.009672363,1.076477122,0.933231665,0.122708279,0.128334359,1035.80072,899.4332025,249.1246616,386.6340417,2.931733015,1.059262098,1.100387317,0.173927533,0.136511517
1891,1,1,38,25,,,1.225581213,1.185999836,2.613021744,357.9304202,-0.002703369,-8.182967138,4.604644609,-0.139124546,1.047687316,1.027252255,0.210180653,0.111885498,853.7786004,951.3903869,333.7285762,332.6974065,3.072255527,1.060002688,1.020891591,0.220794214,0.176756303
1892,1,2,38,26,,,1.201598042,1.208811784,2.619069262,336.9921939,-1.044456133,-18.80040477,2.890285649,0.000459851,1.048231482,0.923792301,0.110546757,0.082089438,991.3729594,719.1401545,267.8394749,331.4604347,3.225717251,1.021957209,1.087752808,0.296392139,0.109757182
1893,1,1,38,27,,,1.184034667,1.206751356,2.607068928,363.5205145,-0.584426557,-22.59374768,1.951674191,-1.021244207,1.011767073,1.031801488,0.123627598,0.154883175,921.8846759,825.3356484,199.9859005,334.6743433,4.169401185,1.046600094,1.078169357,0.243289968,0.14144258
1894,1,2,38,28,,,1.204394689,1.195341972,2.679673686,413.5726574,-0.303773321,-18.70885858,5.225925973,0.136048506,1.052977056,1.007169684,0.103567151,0.069045116,837.4761502,844.5217763,286.8593072,112.0419639,4.270474605,1.042331416,0.96807587,0.190744064,0.130696251
1895,1,1,38,29,,,1.188467167,1.208182639,2.508462253,189.2629992,-0.711431991,-29.48172734,-0.519378207,0.255644821,1.022459632,1.024239765,0.165942063,0.108326257,904.4598959,826.6423086,244.5754374,208.9823323,3.700064027,1.125382093,1.091333175,0.224111944,0.123905273
1896,1,2,38,30,,,1.151577132,1.212490239,2.547301825,372.3054915,0.630589117,-20.58800518,4.008745778,0.147317535,1.027316294,1.025052852,0.259326471,0.110024067,788.1284071,904.1336296,260.8757212,229.1703348,4.505565131,1.015450845,1.019747641,0.2177953,0.143039867
1897,9,1,38,31,Fails: T4.1,,1.187834033,1.183961966,2.577301094,344.4930211,0.701813187,-8.899664995,-1.343678401,0.2339381,1.024012386,1.204430785,0.239305094,0.092801398,1018.664585,978.0374587,250.7050491,66.40321999,4.445028443,1.108326429,1.04790057,0.187319399,0.194557252
1898,1,2,38,32,,,1.188549864,1.214887081,2.663394609,280.1503962,-0.991769416,-18.29878741,2.288172421,-0.17532823,1.00109849,1.084088236,0.195717457,0.103325975,928.3357856,933.1570275,202.8134658,142.5893343,4.300650692,1.108698101,0.995888651,0.25337137,0.175633307
1899,1,1,38,33,,,1.199522182,1.19516332,2.650739353,465.291104,0.291521798,-4.567858869,0.490449329,-0.644118123,1.100068005,1.108711428,0.188651819,0.11292159,1062.073864,793.7421202,318.3597614,236.3892454,3.515004243,1.121548366,0.91203847,0.194829628,0.120526489
1900,1,2,38,34,,,1.175893612,1.205772972,2.651207147,375.9175492,-1.021433052,-17.78578556,-1.769766574,1.131360347,1.076664507,0.950457852,0.226234216,0.20499285,981.9179036,796.8831832,275.884628,255.5785906,5.004938042,1.078137441,1.087500608,0.150261877,0.104475213
1901,9,1,38,35,Fails: T1.1,,1.17626969,1.261327073,2.500786358,494.9344288,0.055839766,-26.97082635,2.48901483,0.824932137,1.1250594,1.150343215,0.227624074,0.129943472,895.1248085,936.6954928,106.9925497,299.8200559,3.88686561,1.059988957,1.093404889,0.205103703,0.103540248
1902,1,2,38,36,,,1.185802799,1.199443299,2.604150753,223.4873814,-0.172503525,-23.5303974,2.863220007,0.239391251,1.112821773,0.953591458,0.258618674,0.136473498,923.9545509,1073.269366,107.9681115,101.9369765,3.326274747,1.049821788,1.107310729,0.197381722,0.151641572
1903,1,1,38,37,,,1.200347981,1.21139572,2.476224855,330.1457584,0.496313823,-37.3351339,5.083225971,0.487307744,1.102586243,0.938402766,0.233237525,0.115671856,973.7035843,824.1538732,240.5391712,291.1207453,3.081502084,1.065668455,1.010188851,0.103560713,0.065308933
1904,1,2,38,38,,,1.18104157,1.192780492,2.57416453,237.3573249,-0.657251455,-6.857497257,3.600605345,-0.175296677,1.100367097,0.89070383,0.268566704,0.189233361,987.1687867,801.0374609,96.05466964,217.659844,2.868561193,1.081044942,0.97728702,0.233850809,0.154210821
1905,1,1,38,39,,,1.184388274,1.209165108,2.553120584,222.3461147,-0.321711617,-30.26857541,5.284782837,-0.58376113,1.074819789,1.057260093,0.224428491,0.059725778,877.1194057,742.3905477,120.5409698,244.0268477,2.930185303,1.044401913,0.905279054,0.125930892,0.189597714
1906,1,2,38,40,,,1.224950476,1.191991055,2.570705937,380.5118602,0.363487882,-29.5029916,5.928165681,-0.1608169,1.091691386,1.075113655,0.222213378,0.07971944,947.8066613,967.5989817,251.2370401,345.5620169,2.403166146,1.022483114,1.032964866,0.088094206,0.135792524
1907,1,1,38,41,,,1.211528483,1.215406297,2.572371454,227.0841579,1.261812228,-15.7431725,3.739844797,-0.252858213,1.08180023,1.015332639,0.179923916,0.166800494,1024.210399,889.2857402,186.9925225,285.932049,3.779203172,1.139359076,0.990688898,0.159555869,0.131419868
1908,9,2,38,42,Fails: T7.1,,1.212391846,1.225495375,2.592577352,257.8921098,-0.132677002,-20.73621411,4.370368338,-1.667746045,0.984161474,0.984285436,0.25186087,0.117806443,1042.728153,828.9344628,308.3903789,265.043609,2.881184468,1.032773423,0.82572142,0.290013284,0.139022322
1909,1,1,38,43,,,1.209915778,1.212810156,2.583733037,249.603848,-0.687885881,-12.48229601,3.097833863,-0.682059448,1.030111525,0.948611996,0.188693442,0.063312395,1062.035401,896.6960832,189.1507807,237.4546742,3.262750264,1.114319193,0.934784861,0.197916296,0.118511713
1910,1,2,38,44,,,1.19830416,1.239181227,2.668071666,223.512968,0.122172837,-27.14786476,0.81847153,0.357399916,1.062484565,0.949327755,0.166412301,0.142532411,992.4364171,803.9393412,111.9301766,290.2254063,3.099239497,1.060139634,1.054871835,0.241378903,0.151475206
1911,1,1,38,45,,,1.191861734,1.200843944,2.581322341,365.3644647,-0.733571514,-10.22209577,-3.134709932,-0.652382753,0.964146869,1.039632319,0.155466641,0.067254479,990.2261231,955.4705449,320.3203598,217.8991155,5.204935109,1.030665277,0.896502287,0.209961224,0.11226243
1912,1,2,38,46,,,1.169333034,1.188505507,2.594973267,86.16029944,-0.668323683,-20.41188763,-0.434614152,-0.131964812,1.116018563,1.033554354,0.190099043,0.102347964,900.9356177,971.7841755,322.5167892,222.7838104,3.302011166,1.056467883,0.994538057,0.215154742,0.096270743
1913,1,1,38,47,,,1.190439556,1.184666024,2.489106732,167.9504289,-0.417099976,-37.26757779,4.413518297,-0.829984251,1.03750694,1.054152936,0.14068529,0.025653442,947.7939629,842.6585578,311.7737888,157.1862691,3.68448044,1.086849797,1.001695248,0.196228911,0.020853304
1914,1,2,38,48,,,1.198678233,1.197871119,2.593242903,300.7018383,0.539108866,-1.913341196,0.519137625,0.252198316,1.023450845,1.02237668,0.24736937,0.097062509,928.2458603,997.862165,208.387146,325.4771578,2.335325986,1.118435115,1.006131702,0.307234973,0.148656807
1915,1,1,38,49,,,1.194583944,1.218991311,2.618793246,378.3446538,0.001101008,-14.04030106,4.263505699,0.672125986,1.084512242,1.013491655,0.249973127,0.094187063,1071.261484,949.9917584,131.1153477,266.7646681,4.035025977,1.151435747,0.943495756,0.147570594,0.051704535
1916,1,2,38,50,,,1.205384045,1.199699055,2.681802434,342.2002294,0.194676068,-11.92370937,2.402207463,0.327568305,1.078697505,0.94202917,0.22800771,0.097011238,819.8931208,886.6949392,56.26434465,204.1412996,4.571373566,1.150446787,1.048642292,0.250228201,0.108903305
1917,1,1,38,51,,,1.192584743,1.225787702,2.631510271,368.2877823,0.747202248,-20.32588905,-0.578472436,-0.706767617,1.120407691,1.064102815,0.133748525,0.163760347,843.2602954,913.1251868,222.7203559,182.5850465,4.968846214,1.123285011,0.964582293,0.182273984,0.110343257
1918,1,2,38,52,,,1.181851186,1.177683806,2.636909379,389.01577,0.028742163,-32.74584061,4.294568955,0.161826046,1.010311808,1.033983188,0.198926604,0.116818859,1065.040362,946.4935867,274.4468367,314.6905869,3.387714194,1.054995962,1.010191953,0.290440904,0.149381127
1919,1,1,38,53,,,1.197212408,1.226393586,2.633321597,550.6093953,0.040656942,0.877921916,1.620067763,-0.901987349,1.058777801,1.08624305,0.243001701,0.185972625,967.6550652,867.1467443,292.3232013,264.0286113,3.7550791,1.108745064,0.926081905,0.116954536,0.154493827
1920,1,2,38,54,,,1.199321385,1.234646757,2.549086631,295.6150202,0.249366929,-10.47320698,2.67930457,-1.689183266,1.052081388,0.964607694,0.197610288,0.074949909,847.4856565,935.612157,333.8841948,343.3009108,2.570337608,1.128757826,1.0692556,0.158872506,0.09742391
1921,1,1,38,55,,,1.207356636,1.183671183,2.560561331,335.6588266,0.032335515,-33.81488501,-0.085066082,-0.699946652,1.077732128,0.996508338,0.152544415,0.036726569,851.8196883,800.6587022,297.3155655,283.5993081,5.148884337,1.053135324,0.942792345,0.262400235,0.142879725
1922,1,2,38,56,,,1.20472897,1.230259515,2.544207249,305.3194336,-0.093028652,-12.72286006,6.994120646,-0.822482987,1.0805487,1.031689879,0.252861751,0.159671551,1025.661788,1022.308478,220.8137213,296.3019637,3.288221577,1.081634333,1.041818055,0.191206532,0.114795212
1923,1,1,38,57,,,1.215770115,1.187127423,2.57363756,289.9893046,-0.193596193,-24.20052591,-1.948391936,-0.371788409,1.05098733,0.990245478,0.244714208,0.142429592,1007.549128,877.403371,273.2079321,142.9328921,4.133101476,1.101996246,0.977521322,0.228703567,0.149460235
1924,1,2,38,58,,,1.199968059,1.24323545,2.538431274,211.7643685,-0.69223377,-29.62307675,1.289290904,-0.487248015,1.017804958,1.009783581,0.25357853,0.10971026,1029.106953,904.3845964,204.4616724,222.3695291,4.265733796,1.104067861,0.972500631,0.188492294,0.139311276
1925,1,1,38,59,,,1.192723448,1.229270053,2.497863244,191.6068386,-1.882266709,-27.39501152,1.063903388,0.004425494,1.028447752,1.076554227,0.180922276,0.063703772,803.0046862,879.3571768,161.0207167,292.4674686,4.531032851,1.016216025,1.048943355,0.137992113,0.118434554
1926,1,2,38,60,,,1.187821823,1.213540445,2.542193927,188.0194885,0.729594676,-16.91762966,2.672022712,-0.687500815,1.073003171,1.097314528,0.112171973,0.095133757,877.2321885,954.3050253,216.9987705,243.2668218,2.751005858,1.064510619,1.035086974,0.253275811,0.143590379
1927,1,1,38,61,,,1.214817175,1.226438282,2.593838652,363.9072663,0.058809821,-22.89426384,-1.009126629,-0.241811862,1.090879167,1.026088407,0.177838322,0.04782285,861.5445241,1049.346534,411.4522467,242.9937654,3.267813129,1.083876591,1.010201971,0.324958739,0.111822605
1928,1,2,38,62,,,1.188314171,1.211161722,2.551387725,369.3462342,-0.036386345,-18.99724889,-2.140033001,0.300900656,1.069881781,1.068743227,0.044684649,0.134118386,1053.76023,974.7848324,192.7679918,366.4890078,5.397995746,1.084317593,1.001188018,0.290331451,0.174001975
1929,1,1,38,63,,,1.180515282,1.210561978,2.583892405,184.441069,-0.149245393,-13.73523033,-0.97405336,-0.804639579,1.087210333,1.115846142,0.226002802,0.072172134,1032.102658,911.6202581,296.0467998,219.335766,2.86737736,1.037399198,0.921048342,0.151390832,0.150857615
1930,1,2,38,64,,,1.18118335,1.237720903,2.578489084,251.7600793,0.013156147,-23.2528344,2.465728008,0.290749709,1.063778248,1.061690763,0.237253369,0.1214835,904.5260098,878.1077613,192.7101725,192.0828662,3.403935815,1.082244237,0.965899544,0.076180275,0.11522869
1931,1,1,38,65,,,1.182474769,1.190508375,2.529732346,303.1918849,-0.318417525,-13.53494641,1.28787001,-0.067726814,1.155242836,1.067480059,0.216035747,0.092849641,886.01973,842.7942776,290.5138207,313.1172229,3.098563091,1.019337232,1.013721284,0.286303352,0.153311422
1932,1,2,38,66,,,1.162369691,1.221212257,2.640217226,264.8200927,0.903223064,-12.39684619,1.836961281,-0.214671495,1.109357706,1.067839355,0.199234934,0.114766837,983.5951204,882.3160714,209.3630842,181.603208,4.499791747,1.110517148,1.007776237,0.111242017,0.138406656
1933,1,1,38,67,,,1.202521777,1.191118977,2.493666433,239.8668334,-0.355144599,-24.45035211,3.535941102,-1.073001313,1.109463543,1.076309571,0.200340857,0.097446321,952.97493,918.6316938,250.9816519,173.015889,4.731926406,1.06872919,0.955204079,0.134961193,0.170851853
1934,1,2,39,3,,,1.207152977,1.207180899,2.541816642,371.0219102,-0.138406074,-14.59544641,2.270301933,-0.38211692,1.019793226,0.945914768,0.077724282,0.192901076,808.4661922,895.6808869,347.947083,357.5119304,3.104236713,1.071405182,0.973692624,0.194525011,0.158360482
1935,1,1,39,4,,,1.196131275,1.241354442,2.554419581,313.2938043,-1.294570257,-8.885008377,1.293262665,-0.045619071,1.099128379,0.961081362,0.173035274,0.112747611,903.2713321,1033.081597,269.187475,374.0470569,4.791170448,1.065936326,1.068811818,0.128677509,0.105109221
1936,1,2,39,5,,,1.180976701,1.208110535,2.469652965,327.7634677,-0.727400722,-30.75300548,4.092824331,-0.164947837,1.043572207,1.043383072,0.192156907,0.121301173,997.2847026,872.2017256,277.4585715,151.8231367,5.441991837,1.040723127,0.945599145,0.201636378,0.092043095
1937,1,1,39,6,,,1.194934034,1.183700102,2.636655124,118.7041667,0.581724237,-28.75309396,1.838997709,-1.062303167,1.019730473,1.077265398,0.117030358,0.112043666,798.7569816,866.103917,186.9302627,100.3812985,4.602494455,1.109406505,1.049627871,0.182597183,0.145625066
1938,1,2,39,7,,,1.197226368,1.210684522,2.548521972,272.2965033,-0.517312668,-26.04803339,1.789099826,-1.10047997,1.13248723,1.008390589,0.169112341,0.061628634,952.8030231,863.0837963,381.9802216,213.7103271,4.314422353,1.076215463,0.988431591,0.108580425,0.141191472
1939,1,1,39,8,,,1.208087679,1.19183624,2.516445495,287.526134,0.028764458,-40.57962919,1.982647449,-0.423642057,1.063182201,1.15376546,0.321211982,0.13145524,864.7228891,896.8249504,216.9820114,243.1814777,4.226462052,1.076777353,1.00694686,0.171732554,0.159705157
1940,1,2,39,9,,,1.238775454,1.235245473,2.606963009,393.4695518,0.657301505,-31.35409968,1.664509921,-0.285046611,1.026933679,0.946477259,0.272239204,0.106498144,1057.09396,886.004707,261.3928654,116.1045848,4.066772284,1.053345343,1.000163739,0.223620678,0.12991425
1941,1,1,39,10,,,1.178159032,1.212097051,2.621814667,297.3709698,-0.716741215,-13.53461148,1.835048303,-1.569074831,1.050001492,1.146642471,0.15422117,0.102256568,943.398538,953.4870733,179.820336,357.5704667,2.753108849,1.047331306,1.017461385,0.181759803,0.207736269
1942,1,2,39,11,,,1.214298637,1.244000096,2.562763754,212.3807793,-0.550130113,-35.4815706,-2.280762482,0.722483998,1.107594577,1.086435697,0.168186682,0.14411384,987.7416235,983.4436458,210.8242915,229.5769131,3.985254439,1.079199432,0.976564063,0.213742481,0.151264602
1943,1,1,39,12,,,1.224411131,1.183875355,2.579306404,268.7309624,-0.349396918,-16.37968229,1.372811322,-0.567860244,1.137582472,0.940007658,0.157512432,0.104815835,1124.959452,908.907523,183.3505744,174.8399558,4.371189882,1.095326443,0.921012282,0.145774121,0.117982189
1944,1,2,39,13,,,1.19375698,1.208618371,2.655315523,536.9318795,-1.204966097,-29.73467554,2.270039209,-1.331621103,1.060834405,0.969832689,0.213223179,0.222610573,963.754744,853.0314564,310.2012807,172.4677056,3.815251891,1.073922405,1.125013166,0.227756721,0.11446611
1945,1,1,39,14,,,1.165107886,1.19386961,2.636285479,293.6219974,0.286344312,-30.09007001,0.003571302,0.156020418,1.041737002,1.147410656,0.188194155,0.149436379,954.1703064,924.1811456,200.525698,286.0983213,3.716845608,1.008560281,0.951143781,0.0699646,0.073986099
1946,1,2,39,15,,,1.195501434,1.183082543,2.560300178,271.807193,-0.237459949,-17.70081896,1.420649188,-0.301381898,1.090873244,1.113834028,0.186721245,0.158295201,895.7772275,963.7476491,171.574535,232.350412,4.90168708,1.087729098,0.969513021,0.313768167,0.109085943
1947,1,1,39,16,,,1.198289819,1.205806102,2.57462994,340.9368762,-1.213160849,-16.04352968,-1.047968223,1.111250984,1.063118358,0.972367636,0.144363971,0.140570686,862.1542138,913.877954,328.9310602,92.21193695,4.197243989,1.125466084,0.99166281,0.095506027,0.154537118
1948,1,2,39,17,,,1.163821002,1.213622878,2.503234085,294.1282529,-0.433059437,-24.45084785,2.558803891,-0.588700004,1.062762459,0.992593368,0.179304744,0.099037225,848.4522289,983.8817744,244.7498736,416.2399486,3.358101116,1.074674916,1.021376759,0.127112275,0.111303059
1949,1,1,39,18,,,1.217735715,1.204986713,2.62429515,412.6019101,-0.960371034,-18.14778142,-2.86474234,-0.395565635,1.135468514,1.020194701,0.218908514,0.124690265,966.3252589,859.5990698,261.5100671,366.2597362,4.232876106,1.001607657,1.018914799,0.344093266,0.153443749
1950,1,2,39,19,,,1.189828031,1.197454549,2.578794453,259.007897,-0.333456,-25.69635174,-0.268260109,0.006396391,1.129050814,1.018843083,0.212074809,0.137876256,869.6864652,855.2730485,146.2480182,137.0852862,3.593204892,1.066909843,1.03156136,0.232140798,0.136092969
1951,9,1,39,20,Fails: T3.2,,1.178925535,1.202790184,2.534040628,162.9909692,0.559425941,-22.40529305,-6.914072187,-0.493579442,0.998634084,0.906196531,0.23359375,0.110006421,989.9212345,934.6125385,205.3294582,89.43212367,4.413128244,1.105628791,0.962993194,0.24260779,0.190890596
1952,1,2,39,21,,,1.197119911,1.186646878,2.571893703,168.773238,-0.277129502,-17.80309238,2.726121339,0.587294243,1.076305933,1.024394688,0.194111073,0.077828113,978.6862767,951.4086403,306.6184069,251.5996463,2.818193049,1.167179894,1.04541052,0.195719776,0.192465048
1953,1,1,39,22,,,1.203457045,1.212592401,2.624405313,150.5116718,-0.529565869,-6.654763012,-0.449649309,-0.155866128,1.076062618,0.966136411,0.170272561,0.098936856,904.0446521,852.1249508,255.1353026,248.7384804,4.882204181,1.040911384,1.015655159,0.233256091,0.131322286
1954,9,2,39,23,Fails: T3.1,,1.178118378,1.227828952,2.641431957,344.6794148,-0.48134594,-51.11865384,-0.489044134,-1.727631648,1.07091445,1.033724601,0.138378786,0.109809488,1031.649684,940.102212,150.646706,320.6535827,2.681464728,1.044224824,0.942852412,0.209200942,0.132130198
1955,1,1,39,24,,,1.201218892,1.259246369,2.543468254,219.4000194,-0.031066595,-22.94824064,3.209686346,-0.067985751,1.069543179,0.982946135,0.331766702,0.206918337,1020.319162,939.3998078,275.1882746,272.1188072,2.438353767,1.092248155,1.016974369,0.265445475,0.1351798
1956,1,2,39,25,,,1.205955628,1.173794427,2.604729184,292.3436531,0.793567085,-24.93836647,-2.131792351,0.185842044,1.069083993,1.004281795,0.276781108,0.084925956,945.1567514,975.6427224,223.508396,199.0930582,4.329798465,1.093208329,0.942161971,0.20383877,0.127424357
1957,1,1,39,26,,,1.22638783,1.244767562,2.530071756,341.9972877,0.306943125,-24.06143492,-0.62382532,-1.069257055,1.128973355,1.180885953,0.135660665,0.137512538,1026.306568,879.4530973,176.6526332,229.0053032,4.030575467,1.108906171,1.006284119,0.126175037,0.197933272
1958,9,2,39,27,Fails: T7.3,,1.188068777,1.193069028,2.561971981,300.6388001,-0.211557988,-11.53063678,2.408510614,-1.501683476,1.042349669,1.052997972,0.127532744,0.1519722,1042.872314,1043.322088,286.2172721,307.9420776,4.836767856,0.997000741,1.067884084,0.20834689,0.242768696
1959,1,1,39,28,,,1.196339755,1.210622967,2.651284013,332.9749729,-0.481169179,-12.77187547,4.356418628,0.161714854,1.081676805,0.948366009,0.212521095,0.129641085,1000.267038,867.170764,274.7596141,98.37391049,4.565794009,1.107751825,0.914049208,0.203651136,0.109299952
1960,1,2,39,29,,,1.195948027,1.221488482,2.570660105,298.7869779,-0.030916476,-20.7766974,4.133789301,-0.64828257,1.181126073,1.106071209,0.198614747,0.110180575,970.8112879,742.495339,166.9640276,307.0769739,4.328128826,0.999441426,1.018303284,0.138913558,0.095729504
1961,1,1,39,30,,,1.155774528,1.198007538,2.506390419,366.9429465,-0.33734094,-15.30803083,-1.69538839,-0.792467148,1.068934381,1.089976399,0.111468731,0.149889525,996.1413615,986.1732705,46.78151819,205.7607591,4.600679767,1.013227098,1.022386387,0.149546109,0.084008983
1962,1,2,39,31,,,1.203880955,1.204802755,2.595020751,62.56306413,0.33791876,-34.9397606,7.941092594,0.030637658,1.108914425,1.083965967,0.160826709,0.110831876,967.5722552,893.7749746,337.6482653,233.4545562,3.173861541,1.007381547,1.122210027,0.169278749,0.214391473
1963,1,1,39,32,,,1.224953634,1.232382008,2.499307238,274.7939416,0.496466952,-21.74148549,2.367000476,-0.972138176,1.04990233,0.979344913,0.229764432,0.16416232,1054.706206,873.5073911,273.0630795,240.8304253,4.120753811,1.059701872,0.912433169,0.11829068,0.155078345
1964,1,2,39,33,,,1.180932298,1.188686813,2.62289453,237.4119952,-0.436309546,-25.12937585,-5.216234152,-0.209376221,1.042451855,1.004699891,0.145597569,0.13024141,989.4200365,764.0081285,240.2268291,302.7595403,4.601955343,1.055820126,0.911991,0.155367567,0.138387665
1965,1,1,39,34,,,1.240262465,1.201462173,2.530974256,289.6310514,0.448483,-27.28918879,1.940861805,-0.183765343,1.128547192,1.041643227,0.146424774,0.147212889,1004.435518,928.01242,252.0033802,255.6282416,2.765548509,1.067026277,1.024397398,0.136135991,0.087212229
1966,1,2,39,35,,,1.227301388,1.165638132,2.518847974,476.3628938,0.083818001,-15.78143331,3.778424803,-0.113028925,1.052630282,0.974536356,0.198828658,0.106950447,815.7409311,827.9219204,251.7500986,256.7704972,4.806927136,1.075564808,1.029594381,0.315286896,0.11216168
1967,1,1,39,36,,,1.200151752,1.20666586,2.579802188,312.3072805,0.833388242,-10.37773455,-1.491460631,-0.572662076,1.027826211,1.0614632,0.099379191,0.184908729,985.8582915,930.9204125,245.5207203,354.632166,5.223999287,1.09061946,1.137415093,0.168988333,0.081710349
1968,1,2,39,37,,,1.210900186,1.192844764,2.651012296,326.331756,0.171638956,-29.38085894,4.475329673,-0.74864514,1.145380328,1.034089796,0.139229775,0.080706603,910.4429,884.2437938,208.7213586,167.1832857,3.985798251,1.097983705,0.974471873,0.188976299,0.098965582
1969,1,1,39,38,,,1.178008326,1.232183551,2.589907528,191.7876203,0.079571676,-37.03923603,2.454974062,-0.530891803,1.033411896,1.069500362,0.212618374,0.13849557,1158.64697,811.6653443,253.4232663,231.7083029,3.941301536,1.114255788,1.006603911,0.179792849,0.145950999
1970,1,2,39,39,,,1.20772463,1.243906979,2.546091932,366.8207524,0.286559832,-20.0212654,-4.622094953,0.118693641,1.095956187,1.078188796,0.295349385,0.072951692,1018.876037,932.5453474,186.0903736,175.9628192,4.962804484,1.02239144,1.140102508,0.141148887,0.127903978
1971,1,1,39,40,,,1.206689596,1.212867843,2.613952621,171.8960148,1.3601253,-24.79103114,-2.395657487,0.842028097,1.103076523,1.067039435,0.278281135,0.129635668,943.1230547,926.1995719,233.5202773,180.5189082,2.970617741,1.074483586,0.933395733,0.228036697,0.095340916
1972,1,2,39,41,,,1.156329113,1.183988388,2.734131095,295.2810093,-0.752826496,-0.379325027,2.682832731,-0.40093265,1.110244473,0.955384706,0.138968152,0.085464658,930.4328814,1008.352948,307.8183169,276.193923,3.914101794,1.056336047,0.987896116,0.189714334,0.139053529
1973,1,1,39,42,,,1.213693629,1.200785005,2.586122925,306.7494541,-0.897752772,-17.84796664,2.604602102,-0.703616664,1.013114607,0.99588762,0.206022126,0.117653163,1066.75346,993.7890195,226.3345273,201.3477757,2.82440729,1.115883733,1.000192073,0.126845494,0.118797546
1974,1,2,39,43,,,1.16632749,1.202396136,2.558128785,419.3887082,0.928941163,-14.39847677,-1.579958386,-0.764491445,0.964964115,1.031577721,0.070960559,0.131793031,909.8760958,1061.972764,129.9066982,238.873485,3.090166706,1.137794586,0.966216935,0.307640909,0.069211052
1975,1,1,39,44,,,1.169364526,1.165146152,2.623924513,388.9155249,-1.871409049,-6.264606625,-1.887462835,1.686139737,1.01965147,1.1012503,0.236436339,0.097720622,918.2516119,775.6479229,224.6169863,152.8804131,5.065528434,1.086229918,1.051055406,0.190702612,0.130290264
1976,1,2,39,45,,,1.195564662,1.204490652,2.670112711,286.1286008,-0.280376101,-20.9306919,-0.646091344,0.437447802,1.009649548,1.032837878,0.209589409,0.028510079,914.9711931,1047.549583,100.3437561,486.4818731,3.33904226,1.118307862,0.986689611,0.163551785,0.174165441
1977,1,1,39,46,,,1.19934349,1.196524677,2.489811507,330.084642,-1.72564465,-11.14724471,0.378732204,-0.300037244,1.097185115,1.020871171,0.288638703,0.060790796,925.5051093,936.3896453,147.6710539,311.4692822,3.879883336,1.115276425,0.927439076,0.182662587,0.109866574
1978,1,2,39,47,,,1.170401635,1.176931799,2.618101499,329.7401741,-0.902551304,-30.66096469,4.639304585,-0.741779135,1.044321397,0.919850771,0.09321161,0.055454862,1082.041415,922.5433514,198.5236501,324.0649651,1.321975136,1.030430124,1.030791566,0.188247397,0.116863285
1979,1,1,39,48,,,1.21669985,1.212742384,2.548567414,194.7241192,-0.61082466,-1.709739094,2.959197939,0.030004698,1.109772162,1.027512997,0.234166327,0.164933287,1045.763478,1032.687998,260.4898014,117.8876128,4.24485543,1.102751604,1.004271418,0.259855491,0.165528172
1980,1,2,39,49,,,1.199584169,1.181139946,2.547581725,289.8165928,0.602883936,-37.56275629,3.497658824,-0.673319627,1.003455328,1.12546175,0.14254677,0.141578368,975.4444152,862.9491908,116.6254376,157.1553957,4.74359505,1.035003344,1.04377881,0.158971338,0.161287537
1981,1,1,39,50,,,1.20369495,1.229812711,2.566064082,470.9274508,-0.137330061,-27.6293389,5.462508682,0.516220369,1.055709115,1.027033428,0.292956624,0.139889859,952.5216917,827.5834185,183.9514018,260.3959416,4.335566697,1.012677403,0.998972745,0.147806595,0.189668099
1982,1,2,39,51,,,1.184455346,1.199903086,2.626195591,341.5853784,0.808259186,-17.9588048,-0.750386418,-0.996856302,1.091014617,1.011206789,0.115574781,0.146567177,1070.81466,905.5360161,214.177317,240.8906973,4.254778636,1.101605492,1.047113144,0.237332049,0.097646214
1983,9,1,39,52,Fails: T4.0,,1.188375868,1.202651642,2.583559151,223.6583007,0.633582611,-11.20160884,2.400996803,-0.265030191,0.953692232,1.02445182,0.161473006,0.158128463,952.2585893,897.3649702,67.61847099,263.7974257,5.007881402,1.089577105,0.997954825,0.10734128,0.093749253
1984,1,2,39,53,,,1.179766394,1.220641125,2.674260941,194.1274162,-0.229101094,-25.72445928,-1.585701814,0.484601117,1.087270722,0.961121284,0.163173009,0.202003783,1099.863178,932.2484335,254.2477028,176.1391187,4.311480047,1.080039126,0.967419458,0.083601032,0.156184551
1985,9,1,39,54,Fails: T5.2,,1.17939106,1.21490997,2.51391882,314.6888322,-0.120412193,-3.378571734,5.364406199,0.312506553,1.042586993,0.959910252,0.068039817,0.14969428,1104.857977,823.748524,-52.59761598,201.4182068,3.38158582,1.120246231,1.078602636,0.308983738,0.17694765
1986,1,2,39,55,,,1.200603353,1.187382997,2.611886474,373.0033366,-0.278987482,-24.55224642,3.419743578,0.501224917,1.108030486,0.935203296,0.236233603,0.170651513,961.823886,858.8500596,394.8441712,200.7211761,2.959641965,1.079891833,0.954346036,0.240803842,0.199065347
1987,1,1,39,56,,,1.195664451,1.191024835,2.544404811,352.4954227,0.391721054,-5.790000424,-1.184572403,0.270896788,1.063636932,1.061963326,0.157706756,0.167789233,1037.556042,910.6466981,254.3709098,162.7681745,2.720620067,1.053575379,1.009827304,0.27707932,0.172882743
1988,1,2,39,57,,,1.180229588,1.217695263,2.56832477,380.1900909,-0.954083845,-5.726747882,2.733300518,0.922152626,1.096869616,1.022728411,0.159713232,0.136680577,821.8981903,864.8716611,195.2015679,282.6518493,4.506910843,1.067092379,1.043826518,0.16635541,0.138971836
1989,1,1,39,58,,,1.228680575,1.207642729,2.604934682,323.6073025,0.08382648,-15.30187329,0.817531333,0.402434892,1.103020257,1.087896404,0.107701222,0.064980486,993.8650641,972.947654,155.3876976,120.3312088,5.97403996,1.080264429,1.09941902,0.22139147,0.198282806
1990,1,2,39,59,,,1.188902034,1.235830973,2.547753129,300.1852595,-0.600299893,-34.14512512,-1.390997579,-0.416684033,1.074054511,1.100709353,0.208777487,0.136889814,954.8655254,966.3906682,223.0787693,244.6146979,2.808766402,1.059344502,0.948267081,0.187854229,0.149635951
1991,1,1,39,60,,,1.214087019,1.190684627,2.735263612,261.4354889,-0.5315349,-26.35683802,3.786113147,-1.497710898,1.117907827,1.016993576,0.142723471,0.115206339,838.6114252,868.6131142,140.5225981,277.689935,5.132813738,1.107435481,1.001723403,0.232384775,0.050843963
1992,1,2,39,61,,,1.231287493,1.217929072,2.55021555,276.9640349,0.255005216,-9.932771632,0.769969241,0.705109736,1.062670054,1.04449034,0.183353432,0.074292752,893.0408672,822.3503514,342.0417601,238.6506046,2.748877403,1.09131667,1.096490911,0.178393004,0.136995486
1993,1,1,39,62,,,1.20709447,1.174954155,2.582003922,175.5035089,-0.230783044,-16.37663574,2.876325572,0.145254636,1.11680272,0.902075495,0.147865167,0.108304303,995.7899023,939.3436628,202.4959411,257.9299272,3.784840371,1.040344969,1.039251034,0.039237444,0.155020221
1994,1,2,39,63,,,1.202070413,1.244807573,2.523926755,373.3923567,0.371484269,-11.25504364,6.711754614,0.438268074,1.091742246,1.078902351,0.150482169,0.106043993,894.8165246,892.8314818,276.5241511,284.8545105,2.95558329,1.079331497,0.980107129,0.122172536,0.199468292
1995,1,1,39,64,,,1.172583922,1.216982842,2.61123729,378.435789,-1.208088199,-24.6061293,0.449790825,0.679787958,1.087824829,1.084552426,0.187971688,0.150911434,969.391507,998.7337787,129.8344595,300.8374338,4.499856511,1.083346194,1.014513512,0.173508312,0.179984119
1996,1,2,39,65,,,1.187213319,1.192410693,2.544574559,541.4971761,0.456529356,-30.77643723,0.327112629,0.419092185,1.176250285,1.014341421,0.196411129,0.134197889,922.8867011,940.2823057,178.1239799,341.3708035,5.086719641,1.003651182,1.054105258,0.286043604,0.168872167
1997,1,1,39,66,,,1.213846196,1.218590113,2.566215553,203.0898528,-0.912127362,-30.11324669,-1.371273722,0.544622286,1.081193,1.075062832,0.219261823,0.126376252,1107.170602,897.9613148,279.9192994,264.5388979,4.100023103,1.129873597,1.03675567,0.255093337,0.099059643
1998,1,2,39,67,,,1.182666883,1.228753728,2.612049784,459.8639626,0.315368636,-46.27346023,3.309712991,0.600921353,1.039301709,0.917024907,0.207305435,0.106796591,887.3138278,846.0253124,202.3535693,271.8990129,3.734038404,1.029517204,0.929026325,0.189789129,0.119403031
1999,1,1,40,3,,,1.202267342,1.235191974,2.636987842,416.0553999,1.031532984,-23.6018931,6.276566692,-1.332311524,1.065439475,1.096659013,0.306360082,0.076414868,1003.228006,824.0772533,227.2139976,265.1372158,4.400097578,1.046407165,0.981519448,0.176024323,0.202616916
2000,1,2,40,4,,,1.172432806,1.20416717,2.558124819,300.5473368,-1.222514457,-12.11893298,0.55563838,0.196879619,0.993471004,1.010587158,0.259967442,0.102848309,878.76685,854.3714143,191.7289578,284.9413411,3.460016643,1.123642109,0.949776906,0.132234403,0.122261606
2001,1,1,40,5,,,1.17856326,1.172703869,2.547089316,215.8764824,0.075004907,0.591802653,3.65587974,0.326415788,1.064186806,0.999790667,0.122418992,0.14969263,1032.710584,957.1116529,237.4147125,159.6864132,3.71304963,1.082120551,1.051790124,0.212187663,0.083055488
2002,1,2,40,6,,,1.212105068,1.199839989,2.577862327,356.9454058,0.313581942,-1.761023314,1.905887049,0.089388047,1.048839649,0.998080487,0.347089658,0.115494882,867.5462924,1026.720544,221.4430235,165.1090878,2.86112518,1.03264703,1.08257839,0.114895301,0.183084273
2003,1,1,40,7,,,1.181691833,1.207906074,2.551995046,516.8272417,0.979077762,-13.09032023,-3.344694485,0.183650529,1.030881138,1.122325422,0.05213548,0.142610659,1001.214985,864.356004,212.5614705,229.704575,4.229924271,1.115781982,1.012021211,0.241718627,0.189736855
2004,9,2,40,8,Fails: T7.2,,1.213870011,1.225551697,2.555265304,328.3618754,-1.24683691,-31.26217054,-0.243643228,-0.176121694,1.073232279,1.014046587,0.186637061,0.094710036,965.1274087,696.2081431,252.2617958,328.6375293,4.321702117,1.071644448,0.972753188,0.392767303,0.135569402
2005,1,1,40,9,,,1.221479801,1.233787648,2.562219758,179.1860118,-1.376239934,-13.61895576,0.859892516,0.28093779,1.060269131,1.034505588,0.191047292,0.072586728,1019.641242,973.9860335,250.5634551,299.2397333,2.729621016,1.161868011,0.993862098,0.292881395,0.097977597
2006,9,2,40,10,Fails: T3.2,,1.180885241,1.210596599,2.588286173,123.1221463,-0.214666107,-21.87616645,-6.115615233,-0.10935967,1.094660454,1.014824237,0.18693223,0.130314986,839.6092329,784.129316,152.8231286,253.5874322,3.763486843,1.048343738,0.968826475,0.282612834,0.095170395
2007,1,1,40,11,,,1.207217549,1.195758671,2.584348102,343.5962144,-1.099845162,-26.03940708,4.161407223,-0.568422448,1.052382649,1.115257097,0.175435023,0.080347099,856.540526,682.6327486,71.66120359,234.5723376,2.758931984,1.059616233,1.002564746,0.305529655,0.16556254
2008,1,2,40,12,,,1.180904377,1.221853888,2.526972952,389.7235395,1.853604018,-21.9268512,6.113925088,0.022193064,1.09933672,1.125498753,0.246436773,0.076288955,993.5575426,865.3511499,345.2157688,206.2237721,2.775525744,1.014776468,1.11684907,0.164174987,0.209108234
2009,1,1,40,13,,,1.166989098,1.222543081,2.636832966,440.1488871,-0.882265945,-15.63980478,-0.845369691,-0.233808764,1.025041036,1.06462537,0.175183534,0.078130769,866.6958671,937.9875328,274.4220077,430.6339181,2.924416763,1.052778804,1.096501188,0.190699433,0.176063957
2010,1,2,40,14,,,1.195028459,1.242740947,2.511037466,289.3960459,-0.152284,-24.51690415,-0.425201847,-0.535943862,1.051127268,1.044249485,0.17203177,0.134964545,1019.540715,826.1429439,260.3770793,292.6914655,4.571340336,1.016942938,1.006859642,0.201996893,0.101903393
2011,1,1,40,15,,,1.205781711,1.229893314,2.518645114,427.4175956,-0.406748253,-19.25409928,2.338387831,0.367814653,1.017799214,1.032500656,0.092144855,0.166736771,1041.351651,919.8866995,173.7941934,277.7402071,2.748927772,1.015393646,0.996721654,0.203919067,0.134012339
2012,1,2,40,16,,,1.192827579,1.208912325,2.599934939,115.0381753,0.51461256,-19.42135184,0.098804178,-0.16040847,1.101625966,1.054828577,0.249075341,0.119082054,910.3291981,1027.538269,269.9375733,194.2709366,4.805767025,1.116439524,1.044351027,0.257584879,0.209740321
2013,1,1,40,17,,,1.1765225,1.251398048,2.557634288,567.3742392,-0.579987156,-33.15466078,0.713297341,-0.19861585,1.057922067,1.080578774,0.148425417,0.170057863,914.4312602,786.1842052,139.9996088,246.8665905,3.484069787,1.057174027,1.048266135,0.223471446,0.177884686
2014,1,2,40,18,,,1.210270842,1.244903657,2.538502633,466.6114167,-0.844829961,-14.77206645,-0.209183777,-0.214006859,1.010781252,1.012572227,0.202395201,0.174680163,993.2286615,845.718888,252.845663,224.3926666,4.133797534,1.040787037,0.956518379,0.220551721,0.144407682
2015,1,1,40,19,,,1.208813648,1.188125438,2.626324106,241.6583477,0.86449369,-12.85382787,4.013024071,-0.168271652,1.103761005,0.975087372,0.245243539,0.195815511,806.2149714,819.736409,495.3135877,268.8229045,2.978944842,1.052036193,1.056060633,0.227666611,0.046373676
2016,9,2,40,20,Fails: T5.2,,1.206012537,1.222371775,2.588828066,324.4704698,-0.27846081,-12.65192921,5.14841191,-1.48983394,1.076325823,1.018528418,0.16510207,0.12417312,901.8063856,782.4530294,-5.293612573,211.8812825,3.331154126,1.077863331,1.000168151,0.177610865,0.16607611
2017,1,1,40,21,,,1.209591824,1.208159754,2.624435193,531.8521511,-0.049014339,-11.40914618,-2.935304885,-0.97283041,1.082944857,1.03057229,0.189107312,0.088526275,900.3674652,886.0101865,259.7291448,197.2213241,5.617158722,1.074061803,1.013326691,0.125521475,0.13395204
2018,1,2,40,22,,,1.191102173,1.182771345,2.524554482,162.8518471,-0.214480588,-28.4242251,7.477598237,-0.18856059,1.064843572,0.974990908,0.139859903,0.1174463,953.0950165,950.9455134,129.2731312,299.920852,4.5324582,1.043653887,0.99081009,0.170251446,0.081895904
2019,1,1,40,23,,,1.212162491,1.218761643,2.565752004,387.5000419,0.298634541,-18.52135428,2.271290347,0.274424761,1.022250678,1.038319809,0.317075185,0.107086171,996.9793428,828.1403401,228.4202968,267.8515695,3.743799941,1.103547487,1.123193568,0.299825062,0.08641121
2020,9,2,40,24,Fails: T5.0,,1.189769239,1.259175705,2.561236104,187.4367997,-0.400846573,-15.38866498,-0.406389309,-1.95606021,1.090005421,1.111582463,0.146321494,0.156114,698.7490722,920.5540292,243.3400135,312.9936872,3.307044157,1.02138378,0.959636409,0.246639873,0.167255494
2021,1,1,40,25,,,1.215371683,1.235482678,2.532595965,372.9615564,-0.694015374,-24.61840456,-1.733270133,-0.729938582,1.048919521,1.058019268,0.282652275,0.145104608,999.0897273,935.7021934,221.4776118,215.1814792,1.570455288,1.082787512,1.018321359,0.212305672,0.09465409
2022,1,2,40,26,,,1.194582951,1.207454607,2.618211333,428.6436861,-0.615045567,-28.92905124,2.913273413,-0.984022715,1.019315934,1.000379855,0.288838313,0.198642119,1094.367185,870.4293272,42.58205945,299.0871353,3.358983525,1.03087819,0.997299459,0.194320137,0.174071965
2023,1,1,40,27,,,1.173478664,1.22397576,2.601044375,374.7260946,-0.2084235,-8.979825252,2.760765509,-0.674545062,1.097542276,1.051838213,0.146949206,0.172164805,1036.529318,919.6600109,24.18653212,211.0162313,2.88654717,1.097870989,1.018304903,0.122409955,0.167026492
2024,1,2,40,28,,,1.167141283,1.225251654,2.562973916,295.3511556,-0.499384154,-30.34472888,-0.703913212,-0.283719301,1.093243211,1.03700163,0.224565145,0.124163905,848.7884254,904.0908981,56.20517566,168.5138156,3.735834375,1.012553145,1.010196362,0.128167734,0.149218692
2025,1,1,40,29,,,1.163984808,1.209440378,2.548172792,245.9340333,-1.403948664,-18.23600642,-1.185767798,-0.374371361,1.187041679,1.126879338,0.105508666,0.1270221,921.8639752,953.141092,200.9656814,314.5389858,5.2710574,1.12951935,1.010619282,0.194722129,0.096841605
2026,9,2,40,30,Fails: T2.0,,1.18075654,1.212014109,2.569050351,601.794227,-0.356499848,-5.701593741,-1.756244082,0.102220448,1.095270321,1.044820726,0.221315922,0.073408033,955.8753551,1052.381465,117.1135226,265.4769315,4.442263136,1.040986095,1.029391784,0.214331146,0.11487488
2027,9,1,40,31,Fails: T4.1,,1.177080264,1.212813294,2.569230736,348.2331684,0.69108378,-21.276657,6.944871012,-0.809550033,1.069955441,1.212932127,0.239307247,0.057205316,1075.737092,939.498344,286.6993533,322.215484,1.727770223,1.108114078,1.006397517,0.220712283,0.108984386
2028,1,2,40,32,,,1.181233003,1.23971549,2.60849709,315.2211765,0.212503562,-15.23351892,-1.240534501,-0.268741387,1.038955602,1.019648758,0.189266573,0.172013338,1045.987645,935.1089641,329.4251237,122.6766385,4.301589277,1.125340939,1.053632545,0.087411356,0.177944164
2029,1,1,40,33,,,1.17347312,1.225375251,2.664948201,148.7987405,-0.237504034,-17.86008284,5.23479136,-0.776850678,1.130568732,0.95394195,0.219404918,0.117701756,866.0061213,811.4735672,169.8259316,333.1488616,4.204848733,1.071095461,0.988029383,0.16857278,0.103603361
2030,1,2,40,34,,,1.196787242,1.200799569,2.550928068,309.0497592,-0.263402788,-12.85353585,4.069265758,-0.505110256,1.071048849,1.088181168,0.278350146,0.068547829,978.3700031,939.3134143,216.9616403,350.0137679,4.213205276,1.024764653,1.073156073,0.258194284,0.096716709
2031,1,1,40,35,,,1.168327018,1.211472917,2.567473681,259.0197392,-0.454927183,-14.03082507,4.331683744,-0.504297199,1.03165398,1.086337475,0.145574458,0.142726011,778.3341824,826.5375736,237.1477254,293.395857,4.570991629,1.042051491,1.022343803,0.076469055,0.131015726
2032,1,2,40,36,,,1.219971175,1.205429159,2.599314676,240.7525046,0.042681019,-14.01404765,-1.803503061,0.355466464,1.1671652,1.10866604,0.243560824,0.168552833,916.8740744,950.9879531,150.4261595,323.6304318,4.224183844,0.980113377,0.96659668,0.172722544,0.114931683
2033,1,1,40,37,,,1.161659319,1.242948064,2.630762848,342.4429876,0.563708922,4.248007318,-1.623204999,-0.316994678,1.080825275,1.128217885,0.072415579,0.127673746,947.1235978,879.4036346,243.493457,308.4851765,3.612489164,1.063728313,1.026787436,0.152618388,0.057610138
2034,1,2,40,38,,,1.185927429,1.216426023,2.582173526,153.674059,0.406952754,-15.48493999,1.825698188,-0.503849516,1.075567335,1.053756348,0.133796636,0.125865699,795.7829858,848.8393039,214.164556,257.0788712,3.762260992,1.102757263,1.084366686,0.11780477,0.121254261
2035,1,1,40,39,,,1.212851631,1.20245563,2.460120077,169.2039553,0.224222706,-27.21504294,-3.838089223,-0.325162367,1.07676379,1.054489756,0.203430309,0.096226437,844.0871646,903.1256835,175.8611711,440.0936801,2.186468619,1.147826789,1.05569716,0.202542381,0.162547528
2036,1,2,40,40,,,1.173726699,1.220060283,2.561472181,229.326435,-0.044076699,-17.41125526,2.67118046,0.035965382,1.088440625,1.028328516,0.218981745,0.158031911,875.5613673,937.181895,33.08175601,299.6377166,4.30215356,0.997954089,0.992013124,0.158676602,0.140033234
2037,1,1,40,41,,,1.213807658,1.219687428,2.510181548,490.3943271,-0.446800194,-24.19653352,3.553720853,0.843884694,1.032249203,1.012673473,0.196616771,0.161928265,943.5688735,974.5084348,198.3411112,359.3414674,4.84598118,0.984322932,1.103084325,0.180367087,0.082188917
2038,1,2,40,42,,,1.190062075,1.220378817,2.595647743,365.6617444,-0.31013516,-29.78685667,5.776865066,-0.449665873,1.085017996,1.027938583,0.214697309,0.12845939,996.4932792,936.8894309,67.47019297,453.8912252,2.813312333,1.083208309,0.988190703,0.152008179,0.168630676
2039,1,1,40,43,,,1.2022085,1.193929105,2.518142136,283.5653234,-0.67985661,-29.27979679,0.204642822,-0.437255477,1.034542303,1.032875055,0.188489091,0.11870683,858.6568613,902.3533435,325.9324362,197.1838241,2.980162949,1.092340817,1.125205249,0.186283793,0.112932053
2040,9,2,40,44,Fails: T5.2,,1.200393591,1.218907761,2.588689725,368.0988983,-0.727377565,-11.73114538,-0.963185641,-0.416487188,1.0768735,1.108929424,0.245334596,0.129574863,1078.157737,914.0429878,-11.40513928,299.3080586,5.027202213,1.07384287,0.955879016,0.12879381,0.152381027
2041,1,1,40,45,,,1.17593893,1.201518473,2.570084111,276.6005993,-0.10756073,-8.238190876,3.333471618,-0.746246976,1.145010674,1.031007985,0.165249855,0.136249364,962.9885166,851.920409,281.2420912,83.37819435,4.039403186,1.054220158,1.002638062,0.190597233,0.164499701
2042,9,2,40,46,Fails: T7.1,,1.177260194,1.185983598,2.658098458,314.8085665,-1.464390527,-3.408383443,4.475641362,-0.100844167,1.090798283,0.986630935,0.162980795,0.100784955,906.2728711,881.4105061,164.3250739,237.0833004,2.74495641,1.153233906,0.813231459,0.210161262,0.138397743
2043,1,1,40,47,,,1.206737056,1.182071491,2.511831623,220.7308136,-1.498450575,-7.25008178,6.161512129,-0.205742985,1.050502967,1.050830445,0.157773355,0.141388905,883.9413016,1059.295218,86.07018978,266.0142873,4.480413874,1.050319565,1.05248226,0.26194572,0.157845572
2044,1,2,40,48,,,1.18052335,1.221540659,2.573277574,345.3883328,0.078538735,-17.89174893,-2.394440358,0.201998029,1.086194658,1.012566019,0.258428835,0.108888685,915.2940941,856.0408672,87.30017156,347.1875298,3.463562137,1.047703636,1.052970941,0.133731166,0.138290667
2045,1,1,40,49,,,1.184296635,1.22920313,2.605176779,356.7687727,0.794445298,-8.377423138,-0.876285466,0.507292978,1.083100609,1.006424915,0.149037572,0.06688063,862.8037529,986.3287579,185.2891085,216.1256898,2.417999666,1.062705792,1.0478301,0.24623408,0.113445657
2046,9,2,40,50,Fails: T7.3,,1.170108649,1.240798686,2.545795222,213.265564,-1.672141881,-23.68870849,1.286406649,-0.046452548,1.080652309,1.078795808,0.23070019,0.060174177,857.2809214,945.4553763,253.1568339,256.1709794,3.597110271,1.091274889,1.041117074,0.181234631,0.260999513
2047,1,1,40,51,,,1.165643438,1.214482856,2.560395992,263.9944668,-0.952323716,-33.27515877,2.794760028,0.137118038,1.091831214,1.087025092,0.299451336,0.154263993,1067.335827,874.7071732,237.4267397,213.4765755,4.9481109,1.069627058,1.007792736,0.21889078,0.0856369
2048,1,2,40,52,,,1.21684254,1.180042488,2.51062033,270.1292608,-0.336914584,-26.96642889,4.073079621,0.133919126,1.089763935,0.998268426,0.299658732,0.105481086,1061.236367,800.3492584,337.9803555,313.2226852,4.412426955,1.131604398,1.016256373,0.194437897,0.175952694
2049,1,1,40,53,,,1.200612687,1.221602444,2.513464604,144.5755541,-0.969428279,-26.04787491,0.529402658,0.034908328,1.079135317,1.08934699,0.33816664,0.129149182,1002.840242,980.9181594,172.1371703,212.6260463,4.25870262,1.046695627,1.088771558,0.185194603,0.14058666
2050,1,2,40,54,,,1.188538546,1.216617676,2.650584279,327.9062647,0.376804222,-26.94885072,-1.590704571,0.313766173,1.036615423,0.995376409,0.237305907,0.158140311,964.019273,861.2975494,75.00691938,157.8733261,4.411404511,1.112480494,0.975903182,0.203474137,0.135911892
2051,9,1,40,55,Fails: T7.0,,1.201025443,1.256235198,2.7090042,379.3695005,-0.279072352,-3.110807807,-0.103702485,0.708805787,1.079311004,1.037055706,0.318659056,0.108096377,865.0702605,889.1562635,221.0523797,373.2045203,4.16231761,0.950864852,0.985074094,0.134507214,0.105802325
2052,1,2,40,56,,,1.181735284,1.21469171,2.519739126,147.1977905,-1.508592188,-29.65686446,-0.169690848,-0.01990309,1.038283871,0.936240634,0.223805569,0.136451403,973.9037179,962.1624106,329.5643117,268.2763671,4.489222832,0.984434628,1.029150883,0.205653604,0.152530241
2053,1,1,40,57,,,1.173649933,1.204384623,2.489034973,401.1507347,0.401748583,-11.00903541,3.223931126,-0.419559051,1.030685595,1.064961137,0.257675172,0.108656822,1076.733205,977.7667679,255.0849381,278.9836558,2.363055412,1.104017503,1.013099945,0.329109017,0.081397207
2054,1,2,40,58,,,1.146629573,1.185992838,2.568436797,165.1248769,-0.188174372,-20.15571886,2.130031689,-0.841068769,1.140018386,0.986447571,0.132030701,0.056871586,1057.69138,897.2747101,231.9796758,228.4905876,2.574870636,1.051602285,1.013358294,0.207983232,0.143764234
2055,1,1,40,59,,,1.189110441,1.223053399,2.592611639,574.4894155,0.705423492,-4.240508843,2.276463212,0.281298425,1.082876742,0.999451213,0.196883375,0.132124145,967.15221,806.6631156,250.6911164,177.9540061,2.77646645,1.068017991,0.934569119,0.247185561,0.166195665
2056,1,2,40,60,,,1.216546905,1.168957698,2.697882578,388.1641549,-0.618635162,-17.6776248,4.418189641,-0.78158367,0.992614896,1.106563356,0.166373528,0.116620885,872.4457484,850.052664,236.5976782,119.3390646,3.359927625,1.081513236,1.0235267,0.211576114,0.106208328
2057,1,1,40,61,,,1.19590955,1.229674343,2.505092195,232.327526,-1.031092351,-17.81069609,2.394561808,-0.090736408,1.081900754,1.033327001,0.305618401,0.146821993,788.7949305,917.2660566,171.4999524,173.088817,4.373805221,1.059586557,1.031792854,0.136187141,0.172580374
2058,1,2,40,62,,,1.183790526,1.17730957,2.601327647,238.6182506,-0.10821379,-25.84246515,4.041653212,0.425103293,1.144462112,1.05531571,0.183377019,0.092986361,984.3268157,843.949823,190.4986384,235.9365066,3.753058858,0.977450296,1.039767087,0.234049901,0.111869417
2059,1,1,40,63,,,1.210359387,1.217637151,2.481859195,388.6156957,-0.256443323,-15.70794497,2.980908965,-0.849819815,1.10820548,1.121724187,0.261415132,0.074261274,886.6570927,999.1453044,245.717323,239.3492026,4.160246691,1.058148616,1.051467989,0.163283041,0.135827534
2060,1,2,40,64,,,1.160608805,1.182068127,2.50172504,297.8701677,0.176985271,-20.22757619,-0.339571611,-1.107023451,1.066708886,0.942486684,0.263755831,0.137986665,1039.350078,971.2761555,282.0921286,364.4544221,3.308717066,1.067351931,1.090390947,0.199715255,0.120764831
2061,9,1,40,65,Fails: T3.0,,1.188965042,1.201198123,2.601289022,307.9471429,-2.226747506,-22.02006804,3.088737374,-1.010604478,1.076478024,1.004630206,0.172661389,0.00684244,961.5592979,707.9298475,235.7558605,279.7328216,2.788751856,1.115872921,0.949661441,0.160263379,0.155495899
2062,1,2,40,66,,,1.216674227,1.194358405,2.549985968,387.5792898,-0.903509884,-19.5142796,2.17210666,-1.244861668,1.127770402,1.053012376,0.148674646,0.104279682,1046.695239,926.5459943,207.060819,173.8261957,4.490576496,1.130759681,1.107263679,0.049263682,0.180897771
2063,1,1,40,67,,,1.165074978,1.200640936,2.538975234,342.5375849,-0.292320493,-29.85759399,4.62178491,-0.157863398,1.096718072,0.938693207,0.151399145,0.143314948,917.2333624,845.6846723,317.5003122,200.4188399,3.178645889,1.037739989,0.961273409,0.20368357,0.110603918
2064,1,2,41,3,,,1.206327159,1.23672183,2.571423228,363.0598194,0.106333898,-24.88349412,-1.074108768,-1.124894071,1.138212996,0.898925776,0.180606216,0.049968959,839.2377011,771.2190752,139.5391339,124.5785311,1.855396317,1.084448235,1.096729713,0.192712317,0.092562059
2065,1,1,41,4,,,1.21448175,1.168832837,2.634202075,127.1788284,-1.081751598,-14.65749881,7.98398448,-1.511678025,1.079103076,0.955494194,0.115747521,0.120574396,1033.5272,794.8257433,120.8237198,115.6939084,3.417523128,1.090641179,0.940182342,0.220905921,0.147781631
2066,1,2,41,5,,,1.201093693,1.207935655,2.601276548,478.4349891,-0.183704026,-31.48913311,5.33644595,0.523281977,1.047936351,1.0288815,0.283254125,0.159953319,908.6241645,839.5843982,294.743085,195.9289716,4.527163623,1.117249924,0.991836084,0.230796141,0.166251051
2067,1,1,41,6,,,1.16686291,1.202224465,2.558321002,286.7797055,-1.527090528,-15.80114294,3.046465878,-1.117287384,1.083319828,1.041128285,0.237985326,0.133946606,1010.273805,944.6351828,237.8044881,279.9447557,3.583615807,1.145021969,0.938075444,0.204430108,0.146352021
2068,1,2,41,7,,,1.18540575,1.230127792,2.569471323,413.9489242,-0.006676436,-27.09229509,-2.512608206,-0.050813087,1.105072361,1.097416178,0.11201196,0.161424917,1032.887271,862.5233833,175.5113632,110.1288733,4.363260064,1.134908195,1.014672148,0.207680793,0.133472665
2069,1,1,41,8,,,1.185910952,1.217219243,2.480487302,330.5320332,0.037904057,-28.52731002,0.921476893,0.445705733,1.010861596,1.11119075,0.223178835,0.099447047,857.7239281,989.2604691,151.5570084,279.5546615,4.6899365,1.122381528,0.968132486,0.188879026,0.189251595
2070,1,2,41,9,,,1.210937147,1.192737688,2.652940149,229.5666448,-0.462296725,-10.81184069,5.425276077,-0.793240844,1.095942417,1.003423755,0.208658298,0.05500201,966.0262496,740.8790788,341.2259068,230.2424869,3.176749204,1.047867107,1.053098326,0.181295436,0.157828407
2071,1,1,41,10,,,1.229785117,1.169798153,2.608051286,302.0318028,0.336840381,-21.63022099,1.692612202,-0.268310343,1.09655572,0.998394841,0.149753626,0.145143656,878.6788483,716.3976399,318.632834,360.1608336,5.02716012,1.127096804,0.99788229,0.130603951,0.132321072
2072,9,2,41,11,Fails: T4.1,,1.204467934,1.200866206,2.530011712,337.4600652,-0.412112491,-15.59769175,0.917636216,-0.78837594,1.043460779,0.830848209,0.242054226,0.096574967,815.8088341,809.1972348,294.1445012,305.145203,3.491165284,0.967057177,0.978483095,0.23469791,0.195064184
2073,1,1,41,12,,,1.167689986,1.194743533,2.449610169,488.4368201,-0.632668098,-13.49114812,2.799725588,-0.815924231,1.001881469,1.009184007,0.251701326,0.100505212,921.3208817,960.6439267,193.7688979,114.0469898,3.916523591,1.125882099,1.019529036,0.172099327,0.215417685
2074,1,2,41,13,,,1.173932583,1.20893812,2.570425469,426.4236897,-0.856468182,-7.593264686,-2.109239475,0.071071046,1.071933409,1.021894555,0.266995242,0.114211316,1020.266684,1084.297542,246.0913924,178.6945958,3.301262863,1.082915747,1.030813009,0.266728317,0.21324119
2075,1,1,41,14,,,1.167094191,1.211522109,2.61819724,250.7700194,-0.351178606,-22.15895855,0.883395629,-0.189154145,1.071028602,1.055815323,0.136839111,0.083770504,946.3873005,898.7680582,164.4767126,174.7256558,3.303455132,1.001296242,0.923888094,0.138138823,0.121080921
2076,1,2,41,15,,,1.194499382,1.178147442,2.567637432,198.4022545,-1.368123011,-21.9243804,-1.819686716,1.468932995,1.045805435,1.072717448,0.261925597,0.128587942,935.5679285,823.6324905,264.0914589,354.1220461,4.115289334,1.115177566,1.025820427,0.21408241,0.063338531
2077,1,1,41,16,,,1.239125993,1.200060768,2.614796763,419.2999252,-0.446697716,-20.2150741,3.248259721,-0.40599829,1.016236217,1.025634066,0.259771833,0.130985191,888.1634384,835.8142053,33.88856797,182.2318373,3.40370257,1.104007449,0.976226384,0.169743667,0.167913603
2078,1,2,41,17,,,1.184275602,1.189401597,2.559216077,296.0675992,0.096238498,-21.16409047,-3.585908275,-1.466019527,1.065484316,1.01270497,0.237485513,0.137801887,1115.500089,922.8897277,329.4358968,314.8485733,2.140033078,1.067169944,1.024117193,0.241246154,0.1511543
2079,1,1,41,18,,,1.17526486,1.20681861,2.545793781,388.7868366,-0.475823814,-16.8676142,3.016547878,-1.044989628,1.01574815,0.873084124,0.255479133,0.148186592,873.3119019,917.2201322,261.4745963,311.5595085,3.546516584,1.061043904,0.972065149,0.202712973,0.149934485
2080,1,2,41,19,,,1.200518844,1.194644693,2.557248568,269.076686,-0.260439798,-36.0962155,3.154448714,-1.106418664,1.047671489,0.967386937,0.110017798,0.113594763,981.6315031,754.4445724,34.54653432,173.9139393,2.971694204,1.112150479,0.99435604,0.140194331,0.110191435
2081,1,1,41,20,,,1.21559741,1.226162506,2.556525911,309.9781653,-0.439082461,-24.97180917,6.398918269,-0.320096677,1.072633397,1.138622567,0.224914517,0.086889922,1026.589667,838.5240894,358.3809389,408.4325654,3.98042846,1.064383114,1.142880459,0.180901753,0.213844377
2082,1,2,41,21,,,1.183325215,1.233161254,2.574307291,364.2605096,0.319846949,-23.62953005,-3.516066984,-0.20296555,1.105087766,0.991816316,0.185300957,0.051749233,780.50196,985.7214424,251.4775733,140.571537,2.684623456,1.052575488,1.039149467,0.303166498,0.181424702
2083,1,1,41,22,,,1.207191607,1.211392826,2.618980182,447.574304,-0.626336617,-18.66942305,1.659933014,0.137942092,1.106741168,0.935596591,0.265089297,0.119571135,993.7979449,955.1646002,180.0538055,160.3278157,4.020337814,1.160492162,0.972792489,0.187553174,0.071977856
2084,1,2,41,23,,,1.174792562,1.255841401,2.490916444,163.071554,0.082186918,-23.81652013,4.56678866,-0.286185161,1.062335356,0.988821517,0.140440431,0.112077169,893.4072479,930.9849235,177.4289825,278.9965512,3.457401487,1.066444429,1.053642622,0.147726133,0.099425994
2085,1,1,41,24,,,1.207592136,1.229007319,2.541664222,186.5893405,-0.048794453,-10.57355506,2.631699132,0.421651798,1.040043971,0.978676762,0.187789749,0.095621387,962.689205,866.8208401,304.0374072,161.2685787,5.271539222,1.06464305,0.944583026,0.149455005,0.091367544
2086,1,2,41,25,,,1.184963653,1.24974219,2.595729368,448.6474415,-1.91248841,-28.71980883,3.319413734,-0.09286621,1.091693014,0.949599842,0.174338707,0.08184931,898.2164086,753.5700247,289.5643419,261.9582994,2.505023131,1.125234652,1.106665666,0.124412134,0.129439039
2087,1,1,41,26,,,1.176745554,1.159779969,2.483617656,327.0227658,0.378909726,-25.42672386,3.470328682,-0.321094378,1.01467357,1.002746614,0.248851925,0.108067436,1052.872691,836.8300917,232.8649295,229.2908571,3.74632207,1.092126234,0.961601834,0.215968106,0.095185107
2088,1,2,41,27,,,1.182035082,1.186375988,2.582097914,286.5465372,0.376587139,-29.28704084,0.165942318,-1.584690297,1.073405498,1.144674608,0.163046966,0.117375503,960.8234663,880.2265174,180.7772326,353.0786735,2.889748805,1.081691908,0.950769198,0.157051974,0.121503499
2089,9,1,41,28,Fails: T4.0,,1.205570538,1.229693411,2.640657778,265.083667,0.121356704,-25.57143952,2.650920474,-0.744398728,0.955788242,1.046871894,0.228149826,0.085144941,975.5809357,860.759303,248.3915867,257.6328449,3.406305696,1.13466882,0.891070576,0.206891457,0.161153369
2090,1,2,41,29,,,1.229397658,1.231800622,2.570624241,241.1660742,-0.403328463,-21.09888486,-0.630340709,0.042485876,1.145955659,1.042236227,0.132723471,0.184329079,964.4988705,888.9142083,294.3110791,303.815075,4.028850697,1.098740305,0.926349565,0.291003826,0.128852543
2091,1,1,41,30,,,1.186457318,1.210386894,2.615569436,281.1197332,0.182815354,-34.21325441,1.684901309,-0.921882594,0.965692565,1.078019435,0.158776807,0.057518294,1001.050235,862.6110023,236.0388152,295.3400182,3.437368611,1.075003289,1.000803846,0.099038989,0.016294221
2092,1,2,41,31,,,1.191835616,1.188315628,2.52979785,365.2476254,0.785903656,-18.74971777,2.99654615,0.704396375,1.105737375,1.094426434,0.132321122,0.080482218,892.7885341,942.2646726,51.51973576,168.0911155,3.142738727,1.086678248,0.918893605,0.086420869,0.093612631
2093,1,1,41,32,,,1.203177358,1.224042173,2.563736324,306.2173576,0.074479117,-8.15653018,3.308203158,-0.059638167,1.029901411,1.020243376,0.169947948,0.168372639,920.0758054,969.9938465,237.360376,322.689432,3.551694867,1.113443562,1.039344868,0.22422135,0.180481387
2094,1,2,41,33,,,1.192872025,1.199409228,2.600585412,213.8742997,-0.987592084,-22.57949107,4.786003882,0.403022829,1.087913888,0.981513555,0.266513432,0.126322335,970.629641,916.3290257,302.3641532,307.9931396,6.288687772,1.063047886,1.099228194,0.201843404,0.098572796
2095,1,1,41,34,,,1.19762605,1.235105288,2.529180025,280.0428964,-0.148396138,-27.36896468,-2.161427839,-0.75736549,1.05184586,0.96968058,0.227939811,0.058475217,996.7442444,890.9562704,167.42748,190.2196415,3.65778296,1.068342857,0.882069459,0.16199828,0.176243698
2096,1,2,41,35,,,1.197636522,1.216750976,2.600081718,272.8865712,0.298113323,-11.01574302,-0.578310848,-0.052383594,1.111107846,0.995105088,0.253248025,0.112546946,945.4713453,981.7655831,317.5713624,112.3315136,2.235346574,1.074712387,0.971267712,0.093405689,0.153564342
2097,1,1,41,36,,,1.2051452,1.247567657,2.618016552,278.6426704,0.443887508,-25.92491973,0.253546125,-1.521948142,1.000298488,1.044330482,0.14178412,0.077797912,1078.859592,986.0620888,304.2782914,337.0373579,4.943494017,1.042980555,0.971185405,0.183334974,0.107644296
2098,9,2,41,37,Fails: T6.0,,1.187162408,1.213532023,2.589478984,206.0219529,-1.063132759,-26.05973927,-0.223527854,0.309451224,1.03860626,1.031525368,0.130966494,0.100190512,930.8142894,926.9027138,121.7806069,281.9815534,0.647837935,1.060150587,1.08742805,0.212070375,0.166399228
2099,1,1,41,38,,,1.206184568,1.208750061,2.597239781,399.0125781,0.119954147,-14.72205638,2.381619256,-1.187182896,1.089613249,0.968061028,0.166585947,0.175992257,880.1073011,903.8881692,154.8053778,264.1238582,4.735224536,1.028673374,1.127647501,0.134531078,0.13319754
2100,1,2,41,39,,,1.211214675,1.187250229,2.46546474,528.843541,-1.643051898,-27.03445594,1.472739518,-0.369114057,1.069687482,1.028069581,0.17963988,0.113896552,979.663003,994.2495188,110.4534745,229.0122213,4.974198812,1.074206911,0.943201926,0.114413637,0.113358008
2101,9,1,41,40,Fails: T6.0,,1.187740615,1.191206815,2.495709235,386.9720747,0.181658867,-0.970444694,1.358303219,-1.035936045,1.051526883,0.987672436,0.23663786,0.153571215,944.6164794,892.422561,75.04661955,198.6720787,0.94907871,1.091316175,0.945047209,0.210309558,0.153007174
2102,1,2,41,41,,,1.204802894,1.175447597,2.430591935,151.1380441,0.358268705,-14.70760484,-0.470282717,0.212671379,1.129886435,1.111857608,0.286163153,0.097372605,865.3508152,848.608215,205.1453539,377.2420254,1.626966361,1.051864825,1.011588886,0.319278009,0.166918434
2103,1,1,41,42,,,1.229515947,1.20656026,2.639563533,337.9423071,-0.25476473,-9.238573445,0.519216756,-0.392805426,1.083809047,1.052054276,0.163762127,0.114523812,847.4779073,821.9840562,232.8555029,290.6968211,4.585285488,1.051328871,0.976172266,0.306632065,0.069345103
2104,1,2,41,43,,,1.18406163,1.231723904,2.568190488,560.4262747,0.023809008,-11.23222398,-0.575872281,-0.267815984,1.109440081,1.062062173,0.09856763,0.159298947,973.6286848,819.4724121,134.7685374,279.7972945,4.479955027,1.074179737,1.036993494,0.226546342,0.202336875
2105,1,1,41,44,,,1.14603696,1.19200647,2.617362726,277.6737907,0.660979664,-19.34087714,3.746487867,0.298307237,1.067144708,0.958415944,0.173765216,0.133312998,1030.162853,932.1726647,269.3369058,285.0798318,2.98298119,1.044616566,0.945425496,0.291419941,0.126877449
2106,1,2,41,45,,,1.169142688,1.25376079,2.525276767,271.6556208,-0.501915946,-36.02903613,0.669080408,-0.027459307,1.013558532,1.100749158,0.249407729,0.134429381,818.0113963,942.0765222,331.9935489,250.395113,4.263846578,1.074310252,0.911012244,0.163139284,0.16193171
2107,1,1,41,46,,,1.168441601,1.228929055,2.574509208,253.5559874,-0.172260194,-3.72910408,-1.637108889,-0.102955577,1.10654137,0.946307439,0.187384392,0.162110837,1140.580593,848.2950193,193.5771297,269.3247706,4.32892941,1.016922564,0.979829759,0.186182495,0.145520424
2108,9,2,41,47,Fails: T4.3,,1.206166617,1.198915409,2.683528859,440.8571069,0.040536177,-12.03100923,1.293797961,-0.216262651,1.060729795,0.915237093,0.034725236,0.268421914,990.4354295,943.0286223,157.3416786,307.9563165,3.937705473,1.09024248,0.859149007,0.20536662,0.106645742
2109,1,1,41,48,,,1.169026138,1.226156192,2.530608568,318.6360463,-0.124383078,-37.45494293,8.015606941,-0.376937082,1.039324383,1.070698933,0.320941345,0.199595323,913.5376711,911.0291343,277.2901354,208.6993333,3.498103786,1.077438759,1.038714382,0.191607625,0.091524472
2110,1,2,41,49,,,1.215648188,1.241523493,2.661535772,356.219991,0.763740113,-18.75946982,-0.484586956,-0.067193516,1.015872137,1.008871994,0.094127121,0.118095086,990.5247133,1016.135534,137.207052,336.5515553,1.791302062,1.083967453,1.070799548,0.105982216,0.169274151
2111,1,1,41,50,,,1.205726176,1.229946328,2.566098246,97.56227893,-0.106493682,-9.17854655,3.079598591,-0.220939491,1.095702623,1.014778161,0.152887289,0.182188539,830.1780567,1031.364553,143.9377404,268.6987692,1.425641739,1.059948436,0.956660227,0.104700645,0.172899774
2112,1,2,41,51,,,1.212954383,1.250678398,2.514148445,74.85744762,0.117307248,-19.06574072,-0.32962181,-0.178864869,1.05539177,0.891223427,0.199426622,0.097080598,913.5564953,860.7540779,102.1219383,338.037702,1.308052282,1.178835603,0.997050109,0.247043825,0.115432064
2113,1,1,41,52,,,1.157705676,1.186373359,2.566798007,334.7794359,-0.482277477,-20.11029416,2.363078508,0.275359231,1.106845806,1.048407249,0.275194385,0.110978747,932.7321972,762.8882951,219.9000562,291.0059209,5.552781524,1.055193308,0.946556064,0.062528915,0.100119392
2114,1,2,41,53,,,1.179712488,1.188092207,2.53749407,293.5664371,-0.601840813,-36.2007177,2.227080381,0.891256099,1.091191545,0.992298354,0.263682202,0.13868756,947.9574504,957.9198814,168.7926922,238.2603204,3.152295048,1.039390783,1.031304064,0.188007586,0.129786398
2115,1,1,41,54,,,1.181419092,1.202219849,2.48066364,393.0924322,-0.357481767,-12.73772273,-3.062495879,-0.326485716,1.059033844,0.986469987,0.214669407,0.08452519,790.0902164,998.2809872,188.6200347,237.1090823,4.680963477,1.116012043,0.98629249,0.26650178,0.191835718
2116,1,2,41,55,,,1.201463037,1.237938234,2.582531719,326.049321,0.144626922,-19.60254403,-0.461742994,0.899155748,0.976049134,1.177173409,0.195640184,0.145327174,816.4680677,928.7588391,146.0379106,89.51037575,2.319143719,1.080641126,0.937060537,0.188074395,0.161071057
2117,1,1,41,56,,,1.185611297,1.203757308,2.560441566,502.1291046,0.365130998,-13.87820294,7.367659341,-0.925063788,1.077718769,0.980659441,0.110707233,0.126710773,980.216767,927.7283276,277.6877492,173.8490602,2.702254794,1.069339461,1.021750772,0.20428099,0.145124414
2118,1,2,41,57,,,1.202749085,1.224724975,2.568770596,328.0733579,0.020177162,-11.75221394,-0.828091541,-0.816810818,1.135276522,0.976690434,0.146628132,0.154843607,1008.076309,1009.796056,236.6850691,302.5586983,5.711279469,1.129571433,1.116965874,0.287301986,0.151278983
2119,1,1,41,58,,,1.194322109,1.229011771,2.646370147,207.13508,-0.357335672,-14.07549578,4.373299083,-0.503354139,1.027272391,1.014349824,0.262955139,0.122460773,926.5403925,911.1071462,166.5487465,465.7786254,3.398597565,1.067549573,0.887126774,0.256198716,0.203812012
2120,9,2,41,59,Fails: T7.0,,1.182537914,1.228793679,2.584088893,408.0673566,-0.119472167,-35.59427767,3.690617552,-0.453960103,1.09616863,1.040788667,0.15024572,0.086051702,1045.062766,845.4613236,165.1443517,403.1591014,3.167564272,0.958097175,0.92662394,0.200834988,0.113021131
2121,1,1,41,60,,,1.207037529,1.199996907,2.527309716,156.0439894,-0.924015616,-19.2735333,0.799962459,0.103437115,1.114487369,1.139568102,0.152418144,0.123334484,1018.81337,838.4709358,293.2269172,425.9251593,2.935158101,1.053219239,1.091921104,0.184744913,0.116488037
2122,1,2,41,61,,,1.19566739,1.226850809,2.547010181,322.4138239,-0.596802269,-31.72247497,5.490078736,0.476608189,1.089697071,0.997154579,0.135397963,0.051094708,1004.62079,880.4483878,358.9814469,109.268702,1.743012193,1.043964687,0.891324549,0.234227455,0.161194111
2123,1,1,41,62,,,1.197646056,1.227233528,2.532565936,402.7402231,0.395893066,-31.03650969,1.07099145,-0.440618299,1.060345627,0.961827425,0.188456952,0.091102503,915.160915,888.9937843,299.8233699,277.8586639,4.781950911,1.06212011,0.927933883,0.146143712,0.084849711
2124,1,2,41,63,,,1.250110575,1.198441344,2.692249533,192.8361904,0.064721974,-14.75344166,-3.347369816,-0.705002449,1.067406355,0.982276068,0.29242151,0.095747464,972.5252458,961.3866033,253.558108,363.2811988,2.302964647,1.080314817,0.906247005,0.185555474,0.132666709
2125,9,1,41,64,Fails: T7.0,,1.198267591,1.181754787,2.543118908,239.8091272,0.402639648,-25.88190071,4.342788382,-0.875837027,1.00222837,1.000544257,0.263667753,0.1685583,802.5995159,966.6124809,213.1992854,289.4441518,2.537314259,0.952584357,1.076764604,0.243848372,0.0742905
2126,1,2,41,65,,,1.18351356,1.193385716,2.540241977,394.9377057,0.165329986,-26.22715539,2.106584795,0.487865543,1.149309095,1.041580717,0.181673413,0.091087987,848.4928094,960.1501485,82.14647225,151.1825634,4.385870802,1.066955795,1.057841384,0.102635362,0.15437183
2127,1,1,41,66,,,1.196199653,1.207145831,2.602082012,412.405521,-0.285560208,-2.731784623,-2.649012112,-0.020976126,1.066243584,1.054721225,0.123152297,0.121083468,943.8466881,905.570873,135.5064584,206.2213493,3.448138436,1.080044989,1.035602655,0.250432768,0.172021547
2128,9,2,41,67,Fails: T6.0,,1.213616913,1.210154035,2.503282686,260.5343824,-0.611685245,-24.41707528,-0.035522955,-0.226751749,1.035511413,0.945064428,0.274893499,0.149774807,891.8393433,963.1998317,310.4688009,392.4917445,0.821686427,1.048296242,1.111103912,0.149993635,0.110145189
2129,1,1,42,3,,,1.173209888,1.205115514,2.511003833,237.1633868,-0.125507903,-31.03674527,2.601002522,-0.006555774,1.062134335,0.925041447,0.203793654,0.010530819,943.7689394,766.512004,376.5913228,245.1395001,3.185383006,1.040856805,1.099058485,0.233936299,0.213842679
2130,1,2,42,4,,,1.185974876,1.184178667,2.624708952,308.8209832,0.482084946,-20.73114248,3.040590629,-0.026679953,1.076407984,1.005126995,0.269197835,0.102448956,979.068532,815.6604895,194.1693548,256.9545787,3.40706335,1.065467268,0.881938804,0.172047577,0.092112751
2131,9,1,42,5,Fails: T5.3,,1.17054728,1.199679307,2.471581532,269.9433904,-1.010437202,-10.16975763,4.967510179,0.049335522,1.038834615,0.95205474,0.175521779,0.104652878,931.8298874,940.5568161,98.4027623,-47.82112632,3.439872571,1.110081511,1.063466248,0.229988198,0.123691576
2132,1,2,42,6,,,1.211453147,1.20280488,2.612638464,198.6059173,0.566340786,-21.16769196,2.304404252,1.062616327,1.028777381,1.093200539,0.243553869,0.072997382,1104.531121,756.2711602,129.2975606,310.667803,4.628646215,1.043320049,1.086297146,0.086200134,0.134021364
2133,1,1,42,7,,,1.155957336,1.193024818,2.586617692,153.3790843,-1.268456163,-11.19738111,2.310171806,-0.07365632,1.019950606,1.016163173,0.137058988,0.128083133,840.215615,921.1884969,248.2287844,128.0066992,3.01880684,1.062795661,1.085440718,0.115387709,0.153356573
2134,1,2,42,8,,,1.18664176,1.219257245,2.51673354,390.7435471,-0.620685026,-22.02360136,0.478689997,-0.797675086,1.067986409,1.030504615,0.218905115,0.121785628,1058.235024,881.6411963,166.8057056,153.3037853,2.290715531,1.04924345,1.068644943,0.256409705,0.129462851
2135,1,1,42,9,,,1.155604176,1.191293116,2.545854548,210.1166326,-0.674326581,-16.43066171,-3.914134363,-0.565716676,1.077848874,0.978789768,0.277266271,0.073683577,1084.320925,1003.27138,301.5633391,361.1803191,3.102309491,1.151741915,1.074185832,0.011398518,0.118110987
2136,1,2,42,10,,,1.157222415,1.199371411,2.576767424,321.290908,-0.553501695,-23.91445184,-0.123738926,-0.358163382,1.127214411,1.086282171,0.182872399,0.161563506,843.7303752,830.3973329,237.2673717,307.8364628,3.569691905,1.056752377,1.050714471,0.230382525,0.105301733
2137,1,1,42,11,,,1.186224581,1.248296482,2.633578281,175.9174198,-0.087286238,-24.00491565,6.137246818,-0.343361803,1.094819033,0.934824484,0.157111588,0.132014011,1027.572025,890.6108476,37.69642761,238.5903189,2.243324792,1.059289546,1.014826958,0.247093401,0.178752036
2138,1,2,42,12,,,1.152699121,1.202916364,2.536803827,236.3336035,0.123637351,-19.41628666,-0.04144475,-0.340964977,1.096733352,0.9921749,0.197814995,0.085297007,888.9605045,931.7000023,232.5184558,0.251379462,3.227800075,1.136112773,0.957389608,0.234970106,0.175995828
2139,1,1,42,13,,,1.17637968,1.253224337,2.601358876,318.4661847,-0.437941342,-17.65786782,3.595542719,0.132610197,1.076932261,0.875741564,0.092342766,0.168421477,803.9627483,848.771598,218.5124497,244.909177,4.05234563,1.063757169,1.075384011,0.286219029,0.09078521
2140,1,2,42,14,,,1.179973647,1.228016593,2.538750696,555.5704462,-0.864671877,-14.10665116,0.7168958,-0.639779567,1.077412439,1.00733699,0.227965628,0.143649657,951.7862806,863.1985482,257.7113906,277.8580231,1.249186358,1.08533435,0.855174657,0.259983804,0.147408827
2141,1,1,42,15,,,1.183523857,1.223335114,2.531149117,266.8061447,0.658878299,-28.1381688,3.650333648,-1.216390641,1.0442231,0.949347112,0.25778188,0.093756796,1014.972146,920.2135268,130.3667042,264.9298332,3.645129806,1.030164925,0.98766849,0.231964794,0.102709044
2142,1,2,42,16,,,1.216275881,1.215083067,2.517896089,354.2344815,-1.147672495,-22.8140279,4.572162184,-0.151376869,1.008092569,0.984678202,0.232253787,0.048274629,977.729025,833.9090405,307.0153898,404.3697078,2.954483501,1.016840673,1.001093868,0.204081319,0.107009944
2143,1,1,42,17,,,1.209947929,1.173720741,2.657434762,294.1068361,-1.801759212,-25.20238021,-0.914520595,-0.743893484,1.10983102,1.115574245,0.348363706,0.10509382,970.8296292,825.1101884,192.2395856,324.8738032,4.779292013,1.063317422,0.906381655,0.224472196,0.094763268
2144,1,2,42,18,,,1.22201927,1.195898201,2.470526851,373.9217448,1.063789311,-40.24129638,4.797476506,-0.093853101,1.037966816,1.03290939,0.1666591,0.09021929,821.7368261,1023.768051,51.29808828,223.1065024,3.830915934,1.064379553,0.989189472,0.114027641,0.149968362
2145,1,1,42,19,,,1.201084239,1.193677156,2.477473979,241.892347,-0.756531642,-35.86418542,-2.343098181,0.331915156,1.090558355,1.065925673,0.117925017,0.134576056,956.5177812,1074.907582,223.6407242,243.9920391,5.053771953,1.123208146,1.054787756,0.269085254,0.181224253
2146,1,2,42,20,,,1.224448077,1.203590083,2.524212846,407.0555019,0.267289388,-24.69813329,-1.864763693,0.331487722,1.079532635,1.012457552,0.249955975,0.143288862,961.8371757,946.3147872,273.2209326,175.46696,3.294050599,1.072837149,1.112853774,0.156859806,0.17781762
2147,1,1,42,21,,,1.161168018,1.214478703,2.622463,280.4754902,-0.131570875,-27.7769381,-0.900031613,-0.0740781,1.117175414,1.144741854,0.084068492,0.102761675,887.6528366,904.3427362,335.3975013,262.2933485,4.247723439,1.129538532,0.989956326,0.251189001,0.074347498
2148,1,2,42,22,,,1.176530635,1.185915745,2.62298909,292.3861843,-0.763666033,-16.50998579,-3.555967903,-0.085235407,1.111710876,1.051976811,0.139512229,0.046549763,1018.808679,759.1093311,242.5686069,208.0203161,3.714643839,1.093102172,1.1027008,0.253967592,0.149778531
2149,1,1,42,23,,,1.205595827,1.231637329,2.540873614,361.8131791,0.326713004,-23.87017452,3.799548968,1.712677145,1.176928925,1.054721591,0.178782066,0.091713511,894.4573895,716.3994404,177.5604251,228.7304082,2.523665028,1.035588056,0.949507168,0.312641586,0.156965315
2150,1,2,42,24,,,1.209959151,1.201266078,2.482702639,263.7793832,0.748730428,-8.637234549,1.40327959,0.781473665,1.116343758,1.102875292,0.26064969,0.083019709,981.3127662,858.1129934,252.6123895,240.4429852,2.644232258,1.077632119,0.901504661,0.220231921,0.118308442
2151,9,1,42,25,Fails: T1.2,,1.182958393,1.206091549,2.760665432,303.1870955,-0.855988681,-45.39253287,-2.602033295,-0.441782479,1.130420708,0.951971356,0.063213671,0.094679043,715.2624254,913.4382768,110.4967435,325.7309359,3.476321977,1.009587607,1.052519016,0.251787185,0.08119184
2152,1,2,42,26,,,1.180685735,1.210876741,2.652105204,295.916719,-1.432931687,-10.17254169,5.299374724,-1.10716434,1.074370847,0.98543297,0.166891191,0.103276663,1018.239398,1030.008901,186.8655896,310.4057413,3.835867688,1.004752103,0.987261279,0.281531135,0.15714
2153,1,1,42,27,,,1.171231853,1.231301469,2.614839174,253.3140432,-0.240623005,-15.02362669,-0.682121173,0.802463436,1.097535258,0.998160019,0.316969595,0.109366823,860.8817001,895.4334677,76.59772174,355.6644591,4.579666471,1.022973248,1.019557517,0.221032458,0.236177321
2154,1,2,42,28,,,1.196968652,1.210070722,2.498592605,311.6920796,0.080055173,-30.43867758,0.184826703,-0.478700497,1.08481138,1.039136924,0.173909993,0.201752872,1004.412077,844.2608529,217.2324486,351.2059362,3.727564813,1.125735342,0.962817302,0.26415095,0.088388242
2155,1,1,42,29,,,1.185507,1.244439606,2.585023249,419.7777983,0.676441403,-33.7599587,1.666569363,-0.437977045,1.06071612,1.008230265,0.245261405,0.102629365,1035.421367,917.0050121,266.2148836,81.47271136,2.004639381,1.055218844,1.049061604,0.250337253,0.144795658
2156,1,2,42,30,,,1.176087462,1.175730955,2.518225908,530.1724451,0.9690818,-23.90024352,1.489143338,0.514869819,1.063477142,1.083212933,0.206002357,0.197032637,873.1556789,1032.525649,264.071667,312.5167636,4.354283219,1.036240344,0.930435486,0.163438365,0.161187841
2157,1,1,42,31,,,1.208633168,1.257338425,2.484070905,335.8881272,0.029044192,-29.16352509,-0.33722494,-0.887087576,1.090330259,1.005012799,0.279418691,0.106280995,834.9130598,939.7005125,177.8368683,106.0740559,2.406417265,1.076772099,0.979095278,0.22082161,0.182965207
2158,1,2,42,32,,,1.205200124,1.202816316,2.472212402,258.8753565,0.541731811,-11.65993126,1.686524942,-0.670545197,1.023485671,1.01064103,0.244531845,0.102356384,1018.673067,931.7593278,223.1869369,355.6346239,5.353338968,1.089955608,0.925611099,0.109256969,0.108160375
2159,1,1,42,33,,,1.204088495,1.228524888,2.52948101,384.2099814,0.193926602,-31.19877701,3.301645944,-0.647854279,1.059534637,1.022781427,0.214564773,0.097372552,1015.824123,970.257361,179.2408357,310.5263952,1.596610213,1.072788421,0.954259543,0.239012053,0.18037845
2160,1,2,42,34,,,1.157828188,1.215941927,2.541679123,233.8721597,0.877320717,-3.620794559,0.502699408,0.023797549,1.044884187,1.091627506,0.244425546,0.094929565,1026.535585,956.6207663,192.8901235,170.1244597,2.395789432,1.083334783,1.074118206,0.182484074,0.178663492
2161,1,1,42,35,,,1.226618252,1.232853702,2.584337121,159.447411,0.096579962,-26.99703531,1.769690127,-0.842449736,1.129285015,1.005804396,0.175250623,0.076455186,1000.433007,799.4139363,207.8836199,194.0849825,3.011878165,1.035544761,1.032942457,0.313062359,0.141634895
2162,1,2,42,36,,,1.172955634,1.209852351,2.511957949,320.9992544,1.229744811,-13.98235175,0.669736959,0.387628672,0.989641369,1.069775416,0.187481739,0.140002929,928.2836752,782.8550714,156.864395,218.73882,5.062631331,1.06498531,0.935054892,0.100335051,0.180366617
2163,1,1,42,37,,,1.257496966,1.225870245,2.558896641,301.5696667,0.577783422,-37.96292157,0.625863588,0.815960421,0.992974175,1.0785239,0.139238056,0.132090305,902.6665683,872.0480578,130.9033218,295.6210401,2.632860119,1.04879337,0.95899315,0.168734173,0.06133018
2164,9,2,42,38,Fails: T3.0,,1.182053153,1.240448473,2.581144465,209.5253134,-2.231675335,-28.986726,1.345758202,0.286936382,1.058333359,0.980576268,0.077322334,0.143189922,988.7153128,1025.367616,137.789602,189.7019958,3.988682979,1.060284692,1.055243533,0.224227632,0.161261898
2165,1,1,42,39,,,1.171911805,1.170315872,2.576569679,224.2114221,0.553261873,-16.45633312,-1.946330879,-0.939304384,1.073959838,1.036907644,0.311413287,0.146068519,1056.03383,765.9452146,199.7416937,209.7132265,4.506062977,1.101421475,1.10149891,0.234946098,0.124809415
2166,1,2,42,40,,,1.193209095,1.212974967,2.513832621,238.6904857,-0.774214929,-17.83941853,1.050997907,0.151099963,1.05200143,1.0137017,0.215072829,0.089436293,1016.367215,806.018161,193.8285647,168.3531615,4.432129001,1.032992781,1.056366691,0.123019823,0.215105495
2167,1,1,42,41,,,1.173794529,1.19531285,2.55378921,422.1321417,-0.309623183,-14.3666006,1.018009357,-0.005337401,1.088498888,0.927184744,0.260172201,0.208921638,860.6483603,839.7977351,98.22556533,273.9407236,5.30367245,1.148298684,1.017140863,0.161519418,0.109102996
2168,1,2,42,42,,,1.218664321,1.229263796,2.501833774,497.7207915,0.16159393,-27.90092188,5.366807584,-0.089695372,1.045345285,0.95907636,0.119896324,0.158416432,847.5530339,865.3526644,139.3700115,323.5862278,3.679650106,1.094675591,1.042024274,0.221682879,0.225400971
2169,1,1,42,43,,,1.193015197,1.21522787,2.503575913,227.6732767,0.89400594,-14.38543074,0.59378025,-0.571472131,1.057084916,1.052591306,0.198064133,0.060254657,938.6510431,820.5505473,285.8228168,114.138193,3.556483321,1.124544493,0.940068782,0.244210048,0.059386189
2170,1,2,42,44,,,1.216294005,1.238053502,2.51524536,243.0355264,0.000488452,-20.38525467,2.453957391,0.349360213,1.128575981,0.990055259,0.212741061,0.164373508,923.5962139,809.5972248,289.650183,237.7767598,1.786217355,1.097085227,1.059200064,0.175753576,0.135676112
2171,1,1,42,45,,,1.177212291,1.225499549,2.636336268,397.1108605,0.105189169,-22.68909213,0.83255366,-1.947012122,1.065201156,1.091329766,0.097417459,0.089736357,954.6837405,878.8423362,159.1426782,388.0021404,1.60016324,1.068864208,1.01432688,0.178668368,0.212200082
2172,1,2,42,46,,,1.197580384,1.231305799,2.669132131,159.3233281,0.180947089,-0.719989574,1.580708256,-0.936980403,1.053863741,0.977281058,0.116126368,0.120706168,864.9177009,773.5809723,280.322158,207.3066531,3.169979278,1.070841399,0.980182491,0.249321534,0.159184973
2173,1,1,42,47,,,1.240572122,1.232941613,2.581827641,407.3255002,-1.477987707,-9.759710801,-0.703467679,-1.622427791,1.022471875,1.150463942,0.212566372,0.212476324,992.6461947,949.3340216,81.52880589,133.9422345,1.027658561,1.033017487,1.082465293,0.183905108,0.117591869
2174,1,2,42,48,,,1.2473409,1.206509391,2.470576425,132.4286967,0.122866553,-13.38024665,0.761367873,-0.127913848,1.115612001,1.016918832,0.219694657,0.096277391,886.0398244,946.7481056,170.1074102,207.1086788,3.542916227,1.091746383,0.997871107,0.189724955,0.221532629
2175,1,1,42,49,,,1.204402585,1.18775544,2.443113818,315.2651818,-0.731557961,-26.279769,-1.74001189,-1.365098952,1.011220528,1.06703691,0.217203695,0.130975532,1049.982715,853.7550381,163.8998707,307.4622549,3.071785017,1.021170588,1.089664379,0.284750958,0.122001512
2176,1,2,42,50,,,1.198630594,1.222589359,2.423060208,307.6849664,-0.291403263,-28.35541908,4.746187423,-0.896400104,1.049214315,1.043366302,0.185011454,0.149910907,988.2354864,790.2848462,355.8012408,257.0529819,2.721061407,1.056112583,1.085809944,0.35879696,0.078451225
2177,1,1,42,51,,,1.191256365,1.177073377,2.528948311,518.0115613,0.247413207,-8.564926036,1.818656004,-1.124724387,1.037828445,1.002394507,0.29864131,0.107630417,972.7861811,955.2694468,122.9112589,301.4312877,1.64008727,1.04758644,0.986534026,0.188707978,0.121601281
2178,1,2,42,52,,,1.169629888,1.200067064,2.621622784,371.5259602,-0.233405725,-22.1650865,6.179943116,-1.308994209,1.142348271,1.045046583,0.197538079,0.108520735,905.4325482,724.7195143,234.8397694,217.4985221,4.003472177,0.995043662,0.92755547,0.193566469,0.201617073
2179,1,1,42,53,,,1.208228641,1.205819266,2.651327657,355.4555341,-0.413698066,-34.17331702,-0.816011531,-0.442378342,1.037740128,1.070843784,0.162705657,0.074704799,856.8576184,861.4906845,116.2084877,258.6152582,3.909572301,1.006357744,1.001210772,0.030094722,0.204811368
2180,1,2,42,54,,,1.199408228,1.183334558,2.616905823,179.7944001,0.416023879,-35.3197556,-3.089473263,-0.214205258,1.125681272,0.877525911,0.239054954,0.149796697,817.1308496,900.055689,202.5320727,231.8116318,4.404471113,1.036632732,1.026661335,0.140375379,0.142745156
2181,1,1,42,55,,,1.188359623,1.221482217,2.614226407,33.04738291,-0.954864308,-13.62246113,2.717452501,0.265178071,1.04400666,0.943442556,0.209818574,0.083919435,960.0579372,871.4892573,196.3133557,207.1062416,3.697361954,1.059480629,1.037839656,0.194752367,0.148744372
2182,1,2,42,56,,,1.168579453,1.198325725,2.628575768,271.8532028,-0.461340167,-22.3687745,-3.122740374,-0.063468562,0.968023772,1.038376693,0.263252585,0.10955997,1067.883378,825.1154669,301.9633379,334.5525143,3.685071056,1.046596345,1.021867627,0.174074854,0.029349911
2183,1,1,42,57,,,1.146424359,1.178013599,2.700022073,281.3307342,-0.609659544,-28.80359088,1.668890958,-0.345036468,1.039486823,0.946450756,0.283742329,0.178047204,921.6401691,993.7623501,231.8263449,78.36516162,4.442162637,1.085201529,0.903654772,0.135781315,0.10887524
2184,1,2,42,58,,,1.214727948,1.212897909,2.672872069,275.0597589,-1.383911058,-41.29827202,1.449585118,-0.421562655,1.063485629,1.088001456,0.284926748,0.070214487,865.4573768,1008.964684,288.206547,230.8550296,2.577803246,1.071526399,1.006053022,0.166915695,0.141410245
2185,1,1,42,59,,,1.20719103,1.165953839,2.645811682,156.0977712,-0.268568612,-45.70558811,-1.913985811,-0.850381129,1.078184529,1.035931588,0.240048551,0.103523468,997.6289393,1117.767923,366.2592577,227.5989539,3.505215985,1.087802441,0.975597047,0.233724339,0.181051747
2186,1,2,42,60,,,1.191569413,1.169612649,2.516669144,406.6089821,0.117983841,-30.23541395,4.421195364,-0.082016317,1.094611783,1.023500713,0.201013249,0.105047574,1024.676705,885.4270516,165.0430746,156.1737647,3.521520589,1.022536141,0.916553808,0.234021919,0.215157276
2187,1,1,42,61,,,1.233933315,1.245411408,2.55292821,273.5801803,-0.620633521,-19.82002832,0.009603367,-0.286756028,1.014600835,1.078496113,0.206281647,0.142595187,1071.222856,790.0498157,239.8176193,329.1819688,3.752923876,1.099955222,0.925795733,0.214109748,0.090246572
2188,9,2,42,62,Fails: T4.2,,1.202674987,1.188271025,2.575858685,237.3374154,-1.015567107,-5.629655781,7.035267657,-1.009738744,1.064858044,1.127247232,0.404092342,0.159518432,904.4698192,835.3928057,291.2295506,94.04906352,4.25814936,1.025324149,1.063287255,0.184299614,0.11463323
2189,1,1,42,63,,,1.199880575,1.21256287,2.592651394,293.7260632,-0.355980761,-33.18325921,1.585045445,1.394506417,1.061516696,1.052148242,0.228249993,0.088786975,931.5080663,806.579715,225.4174337,288.247012,5.214749146,1.142832683,0.873525903,0.219445897,0.165760417
2190,1,2,42,64,,,1.172250181,1.197174707,2.62535121,159.7936695,-0.317781113,-25.96561369,6.073720896,-1.143180256,1.031330185,1.047022042,0.246785138,0.088784078,962.1930825,939.0877465,312.6903198,134.8730838,3.429841369,1.063348424,0.903807606,0.245942061,0.126438926
2191,1,1,42,65,,,1.218970412,1.178741681,2.479344419,277.0757682,-0.919574468,-18.13502182,0.25099863,-0.647307712,1.104840017,1.021580502,0.25033623,0.12713184,1044.57664,838.195172,107.5735741,281.1544802,3.519676944,1.102902169,0.99356389,0.130284537,0.179196938
2192,1,2,42,66,,,1.19930016,1.214388912,2.479340604,333.1302659,0.986481808,-8.443292565,0.804992139,-1.666403872,1.118462969,1.091846203,0.218185408,0.124733701,957.8680062,974.4511507,105.3640292,155.5912752,3.466370521,1.026800984,0.964426019,0.153206284,0.110128728
2193,1,1,42,67,,,1.183659474,1.184413232,2.528267931,217.0116134,0.729746417,-27.40736272,1.002677204,-0.296969286,1.025948471,1.052751139,0.155866815,0.089115246,1076.65234,842.1011324,333.4213103,217.9549237,6.135447231,1.022319615,1.043642698,0.181695116,0.196058118
2194,1,2,43,3,,,1.210100349,1.17434814,2.622054165,493.7000205,0.007118297,-21.19028762,0.885641261,0.841739919,1.025998936,0.946149451,0.084634642,0.14743124,986.0786095,856.8658316,335.0230076,377.1584666,4.853674974,1.060486008,1.12127079,0.288637763,0.180220296
2195,1,1,43,4,,,1.161766456,1.206320913,2.584575453,232.5308244,-0.614268855,-25.58888456,0.528656512,-0.780748621,1.033838103,1.012961135,0.224661999,0.109059786,987.8023855,814.0682821,265.7412975,233.7311186,4.301913757,0.999754498,0.918648343,0.145813277,0.104407397
2196,1,2,43,5,,,1.175320373,1.23211312,2.59012042,286.2496676,-0.903248531,-29.41963606,-2.969281363,-0.114121835,1.088461535,0.946011737,0.192629077,0.112432626,903.5909386,936.1227277,246.7738765,302.5195015,2.612279199,1.052416957,1.017469967,0.233329215,0.137779526
2197,1,1,43,6,,,1.152139045,1.204418083,2.590824451,74.05077356,0.182400538,-15.78534644,4.423195605,0.250476225,1.062734314,0.985325308,0.215188803,0.130714747,902.5992119,1098.28981,212.6692068,236.7300452,3.029021476,1.118158436,1.016742149,0.13943608,0.071208549
2198,1,2,43,7,,,1.189151986,1.171062955,2.622373131,244.088191,0.701113526,-26.82717012,-1.029770024,-1.139334528,1.082128029,0.986412021,0.191100422,0.11757708,932.4738093,865.1138831,355.1367864,167.4509178,3.362008037,1.019721736,1.021075867,0.244744581,0.138195049
2199,1,1,43,8,,,1.201357142,1.177025752,2.597648371,376.6545565,-0.453386453,-34.53775612,7.192896109,-0.109027492,1.095311935,1.041559045,0.150410727,0.105617193,872.687225,1061.228618,145.0442368,198.3721518,4.022590229,1.037880094,0.973841879,0.259442089,0.219063361
2200,1,2,43,9,,,1.207888085,1.25028187,2.55277143,485.8756593,-0.158885011,-8.272301848,4.433184148,-0.712864882,1.082884511,1.067782114,0.166660992,0.223706574,1109.147344,957.6195802,79.53235121,188.2273633,4.918746238,1.062901493,1.008072557,0.178404394,0.148170355
2201,1,1,43,10,,,1.230657292,1.228184001,2.618130731,253.7392131,1.138560707,-32.64761346,1.542529136,-0.983202619,0.980371238,1.010652528,0.080582099,0.138444706,939.2623123,824.4938799,256.156958,257.6910749,4.854841692,1.135867321,1.008962508,0.149758641,0.203428838
2202,1,2,43,11,,,1.218072438,1.222057982,2.608605469,356.807038,0.068750345,-23.63032275,-1.224607798,-1.35761658,1.068770724,1.110528077,0.249236932,0.105098053,1077.128593,1005.570689,189.2223171,356.1481588,1.901693127,1.070015062,0.989447395,0.108854741,0.123846755
2203,1,1,43,12,,,1.211633943,1.206481279,2.593337745,221.4914281,0.940245824,-30.45295843,0.989765511,-0.831285491,1.092031182,0.955927644,0.101800543,0.078987367,1062.634648,1030.238243,185.9944693,318.5829559,1.97618136,1.020166039,1.03095808,0.237794118,0.122402164
2204,1,2,43,13,,,1.173303445,1.246140347,2.549273101,210.2158298,-0.88259046,-33.13162079,-0.713048236,-1.114469677,1.080091122,1.035868754,0.218278511,0.067167158,926.9035465,947.5079253,181.5467704,205.2397903,3.326899502,1.123029489,0.981726962,0.197766212,0.118882963
2205,1,1,43,14,,,1.198812192,1.194935165,2.644863778,155.4796196,-0.849324484,-21.61656634,7.845510536,-0.883308043,1.103428053,1.057004939,0.290269245,0.161817772,935.9472091,817.9827694,215.4562321,232.4625284,3.049403739,1.051398268,0.877345979,0.166431491,0.048997092
2206,1,2,43,15,,,1.165915519,1.187814333,2.61441354,416.8203219,0.293817479,-29.67137547,3.836633455,-0.143868988,1.086087521,1.018036202,0.264758125,0.060371276,1013.681196,925.079543,204.6384291,267.0705821,1.617401611,1.081405319,0.970520216,0.254027482,0.136958904
2207,1,1,43,16,,,1.200540431,1.20799351,2.592465629,190.5562465,-0.741110328,-24.59745752,-1.145611431,-0.019083687,1.05390064,1.020681617,0.1713939,0.13836062,1006.353566,959.3450162,463.0742428,323.5883889,3.532311855,1.114793276,1.079639718,0.272584226,0.16210562
2208,1,2,43,17,,,1.182389642,1.219386648,2.526782287,223.9487958,-1.166077216,-27.05667863,0.965406654,-0.157485697,1.105992285,1.03240577,0.267853409,0.057800265,1007.765042,871.6734635,276.5617705,363.6307788,5.879491961,1.011897651,1.022584301,0.16849224,0.16259046
2209,1,1,43,18,,,1.187117192,1.215860999,2.494772591,309.3835687,0.135292947,-1.907357874,3.4016801,-0.573608153,1.079400492,0.995999718,0.095664154,0.091665054,978.8312047,957.9763827,108.0781091,278.4988178,4.452192697,1.073434333,1.032501917,0.183503854,0.122769452
2210,1,2,43,19,,,1.182211888,1.211011248,2.665317076,320.4605515,-1.107828581,-15.74417261,4.429003257,0.229329828,1.095481928,1.062090633,0.245017327,0.11077978,1014.140397,1070.258744,227.8090506,75.33679961,4.575326705,1.063265063,1.009405135,0.197894328,0.152942025
2211,1,1,43,20,,,1.170062915,1.199877862,2.581241391,358.4047695,0.397906957,-20.55223333,-2.410306708,-1.005876399,1.000384004,1.071180783,0.271048879,0.107828822,988.5000097,865.3675105,129.2253868,221.656636,2.187137118,1.122980825,1.017572583,0.147330553,0.132783405
2212,1,2,43,21,,,1.224833844,1.183269216,2.643487381,359.4842202,-0.828068968,-16.88058913,2.333509997,0.054137202,1.095551024,1.047026301,0.160251428,0.115000523,1014.571232,883.659378,82.58528918,351.3182809,4.240969153,1.055040621,1.00031643,0.096657175,0.121874902
2213,1,1,43,22,,,1.212225165,1.203571819,2.632727924,496.0794105,0.19848738,-38.73874351,1.462778218,-0.077263942,1.067683333,0.994927654,0.200668329,0.098116563,942.8090073,877.5927218,287.3070068,280.1921236,2.732267016,1.102051265,1.007856694,0.182774566,0.079112403
2214,1,2,43,23,,,1.180766953,1.193973072,2.587449307,326.1719511,-0.768815962,-11.22627277,1.953791291,-0.612626661,1.078744682,1.059969546,0.232776777,0.089074698,947.8663965,871.0101277,253.253894,188.4297346,2.854823063,1.105246966,1.043137136,0.081462892,0.092285168
2215,1,1,43,24,,,1.171472853,1.19178025,2.505303096,299.0413634,-1.650641941,-16.11457392,2.661508524,-0.317784536,1.040657801,0.998814038,0.210348357,0.110682124,893.9579504,1053.270682,247.6879655,299.1456389,1.672198221,1.024448332,1.11912433,0.253808502,0.178007221
2216,9,2,43,25,Fails: T3.1,,1.186748991,1.226619545,2.523944544,286.8626897,-0.384476598,-51.69208208,-3.090895926,0.039996252,1.10850494,1.007234815,0.200596436,0.133701852,1082.420879,881.2853251,212.7192754,274.7813853,2.366122417,1.113289043,0.974377791,0.188206349,0.062500053
2217,1,1,43,26,,,1.199029103,1.243478609,2.587818597,416.018547,0.232323625,-28.11876752,0.661108479,-0.858102082,1.087889221,1.00800963,0.157658331,0.10015751,1020.010678,922.3207433,141.9036973,135.4743809,2.450397893,1.047117904,1.056137595,0.251810381,0.124624632
2218,1,2,43,27,,,1.158467385,1.210123175,2.500719048,303.1355738,0.242779325,-25.66455119,5.445298569,1.04463586,1.04190551,1.048902323,0.300015802,0.071642309,1163.366951,1005.702243,199.3954918,258.0585634,3.905934136,1.091144263,1.072781173,0.269365392,0.177247714
2219,1,1,43,28,,,1.205251585,1.202706518,2.514006859,318.3415042,-0.809270415,-33.3254752,1.194178764,1.241326856,1.073810107,0.971624742,0.211404064,0.090953744,972.1975219,880.6478785,166.6388147,311.7784831,3.401694898,1.031963404,1.023621066,0.044540417,0.138903264
2220,1,2,43,29,,,1.145201432,1.222853626,2.597507596,421.82823,-0.803851507,-28.9601114,-0.606802955,-1.007235963,1.06855421,0.938350898,0.308905027,0.151445028,987.4412704,740.3533006,202.2959863,205.095189,3.851597391,1.074439994,1.045198904,0.172684665,0.147236477
2221,9,1,43,30,Fails: T7.2,,1.192325361,1.23067247,2.569568276,316.6618056,-0.618338869,-9.090653161,1.151284596,-0.011630039,1.020671298,1.017545149,0.265500431,0.140822369,863.0857893,904.9737826,162.2448202,303.199408,5.981418916,1.059720816,0.953719611,0.389796905,0.14342172
2222,1,2,43,31,,,1.145143202,1.207004907,2.539605306,237.5410563,-0.521676481,-20.51335483,-4.215670731,0.214031811,1.055131507,1.024482588,0.19821187,0.134142714,992.1070815,880.7046011,309.2055843,379.2971894,3.018455299,1.083402775,0.962845806,0.225851141,0.112118523
2223,1,1,43,32,,,1.191556882,1.211246337,2.587939001,132.6640157,-0.286904602,-13.52070768,-0.070033109,0.187261013,1.092673648,0.936859109,0.138127448,0.127765523,1027.769074,954.1445011,270.4283842,345.70237,5.154887901,1.082160941,1.048750478,0.260960413,0.145009359
2224,1,2,43,33,,,1.206847495,1.227037117,2.557334457,310.9188514,-0.563268487,-29.6489744,1.846433644,-0.471989493,1.145381691,0.964320935,0.197264719,0.037206617,992.2159074,922.5215215,113.6782159,262.0389586,2.806084687,1.0652966,0.994046441,0.11785592,0.130153789
2225,1,1,43,34,,,1.181444405,1.232566543,2.567260541,397.0412973,-0.264794298,-27.11772134,-0.683113221,-1.048209944,1.039524221,1.130161201,0.255854022,0.046149045,817.3271425,948.6477109,355.5643027,255.6625231,3.662348584,1.125143426,0.986554592,0.264426704,0.138035358
2226,1,2,43,35,,,1.208988254,1.188220763,2.477308268,97.42002164,-1.454402506,-26.35960074,-0.591436317,0.327881822,1.104293962,0.968159958,0.266532101,0.191173953,906.7072601,874.5444039,216.7675736,247.1569313,3.948050267,1.07908095,0.979711071,0.251100137,0.177189203
2227,1,1,43,36,,,1.183124077,1.211714718,2.498592969,269.1067048,-0.267379873,-14.31886197,-1.533944248,-0.698674084,1.056581281,1.060470686,0.167159808,0.147136668,1038.625744,809.1138143,80.61472102,326.6342756,2.688741752,1.105276834,0.933578616,0.146524001,0.052612312
2228,1,2,43,37,,,1.203234601,1.20893465,2.561942417,260.0452916,-0.70053403,-11.15554417,4.575682492,-0.760081397,1.039515663,0.992439457,0.242630955,0.107519177,904.0580119,731.9587489,276.3397161,333.8629542,1.814310437,1.055053237,0.987362355,0.126989883,0.183736653
2229,1,1,43,38,,,1.176935806,1.189970631,2.567344054,320.6357726,-0.888811337,-35.00166085,0.399939158,0.09534915,1.036574898,0.924448001,0.221723698,0.125096697,1138.323046,890.0308087,270.6385061,182.7577042,2.919954296,1.104498188,0.992256757,0.196393604,0.130025304
2230,1,2,43,39,,,1.205711869,1.190404638,2.598941514,332.7855006,-0.488774635,-2.376391589,1.626324146,0.746331804,1.030603292,1.001720416,0.133717874,0.099818936,907.8579798,921.9847114,225.2391407,204.4201919,2.517871863,1.095425417,0.994859556,0.234123852,0.23111923
2231,1,1,43,40,,,1.167227301,1.169323027,2.54933557,352.349065,-0.941467796,-4.854150382,1.820252821,-0.420601578,1.060693746,0.978347903,0.191515084,0.090188547,952.6242119,1104.646285,136.0700912,196.351157,3.36852117,1.107885903,0.94557645,0.19071353,0.142330284
2232,1,2,43,41,,,1.154932497,1.184342346,2.591028561,227.8640754,1.013941074,-17.09611238,0.636339396,-1.062545321,1.102600832,0.981259922,0.12152137,0.13371198,925.6166152,921.7994148,246.613713,280.2649558,2.73294665,1.101314415,1.122543031,0.292137674,0.137659619
2233,1,1,43,42,,,1.190531985,1.219182506,2.612457155,272.5551911,0.082460217,-9.241503391,7.862054398,-0.940514314,1.135067614,1.053143997,0.300984988,0.104786918,1094.619547,925.5683071,215.7463617,197.466262,3.319659021,1.077860331,1.11301738,0.20219476,0.162842514
2234,1,2,43,43,,,1.192567035,1.204401677,2.583971938,325.0559692,0.697633295,-8.936639997,5.897596568,-1.141486795,1.04005752,1.08704395,0.167025646,0.192492919,1014.041172,964.9420833,172.2026256,337.5657421,4.321778405,1.088624782,0.870892719,0.160297921,0.115999429
2235,1,1,43,44,,,1.181848486,1.219169733,2.554269994,408.5554393,-1.827136209,-23.07537503,2.243976568,0.036013161,1.093122772,0.94803058,0.136354122,0.056309122,826.91107,916.2546888,172.7040689,191.5620666,3.304616346,1.060972375,1.025091914,0.100834572,0.150883266
2236,1,2,43,45,,,1.204543206,1.22275186,2.521549846,407.0204688,-0.000373843,-36.70070281,1.875912509,-0.048922105,1.050494479,1.008260326,0.230645648,0.149622837,1166.884259,920.6354361,375.6420583,133.1231092,3.467062661,1.081702085,1.023462773,0.089740474,0.192184522
2237,1,1,43,46,,,1.219857153,1.183035683,2.718138989,246.2982399,-0.089907404,-25.41389078,3.389968011,-1.123695428,0.985073806,1.098876753,0.143219257,0.091451727,1124.57944,927.950284,298.5104285,241.0427139,3.058552338,1.061803643,0.992762323,0.170992302,0.070164037
2238,1,2,43,47,,,1.183948061,1.237436797,2.576373741,274.4536832,-0.577729401,-9.71192081,1.56595206,-0.349039055,1.052373516,1.062917932,0.127109039,0.02314024,1005.837984,1062.355848,144.690454,265.6677087,3.189064109,1.046100714,1.003018839,0.179852826,0.13945612
2239,1,1,43,48,,,1.213837793,1.17836553,2.576363785,221.9851309,-0.196638858,-17.69062898,0.486406585,-0.606150309,1.00930377,0.984610018,0.274656439,0.089368951,820.8703298,930.9313938,301.9275939,168.7708951,4.9945525,1.007723142,1.061651931,0.24073559,0.15786726
2240,1,2,43,49,,,1.172716482,1.187644929,2.695633779,343.3730448,-0.401980362,-19.7201034,2.714669196,-0.533587322,1.061323488,1.091694139,0.216854836,0.173363492,972.5289294,1024.167301,462.6483046,284.1192263,3.900786547,1.052751603,0.98674941,0.168312258,0.134890105
2241,1,1,43,50,,,1.196713459,1.197027219,2.664514885,480.0585942,0.389414586,-13.72056773,2.791062968,-0.185482214,1.016021756,1.033797322,0.167923187,0.131737988,807.618726,864.8699388,297.9495669,100.4185728,2.476346173,1.113456727,0.981165209,0.162637343,0.205717969
2242,1,2,43,51,,,1.23233491,1.226408205,2.543777744,354.8774198,-0.567102142,-15.9914982,4.272417796,1.142007388,1.069481482,1.134947815,0.231329296,0.153499848,995.1736733,973.2491871,253.5620352,229.6324701,4.300596679,1.063255608,0.966960105,0.193708934,0.062453425
2243,1,1,43,52,,,1.20349062,1.189664823,2.503840402,333.6011724,-0.223205838,-9.660000563,3.451957503,-0.424865174,1.010006308,1.145379563,0.149407648,0.138781156,964.8854336,866.6180774,250.8614354,256.0132474,2.581116487,1.062529328,0.917519138,0.303881675,0.213101865
2244,1,2,43,53,,,1.218534681,1.205414029,2.603124063,72.24709068,-0.28870508,-17.09242627,0.170685224,-0.097100193,1.086124161,1.026487608,0.247156208,0.067576112,1051.980476,957.4334303,323.1305062,233.2357629,4.982144765,1.07141972,1.061360719,0.204773134,0.174217227
2245,1,1,43,54,,,1.212633671,1.201786441,2.42841284,285.2566778,0.695428328,-15.59970823,2.414745082,-0.409272059,1.051016873,0.955959448,0.196531683,0.107953804,957.7441755,815.5003121,197.9829391,242.4983648,3.548853428,1.105672174,0.932618917,0.166184213,0.153861722
2246,9,2,43,55,Fails: T4.1,,1.163948362,1.232492544,2.48347073,392.7633557,0.784445754,-34.737461,3.061214894,0.832010401,1.052805132,1.208533731,0.203762934,0.11434011,772.4926738,853.623691,280.0143227,261.7180845,4.224285113,1.028877258,0.979091353,0.21801833,0.074528643
2247,1,1,43,56,,,1.196233812,1.212193034,2.554574457,350.5882937,-0.104844667,-14.58934182,2.15760244,-1.490765149,1.055590179,1.03680792,0.212847631,0.049971197,959.7466,805.6593342,187.1427152,251.6089299,1.893331933,1.108407315,1.04361882,0.164873279,0.163482466
2248,1,2,43,57,,,1.18277524,1.198353507,2.553407175,346.024339,0.717223598,-32.88325379,3.690662073,-0.222634572,1.035157616,0.921322031,0.219647365,0.103983607,1004.864688,804.5864941,189.5319034,272.124222,2.502369449,1.094141681,0.966732075,0.260128547,0.150811718
2249,1,1,43,58,,,1.209663067,1.20571263,2.450791419,396.1761856,0.209815364,6.439134864,-2.196126856,-0.98271147,1.057876356,1.002017238,0.141979214,0.129713488,911.9717173,883.5915807,200.3634093,236.1471615,4.173677791,1.080474215,0.927004873,0.212175661,0.169471666
2250,1,2,43,59,,,1.179523658,1.204681855,2.698119686,407.8781699,0.503291577,-0.646011163,0.661846272,1.140081301,1.023692944,1.066976368,0.236250452,0.193409428,983.3599389,797.7925671,220.2189145,215.519579,4.053174301,1.122789793,0.977214609,0.217005116,0.142761309
2251,1,1,43,60,,,1.190486792,1.214337879,2.471707999,403.564887,-0.714901487,-8.391889173,2.935976917,0.704924965,1.089707828,1.062048298,0.143163485,0.089481388,1012.471085,809.2262909,80.19641584,192.6169518,3.46669514,1.072294963,0.885063113,0.175286131,0.232413384
2252,1,2,43,61,,,1.184418102,1.234978236,2.535300786,518.3803403,1.427167576,-14.60338527,1.630759589,0.443248356,1.060296853,1.041238425,0.169713327,0.051798668,1057.166169,931.1509826,201.296986,240.3891785,1.109481929,1.05714274,1.016989996,0.182163244,0.212020476
2253,1,1,43,62,,,1.195718994,1.196650031,2.634663612,235.582673,-0.854373072,-4.710440025,-0.393188867,-0.05665086,1.065786597,1.171705706,0.228096687,0.122825211,1029.286095,702.4253754,240.0396628,267.871479,4.473018337,1.106496448,0.976981029,0.283413006,0.167904208
2254,1,2,43,63,,,1.204411562,1.218636118,2.705754284,371.1274573,-0.331044143,-33.30686635,7.847534421,-0.608991632,1.001882956,1.026160988,0.267087613,0.123625406,964.7606662,772.1233858,154.093544,235.1007171,3.991504442,1.123777513,0.924846572,0.295202677,0.183350713
2255,1,1,43,64,,,1.167491977,1.217939921,2.635508052,422.138117,0.101398923,-12.65128964,3.222995108,0.25781952,1.099416366,0.993375159,0.231634289,0.043416739,951.1315745,1002.707893,102.1139846,216.922879,3.225708296,1.040575487,0.919893703,0.119407286,0.127721808
2256,1,2,43,65,,,1.19950097,1.22566072,2.53270841,268.469622,0.633735615,-8.87858039,-0.428669646,-1.37309115,1.108201108,0.981235686,0.094071385,0.148017814,1016.55807,1042.304915,275.4174356,334.6169608,3.906725849,1.085023019,0.970084157,0.241267018,0.139935535
2257,1,1,43,66,,,1.249498126,1.21683996,2.548424432,277.5423511,0.032271145,-15.97069267,1.581762367,0.00346426,1.006071398,0.964887326,0.222190494,0.102615931,1068.782133,865.4328889,297.7684658,154.4588255,2.949642787,1.027206991,0.970616191,0.193264681,0.159033382
2258,1,2,43,67,,,1.198563267,1.220627779,2.621348236,272.2850433,-1.024512509,-25.12726381,5.037704624,-0.268287468,1.083969486,1.070559548,0.262346708,0.023260018,1081.862224,889.9529658,192.5614504,330.2642416,3.826479208,1.036299656,1.009746139,0.223356416,0.127088376
2259,1,1,44,4,,,1.178385584,1.222626962,2.533963971,355.1228927,1.037950927,-11.92975304,-0.787833075,-0.512740256,1.032883039,1.007299115,0.228314283,0.117447987,1055.53348,1089.164534,231.140908,355.014773,2.796768105,1.091806477,0.901177327,0.115734991,0.152078983
2260,1,2,44,5,,,1.183077882,1.205479095,2.579223402,319.9091829,-0.360556106,-23.94221401,-1.961549779,-0.976884491,1.0237461,0.96248119,0.223835357,0.058976613,1029.051266,907.2162378,141.4595729,194.7497807,3.439689907,1.119246338,0.978337664,0.162799612,0.151422347
2261,1,1,44,6,,,1.207921355,1.172632738,2.536327892,170.9642097,0.518057812,-24.23373471,3.493161832,-0.082007747,1.097157417,1.11225655,0.091941278,0.099565939,920.7676621,947.0291577,47.49467144,89.58752712,4.54847759,1.060354683,1.030761628,0.234571295,0.137850933
2262,1,2,44,7,,,1.206840923,1.218324141,2.435486251,460.8259671,-0.072453316,-21.05200423,3.725399772,-0.838141866,1.103021719,0.947110989,0.224862825,0.081812883,1035.196114,846.950515,111.0260109,304.007906,4.978110733,1.028047452,1.116037289,0.137061131,0.115110122
2263,1,1,44,8,,,1.186421868,1.212087023,2.497515741,257.0573181,-0.184807727,-30.02284965,2.025715333,1.53525325,1.070884007,1.068949139,0.206145039,0.118906332,1001.783666,1024.448532,237.7026747,279.9637876,4.015386107,1.096733728,1.040199619,0.11156705,0.184095932
2264,1,2,44,9,,,1.201070978,1.195017504,2.538673586,378.1804568,-0.386015144,-17.92424143,5.747400455,-1.020558035,1.080735088,0.973163699,0.177946791,0.163286329,1020.307392,911.2399726,9.177822849,205.2643809,4.450815287,1.087560929,1.043121686,0.240688167,0.116103396
2265,1,1,44,10,,,1.209064102,1.210668313,2.51172665,278.5880416,0.044171748,-21.36071822,1.717287631,-1.255373768,1.09045523,0.902736835,0.168456379,0.129003103,1117.399345,814.7137774,145.9818682,233.1572894,3.457208575,1.152249722,0.958209733,0.216753544,0.086935387
2266,1,2,44,11,,,1.204496434,1.204128842,2.580798015,210.7759227,0.174138864,-40.81363774,2.776304773,-0.430243816,1.124421377,1.008623964,0.324252784,0.089205687,979.5025273,814.6002414,284.3571161,239.3743545,3.571798068,1.006163658,1.062248812,0.093419204,0.174798466
2267,1,1,44,12,,,1.189509287,1.215504681,2.624484152,453.3333119,-1.004200191,-18.10494452,7.786076589,-1.088372936,1.057683723,1.170551006,0.148025906,0.10382846,871.6222991,883.8450087,123.318105,207.3241648,3.551927667,1.093708805,0.965056522,0.084848913,0.140024604
2268,1,2,44,13,,,1.194917354,1.22437938,2.54910353,142.0082253,-0.460034112,-20.24596794,6.295839194,-0.460391057,1.076605323,1.002703916,0.332452971,0.160343889,1043.274138,870.9387528,228.189272,106.3103478,4.109270753,1.100651341,1.096918924,0.251687299,0.170970147
2269,1,1,44,14,,,1.21944832,1.242912456,2.470364404,124.8408207,-0.341220728,-7.116336345,4.928765043,0.439012157,1.100989626,1.083352272,0.184544254,0.113794372,847.1194182,1003.289995,241.9361081,225.518848,3.472649378,1.068521126,0.926264159,0.135932052,0.066213682
2270,1,2,44,15,,,1.18669743,1.193978139,2.613859017,262.7479967,-0.156819984,-16.03844694,1.612564845,0.560574821,1.132075908,0.985934011,0.11447904,0.150879122,970.1958292,967.2727475,277.5006806,272.3540734,4.655292342,0.995538875,1.004760795,0.006058806,0.097788162
2271,1,1,44,16,,,1.196817669,1.193636095,2.479990665,264.9534651,-0.017450187,-29.62334327,-1.048897602,-0.577564232,1.018482363,1.064126096,0.175737698,0.165055188,1000.732245,887.9308526,116.3007977,159.5410659,2.942339047,1.01119258,1.016923526,0.243684654,0.070448333
2272,1,2,44,17,,,1.229916307,1.189860058,2.58950913,250.5472748,-1.350049397,-40.29807435,-0.626597021,-1.026840936,1.052759574,0.937481313,0.23634206,0.080179241,1026.923055,838.379758,276.6732129,270.6783508,3.706813479,1.11903632,0.948393193,0.181734244,0.18735701
2273,1,1,44,18,,,1.176449793,1.226863643,2.509055359,380.3890987,-0.754067698,-19.22415153,2.434595332,0.905181431,1.001488319,1.10114833,0.193075536,0.106738797,1020.495358,996.6048577,197.7549114,163.1296005,4.341092388,1.113325674,1.008046886,0.105635148,0.112600303
2274,1,2,44,19,,,1.220924815,1.212984509,2.482621499,373.1931998,-1.010736001,-7.183459292,-0.457202835,-1.261923859,1.019338876,1.13235642,0.174296665,0.082168941,869.0284274,998.2004862,162.2542184,234.4484223,4.421433712,1.081487752,0.994605087,0.129320025,0.119034225
2275,1,1,44,20,,,1.179583149,1.202472126,2.579369803,197.4422148,-0.548867898,-14.71649725,2.685599911,-0.857770687,1.087282394,1.116264805,0.232432503,0.08497329,875.8965452,871.7125328,225.0726578,295.1559099,2.406927507,1.037978608,1.006028223,0.182300075,0.151117391
2276,1,2,44,21,,,1.172097563,1.210560382,2.666102182,427.9521184,-0.253931426,-15.3197278,1.360871247,-0.465086302,1.06226031,1.198455277,0.245008648,0.151509047,1165.622585,884.5368271,168.6310284,99.69331551,2.803837023,1.042404306,1.060344415,0.140096152,0.121636452
2277,1,1,44,22,,,1.209381173,1.221202729,2.607813381,335.4623551,0.027812176,-31.6791608,2.449664699,-0.094160574,1.121033442,1.132346372,0.235058846,0.167804886,1056.843121,922.8024607,33.30685558,308.3486253,3.263233953,1.087857913,1.064027,0.257062022,0.099798938
2278,1,2,44,23,,,1.179526215,1.207902661,2.643266436,360.3184801,0.426930891,-6.848160048,2.662582748,-1.803573392,1.067408217,1.028207862,0.253232889,0.057145312,888.3639956,858.3801891,250.7864953,286.3355526,3.011953971,1.062202379,1.075055184,0.23423068,0.192596662
2279,1,1,44,24,,,1.186970693,1.200506516,2.632730098,239.4083291,0.002042207,-19.67741429,2.414016318,0.611916232,1.076048775,1.050588972,0.15999162,0.068505906,1040.075252,766.3118159,210.8075233,157.2541953,4.973970814,1.07072235,1.007726815,0.227607632,0.101903053
2280,1,2,44,25,,,1.16998418,1.211555569,2.588904128,452.0441124,-1.013071745,-13.24698958,-0.006634709,-0.173982374,1.023635604,1.023688734,0.201913126,0.207911977,1029.024482,881.230569,89.62562732,389.6617528,4.214306782,1.121537834,0.958497263,0.157575086,0.058202705
2281,1,1,44,26,,,1.16848009,1.22513271,2.620972134,175.6789325,0.988646175,-17.99562264,0.822800223,-0.233076467,1.109126374,0.983932709,0.174972256,0.099574688,872.3608695,1067.905452,79.00254399,221.2482411,4.13900683,1.092606298,1.09354314,0.10871657,0.152369459
2282,1,2,44,27,,,1.177941395,1.170221336,2.59586706,458.3913125,-0.782802894,-21.00539366,6.06861841,-0.276437693,1.126630528,0.936949751,0.235414837,0.112894059,998.6136706,981.0002511,166.9812417,179.9248047,1.72468473,1.117150682,0.997819452,0.249749834,0.087526041
2283,1,1,44,28,,,1.228274559,1.200379141,2.539435555,388.2888261,0.480389159,-2.676422805,6.548632089,-0.690306295,1.054738017,1.133898874,0.226218367,0.103399291,928.2045359,771.577476,104.0906016,85.63228844,3.565653534,1.124454085,0.984916271,0.206431644,0.123649722
2284,1,2,44,29,,,1.159165888,1.220042117,2.59910643,322.7733977,-0.714266429,-9.16429578,-0.098974066,-0.040652822,1.036402817,1.107521961,0.240319402,0.057104899,1052.154737,876.4690708,191.2473529,200.5675106,3.700315935,1.070821798,0.989354628,0.180795799,0.14328988
2285,9,1,44,30,Fails: T5.2,,1.149818742,1.214347972,2.578772303,430.9694316,0.340798433,-31.98929492,2.369206138,-0.113307258,1.048252971,1.048828226,0.252023565,0.081584706,944.5615202,906.4316396,-28.96594991,282.066519,4.722489163,1.079722787,1.08285102,0.218605661,0.093061872
2286,1,2,44,31,,,1.178640675,1.217601235,2.55431264,315.089949,-0.192401266,-16.880632,-3.387843157,-0.784251168,1.048858099,1.110030057,0.281462215,0.031414424,970.6043467,1023.621627,296.0699556,264.6566353,3.422223656,1.057013816,1.057421881,0.170862883,0.105457847
2287,1,1,44,32,,,1.158076925,1.239121195,2.61851161,472.8700965,0.091042935,-16.58312222,1.957315941,-1.039232583,1.054010017,0.994207792,0.197804796,0.150395972,973.5466821,780.7878045,294.7228534,264.9678348,3.336854437,1.154954695,0.874541546,0.279273964,0.165535226
2288,1,2,44,33,,,1.193398123,1.221858416,2.536590784,255.14023,-0.234461755,-26.6066513,-2.415569725,-0.298183302,1.071887883,0.899951766,0.110807777,0.147945639,937.7444282,922.3487754,237.428826,196.714231,4.53012724,1.068533628,0.994913972,0.237897496,0.087141121
2289,1,1,44,34,,,1.217570705,1.183368468,2.46406645,337.2096383,-0.705069311,-24.73498543,2.95577214,-0.716199093,1.078942493,0.981397144,0.236955965,0.148771745,866.736128,801.9427947,261.2695016,179.5980215,3.968307415,1.063173547,1.000913494,0.225752505,0.186125148
2290,1,2,44,35,,,1.208430172,1.210962988,2.572162578,437.0897056,0.067907736,-32.77165452,0.120712176,-0.273942475,1.098128503,1.04967252,0.224308622,0.109804897,1000.04942,808.8847525,108.3389805,330.4683959,5.309941623,1.036658679,1.080912,0.233309821,0.166715677
2291,1,1,44,36,,,1.16606163,1.200396519,2.585346968,206.7386205,-0.274184709,-21.28106746,3.834708764,-0.70951956,1.138469517,0.960006529,0.257007537,0.157322525,1089.098586,1076.8923,85.28563965,293.8566634,4.930654253,1.072722222,0.953020846,0.144782355,0.165357605
2292,1,2,44,37,,,1.184334953,1.230225607,2.66457123,214.2843065,0.20302059,-28.80803193,0.145205147,-0.576545765,1.022338426,1.068101743,0.236563346,0.093603915,1113.844905,899.0780099,161.1855808,360.4905572,2.875527313,1.057704512,1.051753088,0.11382655,0.090647237
2293,9,1,44,38,Fails: T1.1,,1.168482499,1.263545009,2.426433641,222.8868484,0.284802356,-25.1323661,0.030926548,-0.359721743,1.026233892,1.045265666,0.295582783,0.088451155,790.1484909,867.9629402,64.72481086,170.1226795,3.571487001,1.082435756,0.939809301,0.188204613,0.089818598
2294,1,2,44,39,,,1.195677208,1.20745297,2.532932336,139.0902298,-0.333976172,-20.0344469,-1.785334939,-0.081496179,1.052375636,1.107449173,0.131940678,0.110470131,861.9870535,877.9033675,223.766318,355.046635,3.946651202,1.014534208,0.984234309,0.189817288,0.112787599
2295,9,1,44,40,Fails: T3.3,,1.191019108,1.199409791,2.625001069,381.1956278,-1.585322135,-20.81178659,1.381466725,-3.483874612,1.053154076,0.976458162,0.17837208,0.220490505,901.6583593,937.0073448,310.5134682,264.2437246,3.46935685,1.070986834,0.944082333,0.219607821,0.090805217
2296,1,2,44,41,,,1.230875754,1.185647033,2.618825093,278.7705414,0.514418895,-20.06978134,0.158320995,0.504131127,1.13947104,1.03384863,0.194683045,0.142912449,1046.241289,1036.658754,136.1737763,232.0071583,2.282708326,1.100636177,1.070220039,0.249937924,0.140923952
2297,1,1,44,42,,,1.214228582,1.20507364,2.677831328,331.7769054,-0.555251399,-21.05942158,-2.064854774,-0.628138733,1.099871989,1.068285412,0.260926486,0.071385007,1008.410059,880.6415048,233.6759944,378.1567008,3.306843159,1.079856984,0.930065164,0.11063222,0.189506681
2298,1,2,44,43,,,1.201470815,1.202156805,2.513587524,143.6029493,0.411513301,-19.23428591,-2.140901652,-0.055571004,1.068409708,1.096368373,0.256678834,0.117335755,1042.523577,864.3900433,12.39981212,345.4476487,3.330506301,1.0813353,0.89534515,0.148351073,0.086989911
2299,1,1,44,44,,,1.177315784,1.220331869,2.637918176,384.436839,0.435663955,-28.14985012,7.331551452,-0.152724483,1.110768999,1.03917916,0.127555402,0.096298263,887.3974498,970.1601324,272.8530434,204.4684365,4.893219778,1.037564754,0.922385102,0.218016378,0.183640797
2300,1,2,44,45,,,1.183932479,1.189310645,2.488432038,210.6163245,-1.774672446,-21.17188234,1.985750211,-0.721639188,1.055792841,1.115676259,0.250802369,0.118832555,948.3255869,918.5377422,94.05529818,123.2674835,4.584528061,1.154496206,0.978295052,0.194978183,0.157382449
2301,1,1,44,46,,,1.187511417,1.21642904,2.599875504,332.120031,-0.640172771,-32.40742461,2.149996297,0.10772286,1.057385065,1.014685382,0.266167176,0.09351722,1166.982246,958.961426,338.4401621,304.4946476,2.469749012,1.053067788,1.039819525,0.236195663,0.173364297
2302,1,2,44,47,,,1.179960406,1.246121154,2.560208549,438.9373315,-0.04850426,-21.25755029,-0.28208797,-0.758853445,1.05800519,1.098269511,0.232522335,0.091990872,888.3599882,823.6204016,69.321306,261.27187,5.534406378,1.05365446,1.026319615,0.111149752,0.159628599
2303,1,1,44,48,,,1.213561116,1.22163323,2.664061556,403.4531314,0.336375291,-24.00464444,5.258412494,-0.246571815,1.089962652,1.017948189,0.164852285,0.106430103,802.8502673,932.1897568,221.4250491,217.3976497,3.184190963,1.07842095,0.949639787,0.237942792,0.163672903
2304,1,2,44,49,,,1.181407664,1.223818292,2.687616996,323.1295869,-1.031942703,-41.72737478,-2.44890729,0.181621028,1.064208537,1.03396505,0.157502319,0.064482692,981.1375263,718.2995297,85.48384245,245.7700515,4.159068903,1.066487634,1.049130125,0.154573428,0.089285752
2305,1,1,44,50,,,1.187418019,1.2061097,2.669029884,319.5615642,-0.379168335,-20.80636068,-0.768988932,-0.156907497,1.076844235,0.986429912,0.240561213,0.053833612,960.8592984,926.6244963,155.1746475,217.8290605,3.487314563,1.14131863,0.977177053,0.146592273,0.116907804
2306,1,2,44,51,,,1.184312956,1.213892365,2.680312499,91.13156177,-0.822402321,-16.04448539,3.045458099,0.201729129,1.064635971,1.057419997,0.156585354,0.086461795,1064.462195,785.4845297,102.7665558,199.4943791,3.877454053,1.070997594,1.09647081,0.226598444,0.095728473
2307,1,1,44,52,,,1.16981453,1.219711223,2.612358634,284.7095908,-1.154819717,-24.666095,-2.239252388,-1.39276519,1.074837035,1.00397182,0.182493799,0.106675118,934.1226835,926.4437248,185.496327,295.2099086,4.416243586,1.078809139,0.992097561,0.274415825,0.182685792
2308,1,2,44,53,,,1.161270873,1.201074892,2.60146777,102.1275273,-0.057894159,-17.91246018,2.218229135,-0.411816789,1.073303775,1.106030194,0.225347227,0.155229946,734.6049271,937.9962506,172.9925042,215.9011274,4.764548357,1.107379421,1.057941516,0.304967197,0.118106417
2309,1,1,44,54,,,1.202916425,1.251290202,2.616437354,302.1280878,0.04911001,-27.93624083,0.154238089,-1.114787366,1.062432387,1.023366615,0.16585189,0.061623234,885.822583,961.993752,171.3215091,168.9178404,4.1939381,1.027149714,1.116899197,0.287797953,0.070768821
2310,1,2,44,55,,,1.213750804,1.200085155,2.47816929,138.3995264,-0.466729451,-11.99513942,2.812451528,-1.221433929,1.015769871,1.00827921,0.227872063,0.046799318,1146.950027,911.2653897,247.8444306,216.6817624,4.782786885,1.064581384,0.945832167,0.269530777,0.167284672
2311,1,1,44,56,,,1.175851674,1.254723409,2.519131084,440.3909234,-0.609288677,-22.77172698,-0.358730866,-0.585045356,1.050892699,1.028126928,0.139906781,0.059415087,933.9037514,859.8039097,343.7280218,305.7179343,2.746839778,1.048713652,1.012473482,0.201431326,0.134910058
2312,9,2,44,57,Fails: T1.2,,1.192394047,1.219595076,2.757442541,321.4901679,-0.201087803,-5.449025978,1.184492217,0.043408441,1.126167914,1.079483198,0.17936045,0.079937734,927.0734786,732.9587918,365.8825361,307.6207679,3.947957751,1.062471526,0.97403464,0.188525979,0.147665175
2313,1,1,44,58,,,1.193211666,1.146070124,2.498010979,373.5158073,-1.331477801,-1.338450583,1.300189881,-0.505520183,1.076008249,0.959523179,0.267704723,0.096269556,911.8831135,867.2242229,299.5208845,389.7134818,5.21161859,1.085835919,0.954879265,0.249438536,0.128676761
2314,1,2,44,59,,,1.194827042,1.245019123,2.577305397,339.9971705,-1.277399463,-16.55309201,4.732538002,-0.850926884,1.015526201,0.946123961,0.137898755,0.176643065,1030.23397,930.6022061,435.4025296,163.730537,3.33292461,1.142461698,0.872730021,0.195968769,0.208537678
2315,1,1,44,60,,,1.174143601,1.214806652,2.539798639,259.2892199,-1.050429708,-22.09141086,-2.276588696,-0.565660539,1.097898554,1.086842641,0.105450966,0.136594271,957.6642441,1022.548127,215.5990195,292.2121073,3.85738149,1.059837128,0.984012054,0.185341141,0.2066831
2316,1,2,44,61,,,1.171492398,1.177218046,2.65520357,219.255616,-1.207660485,-0.265032167,0.620797708,-0.315567635,1.117172614,1.149268484,0.130759099,0.046645789,1146.837766,796.341399,202.3555932,263.1406294,5.062283867,1.125652588,1.042628775,0.120250239,0.122298407
2317,1,1,44,62,,,1.204422898,1.20075535,2.59416885,442.2157749,-1.230899862,-26.37172248,-0.738574923,-0.164640817,1.004769858,1.085424715,0.181958566,0.139726279,1125.717453,1050.275225,38.2235161,218.0559294,3.363612052,1.096358746,1.048347113,0.340023275,0.177817962
2318,1,2,44,63,,,1.208721853,1.203764633,2.486501227,216.3252108,0.841000332,-38.04267014,1.694521334,-0.270183827,1.149908696,1.036199461,0.202513956,0.093714239,960.3200133,781.2154903,354.9052324,179.2340807,5.645478241,1.092834921,0.920060301,0.125006167,0.158054224
2319,1,1,44,64,,,1.177821479,1.216206608,2.611800091,417.3925807,-0.645277838,-19.7857251,6.290495485,-0.043642038,1.111275815,1.152252538,0.154365872,0.129491364,953.1001397,946.1360306,57.94912852,268.1709401,4.749426359,1.069249219,1.102470039,0.263369244,0.20952666
2320,1,2,44,65,,,1.208175485,1.193821217,2.590860032,388.7732265,-0.547955706,-23.14523346,-1.669825922,-0.885034427,1.10541414,1.104372654,0.178717315,0.093849101,1065.322443,836.3692855,128.4467877,166.3658609,4.200316574,1.041552738,0.95111253,0.187257612,0.169466722
2321,9,1,44,66,Fails: T7.3,,1.221026268,1.215964191,2.5480058,248.4282842,-0.80916363,-18.94774514,1.301951306,-0.363671103,1.103730296,1.032038563,0.266052949,0.176597242,885.2448428,888.9990198,272.3527678,338.6431589,5.810034748,1.092814303,0.953007051,0.20154496,0.245328127
2322,1,2,45,4,,,1.193983709,1.201355142,2.644429881,211.9582573,0.204076181,-30.7038055,4.126022556,-1.023621309,1.071358937,0.999866836,0.204458425,0.130783865,960.1205454,724.4089462,89.46777044,103.2665798,2.400238395,1.115515833,0.980865046,0.182803038,0.073606825
2323,9,1,45,5,Fails: T6.0,,1.190972828,1.187254267,2.562959248,316.4599659,-1.717264016,-9.155460085,-1.236699231,-0.757521056,1.104624715,1.071927054,0.292979897,0.077401379,878.8689658,946.7740333,302.8096551,181.6707314,0.436392777,0.990893477,1.050005851,0.168754561,0.126964264
2324,1,2,45,6,,,1.198356552,1.205352857,2.690294222,201.7355589,-1.153706163,-20.95963768,1.178309438,-0.408769845,0.99448741,1.0080711,0.237116004,0.082310378,988.7071384,682.8452539,324.9090848,165.6363958,2.816347494,1.071924708,1.023465366,0.222096941,0.146929718
2325,1,1,45,7,,,1.194052866,1.198643218,2.597230463,243.5729487,-1.649154081,-19.20552678,-1.705194117,0.005020825,1.057560157,1.064510101,0.09870509,0.127085933,893.570721,850.4604456,246.1092429,257.9262544,4.829722489,1.073732296,0.960699078,0.181809331,0.13136783
2326,1,2,45,8,,,1.230366833,1.211524116,2.556256589,282.7678244,0.212660229,-17.75598303,2.402988603,-1.619305292,1.094608017,1.095887446,0.157498634,0.176629157,956.4303673,907.2015015,49.34655443,288.8339897,4.124753535,1.059442259,1.074383851,0.233204936,0.154806847
2327,1,1,45,9,,,1.178295435,1.227720547,2.649237295,87.49619599,0.646997598,-15.37460603,4.638352217,-1.056500618,1.054996199,1.067868821,0.13965502,0.11593933,1045.400436,1038.171283,285.7367705,307.9291148,4.265151827,1.100428289,1.049737644,0.159607668,0.173106172
2328,1,2,45,10,,,1.222281217,1.227487441,2.516015743,459.6213505,0.480797271,-14.89615663,1.639090813,-0.617659377,1.105640466,1.02609259,0.269969885,0.117323547,1119.60916,761.1261957,234.2804258,175.0155395,2.52681677,1.059026641,1.000949215,0.283705407,0.207405653
2329,9,1,45,11,Fails: T1.2,,1.232947478,1.178118486,2.761135438,369.4910428,-0.333884701,-11.62328284,-3.444453338,0.114671459,1.15568375,0.989239486,0.179130821,0.095567599,815.5645382,1026.469921,221.4103686,283.0003276,5.114501245,1.090126747,1.115725917,0.177775722,0.110965556
2330,1,2,45,12,,,1.174606322,1.209059578,2.604589296,427.5424208,0.032578796,-16.61367587,-0.085185645,-0.090716603,1.171742734,1.008815623,0.327642345,0.099528043,1157.513407,812.238298,158.7989324,245.8279285,3.090744907,1.062124624,0.991098986,0.314985266,0.133984659
2331,1,1,45,13,,,1.221401802,1.218922156,2.661957922,405.2511815,0.608736798,-1.787507442,2.122919285,-0.108050408,1.138552194,0.971500579,0.080260234,0.109457868,773.8883917,883.9163658,159.5947697,316.6265522,4.687671947,1.0672843,1.039070133,0.165512495,0.102211571
2332,1,2,45,14,,,1.216757029,1.230449853,2.570250694,105.0021503,0.228579927,-19.99238591,0.539468105,0.839169711,1.062907832,1.086993401,0.09314959,0.13566626,885.4694604,772.6683628,189.1586935,369.482511,2.891622284,1.098553573,1.015731558,0.321943291,0.146309886
2333,1,1,45,15,,,1.185911095,1.1977873,2.641094034,156.5421777,0.137898032,-3.939292901,0.76963736,0.455183252,0.99495014,0.982359527,0.259538061,0.082568225,923.3413674,797.6079058,258.9331267,216.5357632,3.117933808,1.007171909,0.874629,0.194801622,0.159445789
2334,1,2,45,16,,,1.173123629,1.217213691,2.581313695,393.450697,-0.094179545,0.527959249,2.944287477,0.385185404,1.008888799,1.100100121,0.228798015,0.070241124,892.1703181,927.605425,121.9078822,345.4184035,2.011312236,1.033987567,0.953264146,0.108337016,0.159248233
2335,1,1,45,17,,,1.148534938,1.201051561,2.662184514,222.6951364,-0.446211306,-22.65169164,1.194413413,0.552843963,1.100164342,1.127574871,0.168205648,0.137684843,957.6873978,952.6815549,208.3947448,230.4233472,3.901530279,1.119349362,0.983080263,0.115750867,0.147183792
2336,1,2,45,18,,,1.245269167,1.192948002,2.553123803,302.4848565,-1.028437363,-31.41392347,1.499582928,-0.629419286,1.095173552,1.008021472,0.208270602,0.070798528,917.778406,858.204542,110.1874828,279.1559423,5.430705794,1.094218939,1.063120184,0.259661766,0.090744346
2337,1,1,45,19,,,1.216653011,1.191161003,2.526851063,299.7732975,-1.041863019,-18.86120695,-0.009605093,0.014513718,1.030267358,1.114600532,0.223999366,0.098065471,890.119603,870.1256255,299.2846057,270.3097424,3.65531832,1.089923098,1.085711795,0.212337358,0.06982542
2338,1,2,45,20,,,1.170579767,1.198129069,2.443760248,344.0401149,-0.333438945,-16.81135658,4.102930901,0.97802333,1.0991931,1.134672156,0.310387076,0.137242284,848.8458013,770.6180565,264.7559068,223.676463,4.006887789,1.084673475,1.030303454,0.137883144,0.191192631
2339,1,1,45,21,,,1.201255789,1.258319858,2.534707575,232.0405472,-0.077807814,-32.92587964,2.627073383,0.197525917,1.070781545,1.135083093,0.178708168,0.160210482,927.5518063,930.5432206,235.7995358,249.664413,4.429397915,1.059351556,1.0666691,0.262608878,0.09288793
2340,1,2,45,22,,,1.188528732,1.221383487,2.610730937,354.388066,-0.937052924,-13.54772057,5.498417919,-0.318330247,1.069245111,1.039746679,0.192261983,0.178114478,921.9326322,931.1183719,334.0331473,231.1271281,4.397882934,1.003157787,0.941602106,0.230488469,0.140105158
2341,1,1,45,23,,,1.191124469,1.208889667,2.522712346,287.1383323,0.736115398,-31.65168921,4.75503499,1.204002387,0.971410644,1.057831539,0.275188114,0.178510584,822.7880377,901.9019495,154.3404067,183.9977239,2.907197332,1.039051427,1.047313731,0.247145597,0.126372915
2342,1,2,45,24,,,1.212573966,1.157511073,2.635327647,363.0630791,0.734615789,-26.19382682,2.911009529,-1.924265586,1.073876986,1.102601484,0.218819934,0.1444901,983.773366,903.6171386,267.973237,325.8653528,4.989830974,1.040456038,0.900137383,0.118961564,0.179831685
2343,1,1,45,25,,,1.171068833,1.190786633,2.573505745,389.9122197,0.224327214,-20.04665865,4.365523585,0.328133394,1.063731936,0.984968204,0.240671478,0.200282908,902.5834827,915.6134223,285.7014089,310.7669873,4.46104532,1.121337966,1.036510401,0.272368167,0.136311372
2344,1,2,45,26,,,1.196598157,1.202301887,2.638074645,206.3295402,-0.016185946,-27.07711912,2.965991439,-0.468047581,1.06709091,0.9911791,0.202077036,0.146665701,869.898773,908.9327842,112.382059,180.9618467,3.737223987,1.014303803,0.964704962,0.271461286,0.086778341
2345,1,1,45,27,,,1.219204535,1.233349859,2.604585387,405.9043987,-1.365206454,-36.95118536,2.807379078,-0.765711439,1.044510562,0.929869775,0.248277701,0.189725573,992.5102323,823.4201974,171.8111414,308.9743756,5.73426587,1.056449857,0.986606015,0.286799311,0.168794573
2346,1,2,45,28,,,1.216577804,1.208756881,2.513301124,374.3316524,0.321059024,-19.28179562,1.871318656,-1.012569264,1.061013972,1.060020457,0.214362611,0.093043045,926.2011891,980.4148569,188.3639837,272.1143086,3.188937892,1.112560909,1.010324765,0.200398772,0.147779928
2347,1,1,45,29,,,1.169945839,1.203498716,2.597638005,297.200651,0.606612125,-30.55024168,-2.312472913,-0.502638951,1.047428629,1.042333233,0.164147843,0.079652613,1097.374634,962.2806837,289.8813979,288.9939781,2.212047763,1.002620207,1.054062593,0.280986762,0.16050101
2348,1,2,45,30,,,1.206945019,1.226936318,2.62087034,325.134265,-0.695296249,-10.52327057,5.303932248,0.579960063,1.128651166,1.059850512,0.158307441,0.123026452,957.1914678,1107.214869,290.2792017,321.9074746,2.983478121,1.063130954,1.101566301,0.218890817,0.097633797
2349,1,1,45,31,,,1.211389592,1.2029123,2.56166451,376.0606132,-0.47590383,-6.184972505,0.557192789,-0.494387465,1.091295764,1.064528696,0.149511881,0.049035237,938.0310456,917.9735237,316.8767059,258.03586,4.229900911,1.00640113,0.967408352,0.207395492,0.171132227
2350,9,2,45,32,Fails: T1.1,,1.184750619,1.138253169,2.531748546,331.8297732,0.295768739,-31.93500217,7.001706401,-0.372441024,1.062864788,0.951561076,0.130227611,0.102515763,945.8625895,735.0412011,160.3073103,217.8388813,3.129964403,1.050960523,1.145267514,0.171356739,0.141153138
2351,1,1,45,33,,,1.204574791,1.210344969,2.597182329,120.4155663,0.60846845,-28.97164009,0.606107011,-1.177718332,1.056732625,1.0742215,0.184552427,0.057082396,944.9989707,855.8595452,317.5281349,227.6217745,3.968187567,1.050020694,0.941239423,0.217605453,0.133544469
2352,1,2,45,34,,,1.196888462,1.216662591,2.584573771,304.1002373,-0.028300269,-37.8638202,1.553931782,-0.365489187,1.120127452,1.024377228,0.139136728,0.10584611,840.4146224,1045.08235,116.0493234,73.30706411,3.165404368,1.10321571,1.01289556,0.204557854,0.177900721
2353,1,1,45,35,,,1.180180747,1.212824567,2.510705664,256.9177427,0.170513972,-37.04827436,2.335294911,-0.435627048,0.970125748,0.947035617,0.238999772,0.151182347,1080.876749,676.2309321,204.8775463,271.6065354,5.368159063,1.02853923,0.964424786,0.152721816,0.182950147
2354,1,2,45,36,,,1.204795578,1.201358919,2.525667774,256.7548683,0.327701709,-11.20225544,1.206751092,-0.736912324,0.997797271,1.041188397,0.155559815,0.152106005,1014.135454,909.4994348,174.4956356,446.3098498,1.183674385,1.070735089,1.138888097,0.151054347,0.123943042
2355,1,1,45,37,,,1.19818851,1.198884056,2.589504346,393.8567483,-0.443292864,-16.49033166,1.536960948,-0.274999738,1.064153726,1.070316679,0.204433723,0.112980521,956.3984993,865.9512767,236.5636531,267.6035844,2.550025003,1.153750273,0.978289022,0.272579857,0.070557927
2356,1,2,45,38,,,1.19306233,1.176795353,2.634264918,199.4756823,-0.114636438,-13.57234835,1.24058572,-0.228177995,1.109912215,1.038472356,0.110900104,0.103141398,981.4405885,918.3054195,177.0584424,90.82158772,2.505154972,1.12419327,0.951718707,0.169526144,0.123554318
2357,9,1,45,39,Fails: T5.0,,1.171678384,1.224885073,2.55647696,240.7008743,-0.239212001,-14.97763135,0.54936514,0.055044275,1.070090687,0.956891104,0.113259177,0.075305579,1267.374969,807.6359541,61.60164302,253.3463053,2.718018494,1.093085148,0.96334228,0.144113234,0.10499301
2358,1,2,45,40,,,1.18418693,1.182316402,2.581962629,380.5110171,0.286396114,-25.49548511,1.02278329,-0.894451543,1.12726662,1.009601346,0.218125035,0.099745773,933.6374425,1021.420641,163.8321746,252.8562249,4.372125186,1.111795099,1.068350422,0.200419184,0.212201471
2359,1,1,45,41,,,1.19635251,1.197114338,2.550627216,250.4498671,0.048687151,-14.41152915,-1.305910302,0.067904312,1.026473198,1.031826355,0.290235461,0.092433624,915.9043443,815.2882894,265.632156,237.9078634,5.506980401,1.094981239,1.062814507,0.20147518,0.192473134
2360,1,2,45,42,,,1.209912876,1.180159657,2.551386426,352.0315126,-0.591487158,-26.45376421,-0.357567297,0.477763086,1.066013012,1.042752067,0.231156951,0.157973954,800.9342078,913.0974692,325.2329061,271.3384374,2.662494086,1.106993124,0.967738229,0.251492043,0.111437977
2361,1,1,45,43,,,1.210602572,1.216448523,2.607221577,349.8490846,0.39076994,-29.64333839,1.173223401,-1.319403281,1.047114629,1.02557226,0.1760345,0.130788889,865.0730347,1002.49506,256.2978899,195.3250165,3.593805579,1.104308239,0.963611139,0.200892803,0.069362187
2362,1,2,45,44,,,1.212156533,1.200320852,2.478434142,448.6947327,-0.413891993,-29.23569618,-0.242057527,-0.126344183,0.964193285,0.993617085,0.15220522,0.148714475,877.2001847,949.0303364,32.48482516,320.3701637,4.490926827,0.997605721,1.094032392,0.229012966,0.124748532
2363,1,1,45,45,,,1.183697539,1.206069176,2.580503933,227.0244674,-0.233421217,-23.5829033,1.319779472,-0.12721073,1.072118084,1.046600859,0.126367568,0.123689203,938.6254479,951.5395451,164.2055069,197.3812847,3.354947093,1.071709252,1.030267738,0.090828403,0.089700165
2364,1,2,45,46,,,1.156547132,1.191925406,2.62648669,230.7786063,0.476896955,-16.39001927,2.457500406,-0.112734094,1.073009084,0.98280399,0.173323552,0.156657686,960.7649658,946.6609534,202.8779135,159.4905521,4.7958221,1.118721365,0.923974703,0.089497444,0.081629015
2365,1,1,45,47,,,1.196633093,1.219489287,2.577981826,252.1702641,-0.722387478,-13.53110915,6.606263555,0.624329809,1.084762706,0.952261272,0.145263205,0.087668257,823.6901365,888.9730326,369.619931,164.4549941,1.451445263,1.166867535,1.010336465,0.211843831,0.132320216
2366,1,2,45,48,,,1.216688829,1.202490736,2.50190022,513.7164056,-0.279421625,-23.21367548,3.245494952,-1.899328991,1.033891273,0.967483436,0.27231355,0.138631243,1004.006105,954.0897947,291.4515881,147.5956805,4.394733093,1.106675795,1.03671292,0.135104552,0.133139861
2367,1,1,45,49,,,1.214612359,1.215333394,2.476608509,206.0783351,0.120321885,-6.631071432,3.057903456,0.249983002,1.071840331,1.062437163,0.186294394,0.176739953,963.2666731,872.8784723,334.6686549,172.3869729,2.929708659,1.022259494,0.899557268,0.287921285,0.15265053
2368,1,2,45,50,,,1.21322014,1.195322048,2.574891798,405.9599812,-0.60573135,-30.51792884,3.14047932,-0.120686453,1.048658995,0.998528583,0.233475778,0.084838892,912.6765321,884.5928582,260.3191118,280.1182379,4.103323335,1.035473851,1.068698421,0.241197747,0.184284123
2369,1,1,45,51,,,1.217705277,1.154389398,2.593164691,110.7956978,0.692240204,-34.39556409,1.053189998,-0.117186448,1.118835655,1.070277071,0.27678231,0.17325276,855.0793044,906.520033,273.6712439,82.6101253,5.393585792,1.099839327,1.052658713,0.18681758,0.102701734
2370,1,2,45,52,,,1.193128357,1.179559,2.478119306,375.7531477,-0.075981379,-5.362642408,1.193223187,-0.12110584,1.043789394,1.080383751,0.186685144,0.182127131,975.8895534,929.1187138,146.3735501,365.1513136,3.817557334,1.120583782,1.062637213,0.267702079,0.088903423
2371,1,1,45,53,,,1.189889773,1.191819067,2.652951298,243.8271646,0.42770175,-30.84422577,-0.712875216,-0.732950849,1.0388493,1.040231829,0.20815949,0.140957262,958.6725105,866.0733718,151.3230453,333.5362223,2.607161355,1.051430264,0.864269845,0.277158658,0.137806039
2372,1,2,45,54,,,1.155887119,1.202213848,2.624480263,148.6822587,1.341445623,-6.885814195,-0.214562582,1.163375651,1.013214897,1.042139449,0.209750078,0.094470136,857.3496229,901.6956423,205.6315709,120.4368373,3.670692605,1.154335291,0.960471304,0.185629007,0.106812835
2373,1,1,45,55,,,1.169600117,1.209362578,2.448430215,171.0298046,1.31414474,-21.66445789,0.761026024,0.451464175,1.061520928,1.030080901,0.300355877,0.073785622,954.5324059,893.8259058,100.5639134,231.5508512,2.670521446,1.069810324,0.977080378,0.198152496,0.012830578
2374,1,2,45,56,,,1.206791811,1.194407097,2.654939956,365.340815,-0.730256654,-15.83009608,3.835650345,-0.368936638,1.045676191,1.044986144,0.189274668,0.083783419,1020.148746,811.774826,236.0954828,141.2950128,3.226095567,1.074711609,0.981576355,0.107440609,0.168687036
2375,1,1,45,57,,,1.186474176,1.224118666,2.576638098,339.2574195,-0.913604773,-22.54761651,1.294631614,-1.964852955,1.034886366,1.029605549,0.22533468,0.150137567,1082.076966,711.389278,242.5959475,243.2365385,3.139889531,1.085501773,1.01286324,0.153821655,0.128728906
2376,1,2,45,58,,,1.190079359,1.222967832,2.557383999,381.6778059,-0.669547074,-22.13025705,0.997917802,-0.4347391,1.091179025,0.981842724,0.219013986,0.133068294,889.3965052,889.763463,81.22856722,209.9953077,3.945210859,1.06243354,0.979027002,0.221888442,0.153229017
2377,1,1,45,59,,,1.196309886,1.200862207,2.58903285,168.6353756,1.394424364,-14.42489449,1.824293903,0.603403523,1.035907879,1.002142651,0.269235002,0.108083637,922.6851194,1007.437497,427.6499301,292.463633,4.559396742,1.123127025,1.051599023,0.196507095,0.14076538
2378,1,2,45,60,,,1.192832977,1.192160311,2.56956151,77.3782001,-1.80422006,-25.48220708,5.160291982,0.339793777,1.012034339,1.066270691,0.220574985,0.089235591,1060.034539,745.2972067,276.5377486,246.5199228,4.596280349,0.974340378,1.134124297,0.247923805,0.14030849
2379,1,1,45,61,,,1.17895458,1.225927898,2.672154993,247.2267629,0.042661241,-8.176547035,-0.626667223,0.184930269,1.01869039,0.975243638,0.218203981,0.193595779,956.1489655,865.9680299,288.645794,218.7678608,5.465183332,1.024486149,0.957448475,0.282368709,0.11836079
2380,9,2,45,62,Fails: T7.3,,1.184736068,1.181343121,2.590932478,373.709313,0.981218585,-14.98493459,0.994438209,0.379681456,1.082622998,1.069416648,0.281836583,0.130726245,951.8384772,882.1918004,45.18057765,225.4638532,5.365670585,1.088152834,1.001631718,0.232006691,0.25119357
2381,1,1,45,63,,,1.193941168,1.206905588,2.607533078,309.322199,-0.315730133,-29.04069727,-1.388097631,-0.539835518,1.09158674,1.165110522,0.171870362,0.109268414,985.6467757,922.2927944,218.3917174,208.3548435,2.755764879,1.111164585,1.022671579,0.107241674,0.098954189
2382,1,2,45,64,,,1.211021115,1.231399507,2.583301759,286.0660957,0.268662482,-33.73470186,4.274251764,-0.354627491,1.129117757,1.034252886,0.223206993,0.093041168,937.7738024,962.3393725,168.5803795,226.4024903,2.762313694,1.161519521,0.884621756,0.208033047,0.095953062
2383,1,1,45,65,,,1.18037521,1.196033969,2.614185432,193.758799,-0.006985118,-1.34823449,-2.66517694,-1.239909309,1.100042889,0.976051674,0.067434619,0.110184949,928.0576206,870.4285267,295.5920165,123.9904504,3.583715073,0.983088026,1.058381465,0.316499876,0.110289268
2384,1,2,45,66,,,1.181938984,1.209135547,2.60636631,283.0160791,1.091003161,-17.92339782,-0.906907399,-0.265664105,1.04336514,1.02632896,0.116193599,0.180267889,980.5306862,934.5509498,155.6649149,192.9518513,4.036995272,1.015131639,0.927777568,0.189012322,0.135386998
2385,1,1,46,4,,,1.233871067,1.239357543,2.690986277,197.3525221,0.43142007,-39.58607965,0.487785372,-0.162212847,1.087707564,1.11561503,0.185609651,0.096023922,951.9271292,872.6612761,157.9243962,243.8935795,2.949035437,1.129534416,1.010190841,0.270851248,0.140662298
2386,1,2,46,5,,,1.17493782,1.234247505,2.563168417,310.9402427,-0.684190821,-28.10495761,3.340814467,-0.402467468,1.013210921,1.039605595,0.202280084,0.103831142,860.4339259,766.6360072,199.2998283,200.2676461,3.989764335,1.065481323,0.951381418,0.220292276,0.157057408
2387,1,1,46,6,,,1.186694723,1.192600112,2.43413286,201.20604,-0.3684357,-12.15653311,2.03974446,-0.113523703,1.023605385,1.01088551,0.152341448,0.143889615,771.0213626,1039.604297,192.0271675,363.9843051,4.59123274,1.065858786,1.082928503,0.272996225,0.124187448
2388,1,2,46,7,,,1.200807876,1.214246319,2.657783835,406.9713257,0.579244642,-22.20418368,-0.896969188,-0.463198638,1.03873447,1.112206634,0.174269912,0.17379115,977.848486,689.1036418,142.3992104,215.148588,2.313037081,1.038228297,0.961379196,0.22972593,0.133866915
2389,1,1,46,8,,,1.214110368,1.238842113,2.606209317,441.2565285,1.121442605,-13.32087438,2.436688363,-0.985563933,1.073121512,1.061896854,0.178772335,0.123226305,893.0795586,965.9845092,325.0962038,354.3202725,4.554573191,1.127473355,1.018925119,0.238697068,0.158526479
2390,1,2,46,9,,,1.226380161,1.212314695,2.626387249,332.1090933,-0.240922617,-31.70024166,1.669387653,-1.73665466,1.037961653,1.042586419,0.215924089,0.098958613,946.2138533,893.2815429,134.1873757,199.2229719,3.524540194,1.118652175,1.007802501,0.253840821,0.12193815
2391,1,1,46,10,,,1.211979152,1.242488262,2.590784933,335.4198344,-1.071184054,-18.75650149,6.47149746,-0.475525977,1.099595724,1.065431488,0.231864343,0.164574761,1065.456266,986.9842163,311.4894435,142.6989218,5.391675316,1.076555673,1.07778981,0.231243655,0.097769987
2392,1,2,46,11,,,1.223588579,1.212203111,2.589670822,218.7620281,-1.506424021,-11.38822982,5.973479,-0.30924474,1.065391095,1.099486269,0.167713758,0.092553215,755.0088184,786.9128625,294.6993829,301.9263537,5.187717094,1.055723784,1.014754107,0.189979027,0.109004645
2393,1,1,46,12,,,1.198147608,1.188187696,2.546386491,349.3846797,-0.816518919,-31.59494295,-0.454410489,-0.46719669,1.108672942,1.000299216,0.341321238,0.169229853,906.048806,846.1834243,280.0059725,67.62307649,1.009516999,1.075984017,1.001614223,0.172593486,0.09291073
2394,1,2,46,13,,,1.177804453,1.177551332,2.585867048,298.8058989,0.711082296,-29.30061285,0.221270745,0.411089815,1.119711079,0.921655919,0.192659395,0.130334093,844.3206198,822.2889123,336.6346713,257.0922125,4.757033015,1.103780242,0.998998324,0.256224576,0.071044407
2395,1,1,46,14,,,1.189185558,1.201575612,2.498460361,204.6489956,0.096965093,-27.40137948,0.202868249,-1.300752032,1.078403611,1.03345114,0.127562022,0.12167853,923.2515145,907.3779979,253.8316063,329.1869733,4.859909146,1.117202453,1.002397926,0.300675402,0.143765868
2396,1,2,46,15,,,1.188688497,1.185609648,2.647399254,231.2891874,0.202973123,-14.47228769,4.102887728,-0.740990369,1.074997715,0.915945825,0.296641557,0.083856237,903.9925539,836.5977295,247.3405388,262.205575,3.774509228,1.046109659,0.862998658,0.158190396,0.097710856
2397,1,1,46,16,,,1.234287622,1.190726078,2.644542045,247.6083934,-0.464908438,-16.23302562,-0.813401979,-0.134346389,1.06869841,1.026089421,0.164226307,0.126013269,868.3794426,1064.371482,148.8424571,224.7653624,3.495427206,1.055602313,0.902269771,0.22053846,0.18738775
2398,9,2,46,17,Fails: T3.3,,1.203011688,1.205189111,2.568119418,475.2593959,0.324071012,-22.75826733,3.832327159,-2.4334498,1.055584706,1.008125606,0.168395935,0.112383364,736.5623625,882.6198617,149.9773686,242.5146284,2.143327754,1.083675378,0.989541416,0.19475979,0.128499911
2399,1,1,46,18,,,1.177612494,1.225354295,2.598967356,431.7142561,-0.548503607,-22.22373388,2.132785682,-0.037772439,1.084456047,0.981193366,0.243307979,0.133853785,898.474797,952.3870877,152.2132232,297.690602,4.344024045,1.018926952,0.898063408,0.135326691,0.180137495
2400,1,2,46,19,,,1.168796391,1.212798634,2.668251882,505.8737093,0.605601197,-40.10636261,2.33924258,-0.47398736,1.055742863,1.021038731,0.303315809,0.089997465,988.1313765,781.2305709,148.9490151,173.0032766,3.299854221,1.109135194,1.028052873,0.184421256,0.187245347
2401,1,1,46,20,,,1.218853961,1.2347659,2.423888576,239.5236602,-0.99967003,-23.77505642,7.614676433,-0.000578348,1.042024066,0.944730101,0.175567989,0.070822514,1016.394357,1025.982664,315.1503202,301.6533571,3.154200801,1.08433745,1.046186776,0.338198423,0.092471887
2402,9,2,46,21,Fails: T4.0,,1.214131609,1.24622163,2.525807937,60.91262729,0.219156306,-15.80916038,5.07759824,-0.060522654,0.959689553,1.095001586,0.144882575,0.116305516,923.3042546,954.7906044,154.940495,263.1439543,3.806816417,1.110471302,1.053958129,0.114217038,0.116683582
2403,1,1,46,22,,,1.204012931,1.228291017,2.6045202,338.1389072,-0.226697646,-24.81700786,2.471197777,-0.418606517,1.138503884,1.108262321,0.187194492,0.105727814,861.3620062,792.1612421,207.7807738,288.7901263,3.18478262,1.070506294,0.993581936,0.256120571,0.152632452
2404,1,2,46,23,,,1.208812081,1.239236393,2.615664909,338.2580882,-0.354806493,-16.04681123,4.858614742,0.371276638,1.102668889,0.990129272,0.077463179,0.148967386,915.1378646,848.920336,101.5540031,210.376637,3.513476988,0.982090651,0.958322001,0.198400952,0.10605922
2405,9,1,46,24,Fails: T4.2,,1.214156291,1.232682458,2.630346777,160.5944736,-0.379927875,-14.95322662,3.41127953,-0.212656081,1.01228853,1.120197926,0.373245355,0.143349977,997.2063124,933.2422949,228.776814,364.3672517,3.117099334,1.12911202,1.010454593,0.255476996,0.178247126
2406,1,2,46,25,,,1.191338924,1.200698759,2.641480694,387.515464,-0.026853279,-12.66169649,1.997154861,-0.418636514,1.078641305,0.99192744,0.210860186,0.130827626,949.2499496,1009.969377,101.8966508,195.3453115,4.14457386,1.093791463,1.01174479,0.177144086,0.143891099
2407,1,1,46,26,,,1.198649655,1.232852755,2.662243466,246.8701019,0.006053393,-26.69599994,2.666846975,-1.080973403,1.084858444,1.062869272,0.291265017,0.046752295,846.6374546,1085.137183,383.8576115,265.24262,3.329039045,1.082066632,1.088719944,0.194726301,0.15932333
2408,9,2,46,27,Fails: T7.3,,1.170066241,1.198314795,2.621904243,426.3009646,0.304572421,-11.72720102,-0.769855336,0.626156664,1.073158989,1.076616733,0.123073254,0.174562109,1035.193819,1020.943957,163.6649083,259.6420595,1.679349233,1.048236943,1.060123108,0.275429013,0.246635708
2409,1,1,46,28,,,1.210846963,1.198944468,2.573435837,253.9861374,-0.457936384,-21.59491862,-4.147937555,0.658464399,1.022194911,0.989174863,0.15496606,0.137857529,994.3405189,881.6503808,162.3503593,224.4233923,4.750004141,1.077373671,0.990042843,0.143509389,0.15297281
2410,1,2,46,29,,,1.205445002,1.212031676,2.56953815,245.0456614,-0.217146557,-38.81936776,-1.933062416,0.010733001,1.066527892,1.043627105,0.180044384,0.127466776,904.0004574,847.6341521,261.0516351,336.2389085,2.569012684,1.024448561,1.077207326,0.116389636,0.13193524
2411,1,1,46,30,,,1.167965517,1.245066952,2.521476027,104.1762062,0.756921043,-21.91135485,3.533406327,-0.380130219,1.029019303,1.163437684,0.145976645,0.140509171,1013.333261,798.995781,145.1790715,186.8789638,4.875171419,1.127727597,1.104634396,0.090958572,0.203682616
2412,9,2,46,31,Fails: T4.2,,1.223979715,1.211715105,2.58344936,348.0152348,0.013777809,-28.78044155,0.45750424,-0.018816108,1.051174681,1.038491511,0.378149831,0.132617026,943.7620637,928.7719181,273.5234972,155.0187343,3.476614614,1.11881581,1.123049085,0.119039033,0.150181675
2413,1,1,46,32,,,1.201166871,1.207524873,2.680915464,167.9474142,-1.036914146,-26.00074115,5.379802641,-1.264592692,1.067730074,1.022397126,0.228722101,0.111775225,968.2168798,928.4793913,288.8104091,203.2661537,3.788559956,1.072572958,0.930860603,0.16030653,0.165713656
2414,1,2,46,33,,,1.189771672,1.20712201,2.56938791,406.1259308,-0.602433122,-26.76121868,0.178457137,-0.763850287,1.093435426,1.002654027,0.277247366,0.116846338,866.6377772,847.7614489,223.5730414,181.6229132,4.333915945,1.05589347,0.988819307,0.189292927,0.10539592
2415,1,1,46,34,,,1.172869861,1.217825238,2.631969371,427.3013545,1.120794473,-6.006421735,-0.070288367,-1.392858153,1.068788815,1.040581466,0.164548211,0.140168197,797.7904536,936.0796796,209.0471713,224.6700469,3.851030391,1.121313279,1.019376704,0.256163871,0.130206426
2416,1,2,46,35,,,1.195303136,1.184155755,2.432277049,253.7699713,-1.245066453,-40.45256449,5.33028598,-1.237434084,1.037758704,1.065727254,0.135448472,0.158780561,990.3813194,757.1644788,180.9769836,273.8157976,3.833499446,1.115185219,1.027107326,0.132776661,0.17236669
2417,1,1,46,36,,,1.175225461,1.217057588,2.610337896,387.8742268,-0.183837513,-15.58702075,2.528438601,0.593549534,1.025378072,1.028775715,0.118305419,0.153474261,906.3303362,831.2366002,48.6488172,203.9594731,6.880246917,1.005903528,0.907042494,0.210109107,0.208195246
2418,1,2,46,37,,,1.181215408,1.218650341,2.534027924,166.4168852,-1.23077524,-23.84178229,3.916656215,0.093733408,1.044061729,0.975282401,0.190619841,0.069133651,987.6903204,890.8482986,146.1299763,243.4519953,4.037841742,0.996737211,0.939255438,0.213268003,0.030834686
2419,1,1,46,38,,,1.16998718,1.236496071,2.652419835,305.7767021,-0.346439615,-20.75313825,6.706578751,0.272570053,1.040919193,0.997283627,0.187550384,0.130823219,923.451163,1020.62477,112.4484169,392.4568523,2.15041458,1.015982995,1.04276567,0.294720729,0.166796258
2420,9,2,46,39,Fails: T1.0,,1.134720829,1.203195143,2.653715261,-115.3238053,-1.006269868,-29.4158694,3.838076144,-0.400627056,1.050182996,1.005848776,0.277940017,0.135761002,990.3581594,888.9901221,182.9095608,334.7132098,3.378166744,1.056868036,1.08752813,0.033960509,0.163188125
2421,1,1,46,40,,,1.202050421,1.223880036,2.588041235,428.0932198,-0.40696265,-32.37312208,0.051595342,-0.865243962,1.06455873,1.157918759,0.20973776,0.100902164,864.1574858,944.8287801,216.4150371,282.363583,2.457237598,1.07346521,1.033366014,0.242529294,0.124690018
2422,1,2,46,41,,,1.214294442,1.18092513,2.564437057,131.1010388,-0.306667868,-24.16560273,-2.958452425,-0.375863903,1.070542402,1.006037769,0.188828604,0.099968668,1007.269317,954.1470487,280.438008,334.2910541,3.209904628,1.138208071,1.02447304,0.315858531,0.15573577
2423,1,1,46,42,,,1.186486467,1.19148842,2.55037521,387.7028381,0.719091481,-20.91090656,-1.93368703,-0.070360391,1.147554007,1.027619774,0.209550124,0.108752136,977.4683831,967.7498648,151.2850066,141.9581058,2.979840783,1.004250667,0.918309634,0.199591479,0.152591414
2424,1,2,46,43,,,1.170093655,1.185576034,2.582410475,193.7542672,-0.35552494,-0.666749413,3.590607235,-0.545588525,1.068808306,1.013082292,0.217110671,0.050837336,966.8634877,943.5752172,272.0720354,248.4479639,4.381011819,1.162953044,1.034464876,0.18899305,0.12171808
2425,9,1,46,44,Fails: T5.1,,1.20351153,1.193178334,2.592810378,247.1573664,-0.585150051,-32.77239279,-1.565480228,0.206670423,1.104033843,1.076653789,0.150201553,0.04606474,916.5520749,650.5726955,312.7452488,274.8361731,2.969030586,1.21713423,0.955667545,0.093379008,0.110363242
2426,1,2,46,45,,,1.229087228,1.208959727,2.542667646,470.8544466,-1.382460793,-20.14022054,0.027339437,0.20470029,1.007227133,0.948093452,0.225773987,0.05407867,887.7663249,818.8631709,255.9100984,241.8307185,4.297406081,1.020736546,1.023106888,0.191916339,0.133091902
2427,1,1,46,46,,,1.147622853,1.248522773,2.626831442,364.7203455,-1.436783533,-29.24594295,-0.248583077,-0.996138122,1.04750201,1.042347738,0.142390954,0.124647765,931.1014611,754.7597294,280.2832416,370.8089538,3.690274763,1.119339556,1.025192336,0.144532456,0.166247793
2428,1,2,46,47,,,1.216560712,1.199529667,2.466216888,283.7600589,0.191917237,-34.50799117,3.611133996,-1.273932906,1.033041289,0.980335645,0.306180309,0.160965661,1002.94775,1143.621933,195.762939,369.2343297,3.511828844,1.078866841,1.001284705,0.14028714,0.18396467
2429,1,1,46,48,,,1.185782683,1.184692119,2.458226505,416.5568813,0.086288257,-21.86349123,1.92771867,0.05736388,1.150592871,1.040148691,0.236717896,0.141028326,1013.145732,689.8865495,30.896354,154.0048557,3.041858766,1.11603126,1.010921298,0.142825882,0.181364593
2430,1,2,46,49,,,1.156315672,1.23269183,2.544570791,318.1433392,0.538448579,-30.16641815,3.318554702,0.717603188,1.096958527,1.036266088,0.114384307,0.110391037,887.9184475,789.669632,127.4078709,231.1547932,5.019405886,0.98939576,1.005346758,0.183746333,0.014242923
2431,1,1,46,50,,,1.206109211,1.186515065,2.606506412,400.3831695,-0.883452511,-25.095059,1.548275505,-0.650155513,1.007032341,1.068708532,0.072086504,0.106040498,911.6903801,900.1461409,142.4850175,193.6978842,4.969186161,1.113094683,0.949588227,0.233621497,0.151221429
2432,1,2,46,51,,,1.161511372,1.216615328,2.641805044,400.9103511,0.311839028,-24.37698991,4.721745777,-1.245887731,1.003570609,0.951258813,0.199828373,0.092173751,1007.962285,729.3529133,300.2393664,312.6412363,4.022499635,1.078327252,0.906375033,0.241893805,0.117618791
2433,1,1,46,52,,,1.200645952,1.192302299,2.528137682,249.3147481,-0.499929575,-29.76558088,-0.930046529,-0.104649768,1.018850916,1.010479283,0.240220062,0.084520471,870.8835405,869.5303612,162.1588126,124.2949634,2.45101024,1.071263639,1.070961886,0.202132678,0.119700483
2434,9,2,46,53,Fails: T7.1,,1.200778926,1.229954647,2.544641399,347.5562098,-0.482009453,-14.81012983,1.751491228,0.219281974,1.103899675,0.99478647,0.221266077,0.178276788,1088.79561,853.4281489,322.6136894,288.9591662,6.26033673,1.060818801,0.837017529,0.137281661,0.148680976
2435,9,1,46,54,Fails: T4.2,,1.22375196,1.219321609,2.556363575,234.0620337,0.615479957,-11.4188984,0.84300193,-0.157625939,1.044149351,0.963240945,0.39533606,0.085574017,969.6089292,682.6360001,239.0123213,262.3113299,3.98701432,1.04131284,1.069775279,0.235180462,0.092949408
2436,1,2,46,55,,,1.186435151,1.229317095,2.588518363,222.3856531,-0.419698332,-5.192490608,1.454436448,-0.043453219,1.018978373,1.033693896,0.190553472,0.125331295,1081.801001,1070.369919,274.0205135,246.4596066,1.63889701,1.036456942,0.931823687,0.268057138,0.160531155
2437,9,1,46,56,Fails: T6.0,,1.204480359,1.193736772,2.525186572,204.3323762,0.579484847,-3.947503667,-3.208952532,-1.035098889,1.087818997,1.064286025,0.227436396,0.157700649,924.324073,784.3610979,157.084908,337.227086,0.721861581,1.009957585,1.026064527,0.136822681,0.20219688
2438,1,2,46,57,,,1.165364674,1.184349073,2.610288829,473.5497476,-0.60861239,-16.16217128,5.296882008,-0.065212358,1.13863431,1.039901382,0.23623909,0.089458182,879.9302497,829.3093024,211.6090511,333.1632624,4.415443731,1.093994773,0.960550048,0.256283518,0.106238336
2439,1,1,46,58,,,1.180095854,1.21566796,2.515752191,90.31594042,-1.767449373,-37.60642297,2.326429107,-0.324812688,1.089965668,1.107956674,0.202503227,0.094809089,937.0879754,849.4433067,159.1616574,179.1950537,2.178521964,1.179722061,0.958029672,0.269839172,0.102602872
2440,1,2,46,59,,,1.191857621,1.226554449,2.603404407,317.0843914,-1.185335027,-23.25651057,-1.766957292,0.574225365,1.034840186,1.108781186,0.24274094,0.095851212,1128.722704,797.0791089,242.6095655,344.0549551,5.369146161,1.125687588,1.112883082,0.228899843,0.183432434
2441,1,1,46,60,,,1.190854269,1.215408486,2.57623402,320.6476969,-0.363559688,-10.09366134,-1.534473129,-0.333866185,1.042576275,1.075071745,0.179023385,0.188178836,956.8651276,957.9219788,190.7394991,322.5970749,3.763046755,0.997977253,1.035280748,0.207052618,0.076734057
2442,1,2,46,61,,,1.193405175,1.25457876,2.66400574,366.1444796,0.393530352,-39.30943283,0.34222757,-0.277037416,1.011695786,1.081169806,0.198298593,0.096487306,857.2850325,921.6288743,99.69361065,250.1896619,5.679322577,1.005067534,0.919714663,0.304688408,0.2079235
2443,1,1,46,62,,,1.195159445,1.24430382,2.596581955,273.5336736,-0.579503809,-10.39666917,3.547102475,-0.916410066,1.031866918,1.129248783,0.115494406,0.097740389,1035.462899,734.3059888,203.4798034,272.0374729,3.488291523,0.989970108,0.980488457,0.318304634,0.105562156
2444,1,2,46,63,,,1.191561582,1.231456578,2.542249417,355.8302293,-0.827333357,-38.39180655,1.841086342,0.265745034,1.064704502,1.071472637,0.175156856,0.099103218,911.2463592,865.667713,326.984802,352.006508,2.306480701,1.076980173,1.00493857,0.063819348,0.156332143
2445,1,1,46,64,,,1.157412222,1.23213532,2.505331985,150.3009437,0.513042254,-24.46059451,0.091153331,-0.299029753,1.078591636,0.92424812,0.203085994,0.081751158,1088.355321,919.1201738,69.37704825,285.204593,1.366186328,1.143831152,0.918454278,0.198721354,0.114355343
2446,1,2,46,65,,,1.204181609,1.213533323,2.59379167,150.7126159,0.60449493,-18.93853097,0.796073077,0.975403254,1.038073952,1.025652887,0.162104866,0.083220626,974.6800237,852.9904855,366.39833,85.27569004,3.147221847,1.139319657,0.958375903,0.163910839,0.108634522
2447,1,1,46,66,,,1.212745968,1.192452135,2.65339723,241.3021093,0.449162494,-11.54650834,0.03982959,0.175069264,0.994188134,1.053793005,0.252312132,0.143035053,867.6441402,926.2488944,177.3346139,253.5749949,4.381393934,1.062281575,1.009896361,0.233235888,0.160487753
2448,1,2,47,5,,,1.201765226,1.224958155,2.531933407,370.6095147,-1.031655679,-23.58937371,-4.606754169,-0.102314932,1.043688708,1.006913241,0.194299877,0.143961109,942.7808862,902.0938786,170.1464936,225.9150025,3.091076951,1.107151977,1.033177608,0.183847048,0.195349445
2449,1,1,47,6,,,1.172800246,1.215152907,2.559586964,398.0426172,-0.187414063,-27.89840522,4.813423124,-0.846603382,1.089949202,1.052678499,0.295049757,0.079942245,979.2484291,926.2057124,214.4771169,296.4814262,4.787006403,1.060619653,1.011246821,0.167120939,0.131113977
2450,1,2,47,7,,,1.187476135,1.236786207,2.554182489,339.1155929,0.140349669,-13.61093946,1.577780883,-0.954487232,1.060499247,1.039142702,0.17759759,0.041874106,1030.48672,940.8240218,431.8367871,370.3448195,5.786043957,1.04725231,1.015850643,0.293560058,0.089939407
2451,1,1,47,8,,,1.190110888,1.189299758,2.532986792,405.9842464,0.338768353,-11.11124323,-1.874665332,-0.51204411,1.004459074,1.042757368,0.297782409,0.097225288,967.1035894,772.1431598,259.9081396,257.0981984,3.884101644,1.054934274,1.042391425,0.247672003,0.085029065
2452,1,2,47,9,,,1.206580182,1.213168339,2.631545006,299.1566479,-0.755698588,-13.14676084,3.291087168,0.579648889,1.125510282,1.011312739,0.176795725,0.19230309,1019.326473,928.8285204,225.9427043,186.6417505,4.148398565,1.080649115,1.02485,0.246202076,0.117434935
2453,1,1,47,10,,,1.180998134,1.209220938,2.628957835,332.6357231,-0.294910902,-24.71356403,-4.592017568,-0.551010342,1.072500171,0.954761828,0.118365604,0.098983823,989.5986642,896.8041638,152.8294106,113.8783897,2.80165362,1.086764973,1.011736728,0.250819657,0.157303831
2454,1,2,47,11,,,1.184272548,1.205850961,2.437092974,423.5092775,-0.2114094,-19.14721597,1.430003372,-0.291596171,1.08686293,0.999847507,0.161618903,0.208365791,832.8716667,794.832932,207.9528687,190.0552003,4.173785691,1.052592861,1.030786917,0.272458344,0.093283851
2455,1,1,47,12,,,1.194602564,1.210672273,2.494902383,242.1929585,-0.457401484,-9.069756994,1.660886008,0.504139237,1.090745319,1.019040661,0.179952631,0.110907393,971.7600732,1006.637047,193.9979595,70.71907852,4.30034101,1.157366017,1.002041693,0.234803609,0.08152974
2456,1,2,47,13,,,1.176779413,1.204269007,2.59425776,245.0923168,-1.288063551,-26.25914155,5.397738517,-0.54767013,0.975900289,1.106567268,0.173004927,0.133928088,971.3388298,966.3972593,221.1376331,241.0466837,4.489725344,1.056336464,1.06065968,0.158563926,0.132388216
2457,1,1,47,14,,,1.203639302,1.180648255,2.590021903,355.1491856,0.984951145,-39.31638499,2.551814243,0.160181808,1.064972517,1.030450773,0.25487039,0.045583656,1037.073405,921.8677456,165.7843367,246.1672918,3.446789253,1.089329679,0.989394346,0.23008169,0.100827366
2458,1,2,47,15,,,1.21715123,1.241708103,2.548246019,347.1107471,-0.566481807,-20.52003075,0.753690558,0.111390519,1.083934902,0.881017812,0.189291253,0.094658906,983.3563547,812.0936756,315.0415193,283.2837836,5.256529332,1.089275103,0.918027062,0.264697141,0.195054816
2459,1,1,47,16,,,1.171425088,1.203479204,2.62707627,265.4221865,0.064720335,-4.257230667,1.063691698,-0.65024337,1.024436496,1.015209227,0.223156003,0.14034535,1014.097211,815.4425497,286.5373889,179.3088894,3.79588887,1.155029468,1.114132389,0.206786839,0.071842005
2460,1,2,47,17,,,1.184694064,1.215984753,2.556903705,400.2656402,-0.792649047,-24.96072353,3.972828255,0.129981223,1.075732995,1.144379275,0.158689079,0.134296496,958.0265879,950.8687437,219.8493368,318.0779644,4.173106109,1.105385676,1.080821044,0.117986307,0.152564688
2461,1,1,47,18,,,1.223695539,1.210689431,2.411516753,297.1618102,-0.44579074,-7.22233141,0.631592632,0.100326675,1.034292606,0.90410139,0.187802484,0.133463941,1003.057843,832.6069344,71.9442209,309.5891658,4.108666918,1.141934125,0.973218777,0.266197734,0.168857692
2462,1,2,47,19,,,1.227648919,1.24856552,2.6108563,305.0615926,0.653915481,-5.748624979,0.387136017,0.496408258,1.08533861,0.896685337,0.207407853,0.117447955,1037.43585,711.6129523,134.5766958,278.5193353,4.278899204,1.083169091,0.969273669,0.265181949,0.021674412
2463,1,1,47,20,,,1.169112126,1.215557399,2.46709569,122.1148611,-0.931778994,-34.15577414,2.331798063,-0.386813592,1.066836842,1.060658476,0.212667621,0.173814233,913.6338749,1054.831306,212.6315176,92.86095117,3.66334855,1.003689751,1.046044741,0.267331841,0.11325451
2464,1,2,47,21,,,1.215969776,1.19177351,2.625825609,292.9651056,0.757778097,-9.645184944,-0.497277103,-0.548038865,1.073810479,1.080906806,0.194945524,0.191398295,1014.750926,915.7552352,184.1500853,279.6932262,5.201172362,1.136491565,0.941234955,0.232412646,0.191536385
2465,1,1,47,22,,,1.211681162,1.224658222,2.53557316,350.9421731,-0.176056759,-18.86639626,1.101392433,-1.38552448,1.074468358,1.010098358,0.146234636,0.104995753,891.4435563,952.2797813,139.7354185,247.002206,3.013815624,1.051786411,0.982953227,0.18004545,0.135408635
2466,1,2,47,23,,,1.182090721,1.19650872,2.574640587,168.7104271,-1.678167204,-10.83373402,-3.165223356,-0.795736796,1.072658642,1.016701112,0.159092967,0.135232083,920.8157523,902.9876052,251.1463236,181.5690459,3.661843797,1.128259867,0.964922018,0.293319224,0.141505326
2467,1,1,47,24,,,1.184651916,1.202264299,2.641315638,349.8421763,-0.032267723,-22.08844032,0.033770887,0.655084186,1.002686206,0.977494177,0.165392186,0.211722835,974.327078,732.2290548,254.2566033,195.6305379,3.870462292,1.14998203,0.992348191,0.193265931,0.085481232
2468,1,2,47,25,,,1.184813683,1.215605819,2.519050055,254.5575945,0.184174287,-20.46931402,-0.070643521,0.960339409,1.111756686,0.968265157,0.230082807,0.144114379,1046.332098,921.192477,114.4122871,330.2668576,3.98577779,1.118004374,1.126285913,0.242879917,0.164903684
2469,9,1,47,26,Fails: T7.3,,1.179800413,1.200777356,2.584466992,343.8645088,-0.332761941,-11.68946503,-0.255536861,-1.292359974,1.099154878,0.981439794,0.28103201,0.146068857,917.7713028,914.8354151,208.7343599,198.1624904,3.46525395,1.105459187,0.996793709,0.151692779,0.245399387
2470,1,2,47,27,,,1.224624162,1.212115666,2.547540084,262.4146372,-1.079432331,-8.688562926,3.801258955,0.666606036,1.081444727,1.081094224,0.199001361,0.072291768,985.4277749,860.611089,267.2991216,306.6864662,3.647464822,1.098672071,1.030868186,0.150723761,0.092339067
2471,9,1,47,28,Fails: T4.3,,1.163712578,1.187404654,2.542882056,282.6134654,0.417485192,-24.0539827,-3.054924519,-0.03689434,1.073344057,1.091069861,0.28895282,-0.006163473,879.1775391,997.1638416,265.9949444,26.98153961,4.417617969,1.114440941,0.967463479,0.251702063,0.226504782
2472,9,2,47,29,Fails: T4.0,,1.192012763,1.196402999,2.495325356,319.5691109,-0.063967661,-5.818847237,0.828024763,-1.071007713,0.955383126,1.134858725,0.252932006,0.166533163,892.9307879,1109.934305,295.9696386,131.4233326,2.719591527,1.05145735,0.928641039,0.216215953,0.204308205
2473,1,1,47,30,,,1.224879354,1.220433257,2.528388022,375.9364389,-1.373232818,-17.35244217,3.013900348,-0.981271243,1.109581049,1.030965884,0.238764227,0.188977862,926.5445832,714.0330475,263.053333,253.4383551,3.963043317,1.13286781,0.950459716,0.156397281,0.13884836
2474,1,2,47,31,,,1.196416151,1.209415284,2.53214928,176.8600366,0.130306561,-32.19773038,3.962550262,0.621895382,1.079127132,1.049580427,0.106891759,0.036586217,966.3417759,855.9955868,134.9032836,304.5914746,1.996257335,1.103150258,1.008685631,0.211543458,0.102930115
2475,1,1,47,32,,,1.207454247,1.181454105,2.579385712,401.827415,0.501880451,-18.78311845,1.217845977,-1.284061745,1.030993532,1.009915078,0.126440754,0.09760141,1032.516933,820.6514691,89.89295043,277.7001726,3.098315928,1.174872985,1.107609077,0.257824466,0.152789885
2476,9,2,47,33,Fails: T3.1,,1.187460503,1.218486572,2.644926891,214.1283922,-0.37136622,-50.53954399,-1.481277723,-0.727059269,0.993021819,0.98309148,0.135769513,0.066886452,970.484855,842.3811251,98.02173879,198.3401233,5.067015815,1.065895539,0.883153605,0.22049773,0.245330695
2477,1,1,47,34,,,1.186191343,1.199538234,2.537485003,253.0642252,-0.797359398,-20.43360362,0.839526158,-1.284322029,1.130332014,0.95250018,0.196839137,0.143084575,916.9333656,771.5980958,378.9209831,206.6141576,4.006258795,1.145593014,1.004969355,0.169712555,0.125032225
2478,1,2,47,35,,,1.208199381,1.220240975,2.570886859,158.1834902,0.885692311,-26.43502307,-3.306947529,-0.489356044,1.079030856,1.07721749,0.166276563,0.080466482,1037.696606,795.0778983,222.5519787,149.1032886,3.687968003,1.082432801,0.932196043,0.237719078,0.141036217
2479,9,1,47,36,Fails: T1.2,,1.164056264,1.191079207,2.350094858,261.3850297,-1.842515098,-27.51656429,4.54989451,1.676434387,1.057109537,1.072808644,0.201799536,0.126661002,1065.609748,735.5366267,195.4112747,285.7325397,5.445940732,1.087010556,1.082551969,0.212545827,0.159150406
2480,1,2,47,37,,,1.202710492,1.186749844,2.580674476,418.209375,0.646981251,-21.4560086,1.696627104,-1.218971162,1.067707486,0.979617819,0.189448331,0.14232267,846.2152986,1109.663426,177.981041,234.0955252,2.703808215,1.12739888,0.939836626,0.266559619,0.123316711
2481,1,1,47,38,,,1.151022125,1.23366916,2.479057751,350.2913918,-0.857533844,-5.462518845,-2.902897712,-0.052613049,1.028988771,1.023699995,0.121487314,0.049538961,977.8181627,928.8064562,156.8524113,218.9796954,3.669674622,1.050591803,1.051479148,0.177988776,0.104283691
2482,1,2,47,39,,,1.189762918,1.20909571,2.532822698,261.4747679,1.139650474,-2.024058659,-0.946094582,-1.565217412,1.110261751,1.059924402,0.157704065,0.09383058,1040.154001,831.4823058,53.625466,272.6370271,3.243392983,1.078320627,1.010035003,0.093794863,0.090106191
2483,1,1,47,40,,,1.190660294,1.215502394,2.531065505,335.0047951,-0.097814556,-31.40728404,1.997853294,0.13365014,1.062945894,1.024361989,0.178726445,0.127770068,847.2108691,1086.630426,368.7167948,235.8327382,1.904767256,1.022298197,0.950289513,0.256141713,0.110063037
2484,1,2,47,41,,,1.194837424,1.23463491,2.525803633,302.100902,-0.404729705,-17.99068535,2.276210335,0.700470949,1.025336512,1.058359425,0.199382826,0.103727313,912.1909837,801.5066793,204.1331942,352.0857601,4.16702017,1.066300707,1.029633744,0.265543022,0.120766929
2485,1,1,47,42,,,1.216055485,1.206786689,2.597742355,279.5610214,-0.043308867,-18.67875446,-2.566253167,-0.591262047,1.020971286,1.055034628,0.151443316,0.166482049,1009.207767,838.9678439,181.1043036,300.166538,2.769038159,1.113194557,1.037381158,0.132346522,0.171758263
2486,1,2,47,43,,,1.203509539,1.229687157,2.501768148,126.6818926,-0.935365553,-3.938888617,-1.281948777,-0.52161469,1.042820683,1.004189379,0.186530536,0.185003366,843.3112402,813.0283148,113.3289105,280.0557902,4.82359952,1.066249436,1.03568236,0.275203274,0.162836052
2487,1,1,47,44,,,1.200758082,1.205938738,2.619860379,244.8298899,-0.992466378,-16.91916041,-0.242656808,0.600016716,1.042747406,1.063902733,0.175839229,0.011413574,1035.583963,798.3358736,177.7718417,348.9348032,2.747700034,1.065431833,0.950214457,0.16940245,0.112856244
2488,1,2,47,45,,,1.155965621,1.201841999,2.446813442,362.6676355,-0.798854669,-20.25098254,-1.281954595,0.441454953,1.057070218,1.008300283,0.142556397,0.066359416,861.7559463,830.7755533,88.74391325,197.5509271,4.781065139,1.123984163,1.026782267,0.164243123,0.12586324
2489,9,1,47,46,Fails: T7.1,,1.1996301,1.220808983,2.527938148,341.9310851,-0.745765288,-23.6838654,5.920352586,1.109351537,1.016890155,0.970114444,0.186762287,0.120790818,1014.037982,818.2476479,227.7484763,373.200824,4.395670739,0.989010828,0.792375635,0.219140833,0.131926456
2490,1,2,47,47,,,1.206883782,1.231125267,2.612103059,197.6511599,-0.080543318,-24.38301126,0.743672811,0.161246607,1.06615606,1.051362616,0.108879001,0.135727,805.182387,823.3313624,187.4434944,301.0141296,5.180292684,1.02610761,0.941176248,0.189844107,0.06614416
2491,1,1,47,48,,,1.150262577,1.178260386,2.511609168,209.9481094,0.393383816,-21.97641043,-0.419933085,0.39237072,0.98773986,1.041387459,0.223380345,0.118217974,874.9219139,876.6463294,167.7422907,352.7338968,3.237215833,1.024657687,1.006742054,0.17967176,0.17258327
2492,1,2,47,49,,,1.199849547,1.220350118,2.604851513,305.9264334,-0.813014959,-14.37746984,-1.196840842,0.430372146,1.047946552,1.142909555,0.131419778,0.105939456,908.7690863,992.7027158,209.9444574,323.5295728,5.280460221,1.112931851,1.011041183,0.267507384,0.10255414
2493,1,1,47,50,,,1.183710887,1.200283064,2.548366693,434.4392789,-0.427438275,-25.61039234,1.753103322,1.579723744,1.063713509,1.113957072,0.256303342,0.002014809,1149.316475,929.360179,295.1750781,248.3032129,3.422887458,1.110752488,1.028037832,0.202805385,0.133422915
2494,1,2,47,51,,,1.217893355,1.215496092,2.557365547,393.5085966,0.230059723,-24.29373329,1.750769175,0.204474503,1.096007344,1.063626518,0.147859478,0.120658548,977.5410063,997.0056706,365.6988652,157.5461206,5.004022299,1.074289919,1.021415474,0.255762167,0.158154568
2495,1,1,47,52,,,1.200604784,1.195423525,2.632469634,187.3686364,-0.376638939,-3.479270623,1.40043762,0.475049039,1.12117284,1.043368909,0.144945902,0.08848573,964.5589246,816.0310477,212.668211,159.6618428,3.752913658,1.038498368,0.972428533,0.105454034,0.149938968
2496,1,2,47,53,,,1.183365291,1.194265013,2.715086639,323.7729323,-0.358918572,-30.80647163,-3.55969009,0.330103445,1.124238314,1.01539896,0.168917731,0.11172208,974.7656055,1003.330725,164.638256,238.55004,2.343371447,1.079614983,0.933837987,0.233766018,0.12140587
2497,1,1,47,54,,,1.205349215,1.246232082,2.595966093,390.4645386,-0.7142708,-11.0008335,6.034668589,-0.985412916,1.0761656,0.975894572,0.205560688,0.142941134,1011.369964,816.3768481,171.1538847,264.8018505,4.254157525,1.056941749,0.994397629,0.208085958,0.134677707
2498,1,2,47,55,,,1.217319755,1.224652923,2.494607904,374.8756082,-0.059443446,-7.603568915,-0.689408765,0.350779138,1.11063609,1.008104229,0.249311748,0.103185016,939.8790284,974.6580525,194.9318638,323.0061977,3.952637378,1.069389932,1.034813985,0.218162643,0.172010388
2499,1,1,47,56,,,1.224871814,1.205391326,2.587970565,313.0066375,-0.572742531,-13.85117203,1.011532259,-0.54492444,1.111667796,1.107020623,0.198365712,0.104038777,988.1315396,857.595443,164.0515551,461.0916994,4.233129349,1.198019102,1.021639134,0.233521163,0.194635606
2500,1,2,47,57,,,1.194761921,1.200938833,2.576489197,425.0712943,-0.630672437,-11.95139663,5.670598146,-0.521319511,0.983037173,1.045399268,0.176233347,0.132013588,947.4334584,966.7708026,194.8878475,211.8922822,3.748885885,1.065715221,1.04636348,0.215695248,0.172263892
2501,1,1,47,58,,,1.207477056,1.204336235,2.600597149,401.5057101,-1.015808579,-15.74075737,1.396235177,-0.205841092,1.013239114,1.133175556,0.140667796,0.125739112,1043.413793,789.1289722,224.3649248,262.6838702,2.925827396,1.024184493,1.068451053,0.223112791,0.183664581
2502,1,2,47,59,,,1.177390779,1.20707636,2.656904192,292.5316448,1.541545187,-28.38195929,2.530237736,-0.200269629,1.08938189,1.013046833,0.105145427,0.117669003,898.0536584,840.9060698,272.3823801,275.5409589,2.896199886,1.0592322,1.072183791,0.190553055,0.165383644
2503,1,1,47,60,,,1.23422052,1.247145965,2.670504736,459.4613461,0.031343139,-22.84398764,0.516289307,-1.100364481,1.089529586,1.091786169,0.150762783,0.127544161,946.5231664,850.268842,287.1803427,139.4280809,2.154089988,1.078635158,0.981114806,0.142177033,0.101129105
2504,1,2,47,61,,,1.199869949,1.225082874,2.524663533,153.0462661,-0.364074933,-33.40594548,0.552820188,-0.932554323,1.094240334,0.930506498,0.153495052,0.12666687,874.328114,898.1086181,183.3034262,178.3857522,3.436247281,1.075524445,1.000682828,0.261870533,0.168580889
2505,1,1,47,62,,,1.150871825,1.191047001,2.654153144,299.911625,-0.763755487,-20.52768083,6.330513523,0.840360164,1.080042659,0.972688067,0.130252851,0.118549935,847.773262,871.3776903,316.4004154,229.7102574,3.690494357,1.071920958,0.982307751,0.173252402,0.124406945
2506,1,2,47,63,,,1.177687262,1.211897009,2.564315869,205.7668888,-0.668014842,-35.29349338,1.4165857,-0.740660187,1.003154563,1.009131031,0.128782102,0.110093369,1102.871356,837.009981,103.4558658,279.502406,2.498887856,1.095341666,1.034887033,0.164399053,0.09399753
2507,1,1,47,64,,,1.218491277,1.244681788,2.582025724,274.9142904,-0.188471275,-33.49206731,0.144078162,-0.682008531,1.048363116,1.147384288,0.236953021,0.202323749,1147.842602,940.6475686,353.0013563,122.8885482,4.321243686,1.061928355,0.89935828,0.25475559,0.116633478
2508,1,2,47,65,,,1.188936776,1.240510346,2.606536629,396.2674395,-0.038353178,-1.903764612,0.599521097,-1.133832516,1.034033571,1.056392078,0.16352809,0.078906948,981.0918528,875.3543959,268.5270294,320.1940217,3.051940097,1.035838994,1.017879356,0.237614144,0.080149515
2509,1,1,48,5,,,1.198460966,1.233080108,2.559758158,367.9777654,-0.134841967,-14.26446408,4.099206971,-0.243732145,1.119842233,1.038362135,0.152523176,0.100759006,894.2308852,920.4377588,284.6407359,287.2000084,4.949857755,1.083870686,1.015585947,0.158851395,0.201887344
2510,1,2,48,6,,,1.159298075,1.21812638,2.701635667,248.1953777,-0.182325058,-23.43224515,2.861122537,0.044441585,1.067198091,1.081365589,0.170563854,0.148072698,934.9842825,1019.732724,145.6782711,211.202454,1.284004154,1.066599678,0.98346022,0.246688705,0.17588799
2511,1,1,48,7,,,1.197690521,1.221200593,2.681965681,310.8488085,-0.383257135,-36.39335231,4.537300115,-1.167088051,1.004230347,1.10357444,0.273637111,0.168285275,1063.99539,942.5617021,193.0319072,362.5336603,3.126607572,1.052814469,0.987450504,0.262053365,0.122689152
2512,1,2,48,8,,,1.213638066,1.21328015,2.647151667,331.5057164,0.530517516,-14.14440821,1.080725452,-0.338101841,1.059699519,1.06786662,0.260327034,0.140194771,882.702978,1026.852521,131.1535432,58.79058012,1.760824119,1.087709687,1.034617766,0.249476032,0.151147781
2513,1,1,48,9,,,1.210032228,1.212356659,2.555314881,165.4772849,-0.442623024,-2.515221681,-0.206639476,-0.425267071,1.092257793,0.98992079,0.206301364,0.075891037,1062.647281,868.7552805,109.1176926,111.990974,3.978297346,1.163511187,1.133336621,0.303461612,0.082524256
2514,1,2,48,10,,,1.244615557,1.216494873,2.672960564,324.6056566,-0.124917973,-11.28614962,-2.987729656,-0.709721729,1.12654026,0.967265971,0.203019687,0.088522325,883.6366494,772.204102,134.446076,218.6755567,3.81547367,1.124360448,0.929139973,0.225063368,0.166922473
2515,1,1,48,11,,,1.183722419,1.22087382,2.437935447,416.3644642,1.057354864,-29.69007311,4.920651451,0.369994633,1.098316834,0.94707522,0.252281265,0.112123862,907.1873548,946.9491654,170.1986205,187.0512609,4.306909977,0.981790022,0.913074787,0.100360821,0.164888406
2516,1,2,48,12,,,1.186245396,1.201748502,2.544455001,330.797124,-0.141832069,-36.6135406,3.381330266,0.984967474,1.089806753,1.111322226,0.278784174,0.130169924,851.3209894,790.4547905,337.6638379,281.5784903,2.339600621,1.096114177,1.026865668,0.253573056,0.08798002
2517,1,1,48,13,,,1.171690824,1.219693184,2.587034223,349.4421442,1.313722889,-21.64406132,3.02087386,0.832714377,0.988489456,1.002069847,0.222135825,0.087673333,889.7754313,859.0374345,314.7698138,234.037497,3.007199905,1.059377258,1.046747567,0.345446503,0.158003177
2518,1,2,48,14,,,1.187720725,1.194698349,2.619601677,373.5448543,0.129205661,-25.23440237,4.634805883,-0.07734936,1.11487911,1.043780988,0.215703068,0.097614066,1050.701445,789.9363175,116.1718452,308.1844985,2.768359485,1.02602778,1.00576766,0.135505086,0.180224562
2519,1,1,48,15,,,1.194720996,1.172123651,2.517707011,320.9501362,-0.042659274,-5.499500494,2.656364975,0.311937234,1.044080567,1.076789613,0.139505429,0.191639445,897.5507807,739.4520148,237.2168369,213.3618077,3.068170515,1.037888837,1.023918896,0.19620226,0.152744222
2520,1,2,48,16,,,1.202769243,1.195526009,2.619317658,402.2456145,-0.975702327,-18.53009233,1.893947213,-0.378837588,1.062802428,0.970058672,0.154641664,0.095100183,935.2547686,775.8930855,220.0914763,208.4046781,2.430493247,1.143441818,0.971102124,0.266466152,0.035514115
2521,1,1,48,17,,,1.152242805,1.209735231,2.608103693,316.5880188,-0.012403979,-23.98556498,5.544422694,-0.4798239,1.017682616,1.101253189,0.232625677,0.019101695,981.1504533,953.5949976,179.0681082,134.3011388,4.129388081,1.092499016,0.981123801,0.207370455,0.151138051
2522,1,2,48,18,,,1.187450488,1.218427409,2.579499488,353.4716829,-0.843315948,1.194443128,2.185856184,-0.30608981,1.027300274,1.069339959,0.175711656,0.110444,919.6791368,841.2713136,234.6972827,349.1336861,4.205927807,1.019230108,0.965168576,0.182195998,0.154957199
2523,1,1,48,19,,,1.201965503,1.223023369,2.684290897,281.1732036,0.14940508,-22.45592763,-1.499083488,-0.092848903,1.078957132,1.048259972,0.245889508,0.118029349,1090.552346,815.675442,269.098366,338.5049209,2.8958014,1.096817362,0.999859803,0.195292299,0.119757558
2524,1,2,48,20,,,1.205161765,1.19170755,2.495965213,93.71414595,-0.062921737,-15.53742111,0.982350566,-0.288113228,1.118300133,1.122649462,0.168540411,0.055046091,882.9724568,1007.375209,204.9622317,283.7150294,4.307601998,1.042192241,0.929713759,0.292730431,0.191669599
2525,1,1,48,21,,,1.174206244,1.204841441,2.565264177,505.0563485,0.117608893,-29.13850354,-1.362070143,0.6986994,1.078876749,1.03244122,0.246297486,0.094902219,823.9615658,905.3877096,168.2338146,89.90196167,4.297204009,1.110595045,1.043625948,0.161054994,0.224708528
2526,1,2,48,22,,,1.236135775,1.226044546,2.507413124,260.5818934,-1.198412189,3.91472989,2.132727341,-0.498356245,1.076604536,1.087960752,0.203373162,0.093718037,828.4171817,740.152332,109.3915574,282.9129233,2.390466764,1.030999513,1.105050225,0.251653912,0.109231222
2527,1,1,48,23,,,1.208656033,1.190088429,2.594319918,244.4174818,-0.340056549,-3.735933296,0.112979932,-0.651265811,1.062246096,1.006945938,0.146425022,0.074551333,972.0086292,826.8543298,277.3055595,310.3342427,3.863971837,1.121294245,1.024862756,0.185893791,0.073740464
2528,1,2,48,24,,,1.191396838,1.201742351,2.527640789,324.6560245,0.135107226,-11.59825361,2.219494693,1.264844763,1.053959343,1.004563747,0.204619218,0.16310978,772.3264429,926.8161712,206.6194742,299.0526427,3.758916503,1.094938146,1.063769188,0.207669355,0.192570509
2529,1,1,48,25,,,1.167436592,1.204019851,2.571685233,405.4177118,0.719065876,-21.72323752,-1.527674008,1.150668259,1.099563306,0.988008766,0.273530994,0.08477033,829.8658007,990.3578501,150.2640555,309.9507062,4.574282303,1.125051753,1.036515337,0.201988817,0.152795226
2530,1,2,48,26,,,1.185683526,1.200155486,2.630334544,189.6693222,0.084492326,-28.51518984,-2.247444637,0.18534198,1.059047683,1.028780532,0.242437386,0.177267567,929.0647546,999.8421289,175.0790533,410.8935879,4.416588946,1.065924881,0.9372259,0.132235374,0.1081255
2531,1,1,48,27,,,1.174005692,1.202665417,2.524898849,314.7422669,-0.613367512,-11.65938445,5.713710662,0.765630836,1.050657318,1.106188422,0.216473195,0.101688148,915.1502898,1067.11064,63.6625854,166.8131124,1.931859335,1.11487714,0.915244129,0.248799545,0.077708529
2532,1,2,48,28,,,1.184893812,1.212604773,2.698646601,357.7151506,1.092025821,-18.99478263,1.937718493,0.438831716,1.039722019,1.057971948,0.159896264,0.066762533,934.0484857,892.4163752,508.0741435,208.0407046,2.522242681,1.045600641,0.940141691,0.24081399,0.147590622
2533,1,1,48,29,,,1.198846162,1.199075267,2.622776374,371.9923944,0.701889905,-15.68398811,-1.05101732,-0.88322201,1.076603145,1.019082576,0.135626722,0.099584948,961.6067873,913.7027296,225.4461871,277.0435316,5.015606773,1.028960292,1.0608467,0.115883375,0.157130792
2534,1,2,48,30,,,1.161010485,1.193881674,2.625765884,400.7742482,-0.689324828,-21.45490577,3.851515715,0.856451721,1.068422754,1.00530942,0.252215566,0.139546451,917.306694,938.2063501,229.9993169,270.7148572,3.432002909,1.065371591,1.135513372,0.143345042,0.059361286
2535,1,1,48,31,,,1.192420993,1.201914956,2.472098716,96.62231843,0.456961713,-27.42217159,2.333112175,0.022039026,1.125947392,1.145550093,0.221886952,0.127928037,927.2939365,809.534961,220.9312387,330.7395717,3.130850113,1.115472407,1.064708962,0.30566283,0.059516985
2536,1,2,48,32,,,1.198210491,1.190857614,2.584976429,232.7344101,0.349552664,-28.72054125,0.68591641,0.241375257,1.060090396,1.029094522,0.196125912,0.109562426,1141.847396,891.0580323,296.8514575,357.8314017,2.91517506,1.066496921,1.000214203,0.163445571,0.189114357
2537,1,1,48,33,,,1.165795232,1.207605871,2.556051809,418.6760278,-0.060380702,-7.554267206,5.642934264,0.532345952,1.086238694,1.079493775,0.109950421,0.131160693,1186.037231,748.8567781,282.8355947,258.817528,4.327426641,1.078028771,0.973862759,0.13956236,0.114129289
2538,1,2,48,34,,,1.213646754,1.217730682,2.517295656,426.2700074,-0.743447844,-13.56276729,3.861074843,0.208780975,1.015691363,1.022069564,0.240615789,0.102642316,1044.769997,953.9127479,158.0507546,229.8220973,4.519059887,1.078354979,1.087282641,0.173243189,0.075577024
2539,1,1,48,35,,,1.230124266,1.198573286,2.608038325,331.879116,0.798450509,-16.67024544,3.972998912,0.734582822,1.138082639,0.953265257,0.270045884,0.074279503,955.938971,782.3237999,254.2703256,235.7857481,5.320302262,1.116540171,0.971192631,0.16064703,0.137143851
2540,1,2,48,36,,,1.197803079,1.205657524,2.595799453,472.5704685,-1.441305904,-26.01574175,2.629849195,-0.038915146,1.034106385,1.017352784,0.204693057,0.146773004,1060.369223,859.960004,188.9378806,265.5521006,4.26756581,1.107795935,0.978803195,0.205352773,0.136406762
2541,1,1,48,37,,,1.21282442,1.212373965,2.598650245,361.1232961,1.539905693,-25.26753996,-3.20172441,-0.255858509,1.112386167,1.043399325,0.157330787,0.175060589,978.4695843,859.06636,320.6342033,162.965288,4.368448507,1.08811964,1.070275817,0.179629641,0.138420716
2542,1,2,48,38,,,1.174608112,1.1878698,2.512036982,432.8173144,0.139437931,-24.56256847,1.462670147,-1.151717008,1.069634849,1.07880215,0.142221334,0.198257367,787.2438125,985.8872621,374.5314656,229.9869644,4.113357822,1.088442986,0.973637464,0.260248779,0.167538785
2543,1,1,48,39,,,1.217912675,1.246304484,2.513999691,126.1674929,0.015547513,-34.14933422,4.265730269,-1.185255731,1.046620024,0.98887054,0.219079192,0.088329195,912.7445817,873.0172922,135.2107903,336.553627,2.489418474,1.078736413,1.027784298,0.25670166,0.101296224
2544,1,2,48,40,,,1.19544996,1.184807801,2.396847753,370.2570348,-0.373998482,-20.74667915,-2.070390343,0.337293992,1.053205795,0.887972135,0.269224474,0.116942343,777.2851609,910.9780704,150.0716786,291.8553505,2.817584894,1.070961876,1.024945674,0.208620755,0.235694475
2545,1,1,48,41,,,1.234970783,1.227376082,2.545278261,245.3656931,-0.344084927,-23.60263796,-1.142755606,-0.252354947,1.053295061,1.168232368,0.236637483,0.103162338,963.9183148,939.3975466,321.1353433,166.0254887,4.481603491,1.153638614,1.029373228,0.229683801,0.136986546
2546,1,2,48,42,,,1.201296474,1.204811481,2.520475804,88.812569,0.413799231,-17.77100586,0.959724072,0.371012813,0.967424288,0.968273752,0.280860103,0.120260346,890.2014106,992.8471407,288.7539721,333.6172956,4.263378297,1.050357174,0.917712283,0.152067072,0.151185283
2547,9,1,48,43,Fails: T3.3,,1.194018756,1.198927397,2.588921409,245.991022,-1.011677423,-23.20191138,1.116984154,-2.56091578,1.166573581,0.955363898,0.113062244,0.082341391,821.8533672,987.3217632,206.1026842,313.0609316,4.454032384,1.058870004,1.037316263,0.29756373,0.146751775
2548,1,2,48,44,,,1.220570772,1.227637903,2.61531264,518.471094,-0.078840684,-19.51740746,2.095591639,-1.171796821,1.12942191,1.047842263,0.232649648,0.092097261,887.7750727,798.7785619,159.2908555,273.3642683,4.390970576,1.111825759,0.993494201,0.198171443,0.138191148
2549,1,1,48,45,,,1.182953911,1.208915167,2.585537632,349.8247775,-0.274673504,-22.43097561,1.252951301,-1.616047836,1.040224366,1.125250039,0.312903126,0.048433689,929.4439888,1089.591723,226.7096739,128.2379142,4.534721505,1.030718324,0.985705138,0.122898189,0.109707781
2550,1,2,48,46,,,1.218769333,1.224238264,2.638950158,250.5204465,-0.105936976,-12.19557414,0.097432888,1.036008015,1.043591141,1.060179827,0.262953814,0.180132935,1000.724442,850.2244444,275.5137945,219.09372,3.714194634,1.098877435,0.933318515,0.218490477,0.181090455
2551,1,1,48,47,,,1.173798649,1.184320621,2.53121123,100.0152156,-0.281238351,-24.36784558,2.345809914,-1.171696012,1.04182447,0.933997889,0.303738366,0.115936497,925.4901546,924.7539787,100.8213936,286.5179538,2.414258139,1.0797791,1.039350221,0.163710369,0.17729506
2552,1,2,48,48,,,1.169614266,1.204409948,2.620860815,305.7735322,0.261958415,-24.72791523,2.02531379,-1.580301489,0.991453201,1.033084752,0.12507703,0.154536475,1087.421242,917.4848693,252.9894062,236.2340314,4.23798809,1.083644127,0.942654593,0.194829702,0.164923524
2553,1,1,48,49,,,1.170901497,1.216327027,2.583667857,287.781688,-0.339104567,-10.6742242,-2.115133772,0.153042894,0.991070476,0.978327108,0.089127854,0.161440393,955.349837,791.9460614,230.2557898,168.1069741,5.077762594,1.102025145,1.016958486,0.151231523,0.149197335
2554,1,2,48,50,,,1.169150217,1.228323337,2.515780897,303.1233962,0.761208148,-26.05211406,3.190049764,0.433116105,1.056901699,0.999767553,0.183950504,0.077999913,895.9487788,857.9355131,47.64665417,308.2145397,3.343221071,1.026269379,1.061157683,0.21785391,0.176996119
2555,1,1,48,51,,,1.196898187,1.17750343,2.699356239,367.692316,-0.811894246,-17.33018235,-2.435824509,-0.038598854,1.046649639,1.029182024,0.094574644,0.070335179,974.4682897,738.9071028,200.9441827,204.8962875,2.669964848,1.093178558,1.06041557,0.165451682,0.114401054
2556,1,2,48,52,,,1.21465427,1.212254833,2.585431227,446.26849,-0.326835527,-20.9490297,-1.023035754,-0.03692149,1.121258351,1.083606254,0.068117487,0.149419306,1010.471133,990.5519668,163.0479616,317.2233945,2.923156266,1.086304844,1.02753592,0.14098895,0.139402332
2557,1,1,48,53,,,1.194725937,1.194646823,2.574485792,426.1542956,-0.562896552,-12.53764097,1.425704295,1.209354949,1.049136194,0.957154207,0.14939358,0.110486679,1164.480018,946.0555628,247.0444479,301.6035382,4.373816071,1.032058953,0.984609063,0.140560819,0.183752022
2558,1,2,48,54,,,1.178002262,1.223712077,2.497880219,441.236445,-0.129206017,-23.87994737,3.793866194,0.977754958,1.077724867,1.140506185,0.146670004,0.131860633,906.4316889,781.7095308,275.5134906,219.1924393,3.123889734,1.117724115,1.025164892,0.186417983,0.178581155
2559,1,1,48,55,,,1.185279056,1.21122141,2.629777832,131.4744045,-0.16771474,-16.30268646,4.424690019,-0.098217038,1.092645607,1.037294934,0.301559777,0.122880342,1027.19048,794.2181675,166.5284495,217.4673866,3.032019251,1.077682634,1.070605463,0.247578536,0.127638974
2560,1,2,48,56,,,1.191564515,1.187787196,2.624621372,361.6922149,-0.647016848,-26.1454515,1.355990786,-0.892684656,1.05826556,1.053191581,0.180322876,0.054125144,1093.114276,889.5958113,175.6912227,252.103284,4.067935224,1.072540015,0.981610375,0.177125201,0.148397399
2561,1,1,48,57,,,1.203808825,1.222029984,2.582246948,190.9673001,-0.290525114,9.597387964,1.308381569,-0.336400158,1.102876016,1.015441394,0.043080334,0.040020248,990.8656707,975.6896244,206.6891399,264.9221627,3.254345296,0.990978025,1.051642459,0.218589925,0.192489862
2562,1,2,48,58,,,1.185016232,1.189821468,2.615060374,168.0162278,0.186126527,-9.917475254,1.124984296,-1.29157435,1.051698333,1.050573757,0.207431122,0.142945265,956.9935374,835.811034,129.4072617,329.1765238,3.879275262,1.160779259,1.042586553,0.261285288,0.16676875
2563,1,1,48,59,,,1.187687417,1.19576794,2.597143582,379.2036896,0.701834415,-19.60254118,7.269930832,-0.832493423,1.127991741,1.124303968,0.250633082,0.126043928,1044.250355,901.747478,283.113484,174.7010854,2.024086374,1.038454057,1.029050535,0.173147786,0.094954192
2564,1,2,48,60,,,1.199141246,1.211583581,2.603317734,257.2262373,-1.396547519,-18.58874581,-0.818911835,0.15815102,1.086657652,1.067972356,0.192275457,0.065804554,732.4428288,890.1182209,201.2653591,398.1996191,3.463235693,1.016575868,1.020862725,0.189384135,0.122056108
2565,1,1,48,61,,,1.180762251,1.234441163,2.531905236,292.8326586,-0.608809241,-9.095291301,-0.635979857,-0.981021049,1.09432452,1.067844521,0.195891124,0.139559964,932.4963541,873.7397415,354.1844095,95.79001651,2.969475862,1.088754215,1.042910965,0.242814385,0.105843404
2566,1,2,48,62,,,1.223768891,1.222290129,2.608518501,180.7911427,0.577644732,-23.66263236,7.529134655,-0.332873716,1.118762582,1.018179739,0.261046296,0.115088775,988.6328894,825.8082444,244.7001265,202.8625307,1.81531868,1.047814012,1.058996981,0.222498556,0.077418702
2567,1,1,48,63,,,1.197694886,1.181005282,2.426599295,123.6769109,-0.532545906,-11.06743722,-3.201423029,0.522430643,1.090324529,1.089993647,0.192672221,0.084964438,892.275893,748.4485969,80.36907369,167.1868316,4.542702399,1.099951055,0.962200593,0.14315361,0.082788102
2568,9,2,48,64,Fails: T2.0,,1.18569764,1.189960499,2.506974438,-55.49848414,0.895750091,-29.09113269,-3.502271724,0.426342674,1.081795949,1.110884043,0.182613943,0.105773908,1037.215962,1002.467781,144.6468932,374.131446,3.729930692,1.046454275,1.0439252,0.091830146,0.113154134
2569,1,1,48,65,,,1.171059828,1.212212796,2.61348547,397.6278883,-0.00096988,-16.28753568,3.94334946,0.093178775,1.05791255,0.982321766,0.189802052,0.032468081,858.1958623,815.4714932,231.7853927,237.629062,3.329072619,1.066024687,1.114988588,0.278356402,0.1719218
2570,1,2,49,6,,,1.195914784,1.227099895,2.636499058,270.1863609,-0.920640745,-22.7756404,7.104741598,-0.406713403,1.056707073,1.067780051,0.187561158,0.091019161,994.1171711,812.2277742,252.4075004,259.7552577,3.764188121,1.131583502,1.138815081,0.25128263,0.121962167
2571,1,1,49,7,,,1.182821947,1.218362504,2.717668891,485.4364049,0.2875245,-28.45943085,4.868163871,-0.220066208,1.069643587,1.088296368,0.216521329,0.048476713,1107.44565,941.5525175,130.9448803,357.6886781,3.551836243,1.010579697,1.084685302,0.17975492,0.176217483
2572,1,2,49,8,,,1.20527599,1.234314307,2.659583959,375.9929689,0.952444575,-14.53057478,0.341012282,-0.238600432,1.105275887,1.063208767,0.184304322,0.103521108,816.6882667,961.7782733,174.8933593,293.4475585,3.295408891,1.129015029,1.095529706,0.241066627,0.151739411
2573,1,1,49,9,,,1.188899787,1.230309004,2.506130005,123.4576891,0.229252416,-23.82163169,-3.081645825,-0.621344897,1.042306984,1.020349031,0.227301436,0.104007161,1042.343374,782.6033574,204.35694,191.7298374,5.749387249,1.160706896,1.049938055,0.19748151,0.177255614
2574,1,2,49,10,,,1.167125009,1.214448635,2.66114575,173.2774832,0.02332389,-38.20401683,-0.8028337,0.178761593,1.065561285,1.035343161,0.237846193,0.096652169,938.1819807,949.0530493,221.8037366,120.4351628,3.269660795,1.071994315,1.005060037,0.171137303,0.164497378
2575,1,1,49,11,,,1.169508547,1.19148446,2.571942578,236.5901773,0.724756667,-19.27830761,-0.541387259,-0.000562601,1.015467241,1.015273097,0.157661588,0.110922688,767.2219792,784.1444692,165.4712487,254.1214333,2.998492178,1.068354455,1.048540419,0.253432473,0.148594969
2576,1,2,49,12,,,1.194762638,1.190840799,2.543489583,198.9991608,-1.128308623,-18.11929809,2.339767056,-0.067689347,1.056149724,0.953598187,0.301732225,0.095326255,926.9301143,837.672898,50.02021844,273.0338925,1.917945847,1.094611272,0.958650545,0.245386413,0.134133544
2577,1,1,49,13,,,1.217067904,1.203916085,2.602886925,276.5461297,-0.601758649,-20.53206152,2.043846048,-0.781617554,1.072206882,1.017262061,0.108627975,0.091499726,1097.617946,907.2177417,161.636861,415.0502281,2.681604692,1.019795433,1.108610541,0.262299835,0.062199684
2578,1,2,49,14,,,1.178280586,1.223613831,2.488929254,312.9315808,0.106902185,-37.19904173,4.04215119,0.060130146,1.099643426,1.072712743,0.300045475,0.163348134,873.8903412,890.0460629,96.38813642,349.3029997,3.580912182,1.062474985,0.950503182,0.285841651,0.170497947
2579,1,1,49,15,,,1.181199698,1.255896916,2.531333488,296.5584681,0.228656269,-6.915303417,-0.837964373,-1.76006006,1.073691962,0.976525904,0.129705871,0.060190221,972.942274,921.1908775,165.9513888,360.6028466,4.1500967,1.020393349,0.895236589,0.264128495,0.152183534
2580,1,2,49,16,,,1.156268482,1.205288688,2.629504784,254.272441,0.287767165,-16.78095936,2.485799287,-1.059252043,1.041819168,1.051936203,0.180563445,0.050815379,971.1546955,942.0748769,205.5238922,91.00071983,4.929642641,1.102136963,0.845774379,0.141925963,0.170566082
2581,9,1,49,17,Fails: T3.3,,1.161114142,1.231650439,2.575271396,433.790772,-0.941855922,-18.64190579,-1.946962358,-2.104910163,1.095777596,1.027352433,0.230427781,0.079451783,1005.160397,854.0021251,395.542497,271.0450697,3.595327317,1.071868819,1.078054762,0.257384225,0.13514285
2582,9,2,49,18,Fails: T7.1,,1.177543041,1.213845034,2.583611209,380.699114,-0.604733485,-32.05092166,-1.135052227,-0.711106061,1.072502529,1.046929314,0.237766863,0.13860622,989.687016,1052.785338,177.1886625,219.6475021,3.754149498,1.111660759,0.823495511,0.277979205,0.104559665
2583,1,1,49,19,,,1.163187644,1.194138862,2.620035346,360.9726327,-1.405971862,-29.22484904,1.824555287,0.457069929,1.098974896,1.047705327,0.112518484,0.091059686,942.0330347,970.4980467,325.7816498,181.7418281,3.574918959,1.085522326,0.961655152,0.185217607,0.130832613
2584,1,2,49,20,,,1.149551769,1.205978765,2.687209102,369.2135062,0.206519599,-8.023048662,3.360931622,-0.989986665,1.080565758,1.016717454,0.310017534,0.081033918,1019.611196,959.054067,262.9487695,130.5376573,2.8764669,1.086734867,1.049019094,0.174042693,0.114048358
2585,1,1,49,21,,,1.206784372,1.175334007,2.552601228,294.4001123,0.272248239,-18.94560244,1.191182561,0.041845506,1.021635753,1.07412272,0.1565749,0.036498916,903.9762088,917.3594611,193.4752931,331.0394898,2.719322522,1.008612405,0.948512436,0.132764171,0.107531175
2586,1,2,49,22,,,1.211695359,1.195391927,2.626277585,252.3023893,0.795620375,-9.574624607,4.866979015,0.749485545,1.120704103,1.058145272,0.184005316,0.102380225,981.5499281,879.4418926,229.5403076,252.472717,4.177925383,1.112594511,1.028204909,0.249660184,0.095442733
2587,9,1,49,23,Fails: T4.1,,1.194094774,1.211439122,2.583877284,468.4548331,-1.098006257,-25.71604974,-1.304294612,0.40103697,1.055023053,1.206257674,0.160392451,0.077279742,929.4832099,858.4230491,400.4981881,299.9884968,4.286242828,1.113414158,0.953867079,0.206494481,0.130550627
2588,1,2,49,24,,,1.21506832,1.184452788,2.584206948,415.3918432,1.089435444,-35.38335004,-0.598019814,-0.342471556,1.054334238,1.03910511,0.162705782,0.166070179,965.564497,826.800849,275.8122272,284.5619655,1.78730213,1.16776177,1.094503126,0.226897372,0.155201591
2589,9,1,49,25,Fails: T7.0,,1.168364503,1.204330848,2.495455994,248.0687669,-1.060917447,-44.6692943,-0.168212642,-1.00611518,1.030467959,0.943374594,0.147436459,0.111828334,947.7405763,814.0949451,306.1060266,240.1687993,3.453097825,1.202995255,0.992868345,0.143259613,0.136766481
2590,1,2,49,26,,,1.181498234,1.179255418,2.656024178,175.3544076,0.037759432,-4.53470661,-2.273292502,0.486821224,1.028375179,0.999766224,0.272080126,0.217788836,965.1925112,825.2285733,196.2006835,118.7895323,3.639510137,1.086183691,0.936136583,0.233624187,0.124651112
2591,1,1,49,27,,,1.208559545,1.19317875,2.509383182,224.9156567,-0.295479266,-39.40065357,0.945050883,-0.635703166,1.123791326,1.15878623,0.182334089,0.132234972,894.1009845,788.1201845,178.1630666,189.0120385,3.177767597,1.075810578,1.01747629,0.175829334,0.104895973
2592,1,2,49,28,,,1.234973121,1.226327282,2.636942312,326.2609806,1.076115806,-26.40357834,2.55628391,-0.619635017,0.975219711,1.009216367,0.317716772,0.06093944,1051.383978,873.3080653,212.0253078,260.8184926,2.070881081,1.130111338,0.979384789,0.174385448,0.123243002
2593,1,1,49,29,,,1.195692527,1.214702653,2.554236127,261.3393048,0.466627709,-15.50156873,6.903908021,-0.377517095,1.037135132,1.010141685,0.19868386,0.05292774,954.0414545,988.3722368,40.5893031,121.926637,3.431564787,1.115750109,1.017190024,0.226580024,0.200745211
2594,1,2,49,30,,,1.210974939,1.17985117,2.604047699,252.738387,-0.339442647,-17.81682622,0.933323299,0.74254443,1.13345054,1.004633514,0.237367626,0.086343972,953.1585252,975.0675833,191.6000258,275.9578607,4.513131635,1.057951904,1.064805851,0.214787959,0.111355811
2595,1,1,49,31,,,1.19468698,1.208821736,2.637733555,237.9612221,0.056029651,-27.34370348,4.513494486,-0.017303374,1.049205071,1.071367347,0.20704885,0.088350884,958.8571135,872.2716896,151.7987806,326.1362368,3.167637127,1.028971277,0.866236142,0.20658107,0.194414294
2596,9,2,49,32,Fails: T7.3,,1.170312994,1.208779562,2.597166968,315.7407802,-0.331539844,-19.64034519,5.121145992,0.531934732,1.089677047,0.973753086,0.209887623,0.111089553,981.0748912,979.4032353,300.2060411,285.4698405,3.655159836,1.038537855,1.013335576,0.228086772,0.245700556
2597,1,1,49,33,,,1.191921717,1.228218105,2.581065833,406.0130115,-0.77459558,-30.81793043,-1.147629437,0.722199312,1.072200605,1.122775658,0.171003507,0.094108417,974.9389613,867.0939229,217.6351745,120.8057963,2.989901559,1.011396614,1.130138779,0.160124346,0.12490542
2598,1,2,49,34,,,1.199529016,1.172621538,2.576816865,369.7974356,-0.269306934,-8.278255918,1.608303598,-0.736475626,1.042820932,1.078702284,0.163587458,0.111323615,1037.385962,727.5459488,297.1154421,266.0523675,2.751467737,1.063542557,0.910835734,0.309765569,0.107186139
2599,1,1,49,35,,,1.213024181,1.208967695,2.552885532,369.996296,-0.71227821,-9.803679621,-2.278636292,0.155137255,1.055013061,0.945843909,0.201818436,0.084995766,871.2594162,717.5346822,120.7718583,271.0773287,3.551219947,1.050569643,0.96591832,0.315523187,0.122192701
2600,1,2,49,36,,,1.195017819,1.176003115,2.642355872,376.312711,-0.561202317,-19.68114974,2.915017787,-0.160631864,1.059670703,1.066705807,0.118492577,0.167632478,991.2752849,886.7099678,207.1922854,203.5013731,2.218617973,1.083222812,1.065993295,0.054681075,0.121655051
2601,1,1,49,37,,,1.190850225,1.219946409,2.596771082,326.5776032,-0.509107623,-8.903625959,3.980521269,-0.441745633,1.005787773,1.057821575,0.190619038,0.096476772,1045.018194,1059.151904,140.6240898,264.5282241,4.50181821,1.075947023,1.089503199,0.225826723,0.10957502
2602,1,2,49,38,,,1.193301281,1.239450344,2.595825079,298.842615,-0.885960463,-26.17425155,3.034235043,-0.081483133,1.013177632,1.086997116,0.135952841,0.118362501,926.7303103,980.8118346,154.5512402,301.5450879,4.375764971,1.061996287,1.015796064,0.162752155,0.149774858
2603,1,1,49,39,,,1.173927834,1.228712742,2.603957502,375.174616,-0.053922878,2.464343078,1.00823728,-0.55542028,1.046436731,1.016071224,0.27930184,0.075217781,933.3983912,939.3842209,134.3745999,164.9934256,3.724090696,1.07221908,0.944190175,0.155242076,0.092893467
2604,1,2,49,40,,,1.208282793,1.195542709,2.715257225,376.1355418,0.56584082,-25.53016757,0.820910706,-0.669078043,1.143325726,0.935035481,0.157525394,0.061415637,1034.419326,1068.692084,147.271205,156.7494823,2.221092094,1.143952457,1.07740407,0.198465117,0.099304674
2605,1,1,49,41,,,1.172003309,1.245213331,2.651315619,218.0224867,-0.80121732,-21.69225178,-5.086415984,0.229407925,1.145943684,0.972046137,0.20985939,0.11877492,787.9026758,784.0340064,145.4070404,288.4153383,3.615635614,1.06937475,0.967109433,0.193163679,0.213344194
2606,1,2,49,42,,,1.145107736,1.193541461,2.576015475,208.2873146,0.416106991,8.501402654,0.805060105,-0.580777509,1.076947251,1.022345315,0.235030155,0.099127975,1114.594365,983.3762373,110.266121,56.62629045,3.791408871,1.042647959,1.010334526,0.222481213,0.157201498
2607,1,1,49,43,,,1.181595048,1.2281425,2.475293607,197.6616369,0.274255989,-27.15495829,-3.326965905,-1.323688992,1.047592948,0.904903528,0.220230334,0.128292982,769.0921746,781.0607378,315.9362193,219.2110514,5.128681202,1.075040028,0.943689239,0.199512083,0.184034418
2608,1,2,49,44,,,1.201719215,1.166150787,2.61368491,271.1458323,-0.048639001,-4.06399043,0.626017141,-0.822982702,1.149651997,0.976625224,0.197421344,0.072013504,993.2877329,957.3922523,27.57700958,123.2651764,2.183587886,1.09046977,1.01962034,0.244075066,0.091827286
2609,9,1,49,45,Fails: T7.1,,1.185156682,1.24590442,2.600681833,399.1177531,-0.539471708,-7.599679765,0.137815936,-1.400875712,1.104811585,1.023007546,0.152780432,0.118560229,1048.416919,964.4428331,280.5348296,339.3058656,4.396332047,1.085104374,1.200099993,0.194799902,0.13736029
2610,1,2,49,46,,,1.231198872,1.193603572,2.64459181,182.426067,0.362049178,-18.91923389,0.877707445,0.273539105,1.030133848,1.047178783,0.171835568,0.100867815,802.7523084,826.2052664,269.9566378,241.8082964,3.306900522,1.099197207,1.013643766,0.201348905,0.15145667
2611,9,1,49,47,Fails: T6.0,,1.202202188,1.217027513,2.664823215,344.7407214,-0.320015585,-39.87871953,5.191109065,-1.03268674,1.041996928,1.08599607,0.234548333,0.036309364,959.3029924,1072.1006,263.0463726,280.821976,0.895188761,1.072743316,1.098866081,0.330939232,0.118892649
2612,1,2,49,48,,,1.185135582,1.220009388,2.601443614,288.6030551,-0.045338456,-31.12427991,1.417724585,-0.897119045,1.056568984,0.993329225,0.09239395,0.046915452,930.8655022,840.0739007,180.6940108,256.9304877,4.36910815,1.070896423,1.030633484,0.092452819,0.137456107
2613,1,1,49,49,,,1.185950465,1.192409013,2.566091085,248.4737886,-0.014191916,-30.73821209,2.3253487,-0.316158787,1.059552623,1.11680547,0.221031186,0.100244023,884.1012315,1093.747134,414.1406976,220.2318767,2.748258876,1.026045459,0.949568599,0.160197344,0.194883038
2614,1,2,49,50,,,1.204266161,1.187048588,2.515538066,348.3348866,0.587154925,-32.24990988,1.699259977,-1.52998061,1.077652682,1.054853788,0.20140944,0.130708615,1021.177865,861.5101925,269.3561857,283.6637913,3.470975336,1.035634776,1.017889061,0.137000691,0.196182502
2615,1,1,49,51,,,1.195022085,1.208055278,2.601251071,435.775954,0.979135733,-18.58441612,1.932326911,0.241674441,1.060839248,0.980299153,0.130559711,0.075685326,961.972493,1013.288286,161.0746949,283.9840822,4.486268631,1.140924438,1.034937236,0.14368556,0.114610049
2616,1,2,49,52,,,1.160294234,1.203294913,2.575488098,236.4479514,0.222305033,-15.71707192,1.12425449,-0.778865002,1.117377991,0.980716839,0.250667901,0.084429091,889.0372391,762.3251147,190.1469558,277.0812899,3.779216633,1.054288014,0.973142851,0.197835079,0.118853105
2617,1,1,49,53,,,1.186600012,1.193172179,2.592173288,375.5909625,-0.434231723,-0.370240874,1.6962833,-0.049781668,1.122056898,0.987849758,0.23376033,0.087808727,895.0131067,799.6947612,359.3974303,219.0406185,4.590260024,1.061026894,1.013943035,0.256575779,0.107544139
2618,1,2,49,54,,,1.177911369,1.217082813,2.553783255,277.4589824,-0.015734097,-16.56316258,2.249417305,-0.536408715,1.141246529,1.009324361,0.170757437,0.080449362,865.3632222,929.2412691,259.4448675,340.4599002,3.306127993,1.07468632,1.000039846,0.127992405,0.094044841
2619,1,1,49,55,,,1.189994822,1.195939614,2.453729029,211.6667811,0.190501397,-25.14311518,1.877347487,-0.519220669,1.066943003,0.967327678,0.193825425,0.149948773,917.0676395,932.5256769,81.24680922,335.0311822,4.376034163,1.069910763,0.996871612,0.234962985,0.212713679
2620,1,2,49,56,,,1.201232292,1.200982358,2.577745431,171.7050184,-0.930574522,-28.5700141,4.434864657,0.535415542,1.062637818,1.031641729,0.118297996,0.132460974,992.5510372,789.1694416,263.0082125,104.3978321,2.759629854,1.052465334,0.985629708,0.212312857,0.110870722
2621,1,1,49,57,,,1.184695496,1.225490159,2.709062781,312.1973037,0.2726392,-29.38699226,-0.92661157,-0.308616105,1.07238548,1.050023312,0.27139021,0.188495197,1024.48713,769.8308183,100.6645287,279.9749594,3.734053922,1.101003425,0.947288186,0.342719286,0.079886728
2622,1,2,49,58,,,1.245968409,1.200776802,2.626397298,337.3717354,0.410086633,-28.38161364,2.319579629,-0.527912403,1.05752996,0.985088885,0.215835692,0.141041191,1029.535863,906.1076331,153.8235674,390.013995,1.973173467,1.11044139,1.102620911,0.154860166,0.15419712
2623,1,1,49,59,,,1.205729853,1.215492588,2.572999495,482.8135791,0.2371228,-10.89892764,4.707834859,-0.696499724,1.093453837,1.043573025,0.195227589,0.153703046,871.3102829,910.0811476,356.5164308,333.3669285,3.321031122,1.027693933,1.045345819,0.135415044,0.124414607
2624,1,2,49,60,,,1.165889441,1.197081388,2.567874867,390.2600635,-0.15232697,-4.374846748,-1.050308748,-0.678757413,1.065813709,0.924410824,0.131407081,0.087702376,868.1320186,808.3090182,218.3756465,96.64018373,4.174972651,1.091809923,0.983087878,0.237116454,0.112074828
2625,1,1,49,61,,,1.169499437,1.204728754,2.616417388,195.4620024,-0.098126561,-34.92187038,4.774008509,-0.249537007,1.100211622,1.020236466,0.202267291,0.126748383,995.8156673,912.6043639,158.2466842,256.5597488,1.803206071,1.060963491,1.01677262,0.178802525,0.104019011
2626,1,2,49,62,,,1.191786914,1.254946444,2.601800927,285.0457603,-0.301258184,-17.90089385,4.666634213,-0.190262136,1.019413356,1.042370359,0.191806049,0.14587051,1071.560032,794.0441938,270.2981142,314.1907402,3.286898363,1.085884466,0.987622828,0.213066116,0.066467623
2627,1,1,49,63,,,1.237735357,1.197195554,2.492929005,289.662734,-0.526804807,-19.57383927,2.512607304,-0.793134112,1.108997527,0.95968179,0.171489987,0.16652098,1096.851443,893.2046851,167.5334236,227.1745562,5.473156633,1.156128056,1.068395385,0.227737779,0.150158736
2628,1,2,49,64,,,1.189339861,1.232596959,2.520409685,174.0508179,0.480598542,-22.44476004,4.159976136,0.584016202,1.07032187,0.989264713,0.176741169,0.11475637,888.2254473,946.7163691,10.29029393,250.1265603,4.436464415,1.106650178,0.906876293,0.229534073,0.145679392
2629,1,1,50,6,,,1.183668113,1.235207333,2.550138869,404.9726812,-1.032590051,-26.84161361,0.62237181,-0.349671786,1.02835443,0.966150239,0.213812985,0.124875314,1013.597965,958.7240451,170.8546307,319.371215,2.906352851,1.12338532,1.045914198,0.202980433,0.104913569
2630,9,2,50,7,Fails: T5.2,,1.213394216,1.2009446,2.635115776,283.0200553,-0.45133904,-12.35136907,3.447103523,-0.541779489,1.095054342,1.107054071,0.126879079,0.141577354,883.1085919,973.5214535,-97.69751042,277.5074242,4.375940475,1.074382593,1.035135291,0.172858855,0.138501214
2631,1,1,50,8,,,1.14354364,1.207365501,2.672415812,222.102961,-0.09607395,-24.63051218,2.862600788,-0.719905257,1.088297854,0.985381167,0.286997465,0.021866356,922.2645569,892.359636,258.3663999,206.5038011,3.000917392,1.048049607,1.028236662,0.250138506,0.056664239
2632,1,2,50,9,,,1.187557966,1.208783996,2.587256934,400.2641731,-0.818317599,-24.25581872,-2.519871796,-0.341646446,1.041232789,0.968078554,0.247488859,0.172270807,925.3641225,917.9382098,246.9707103,154.9593792,3.706633826,1.090091465,1.029265358,0.236854643,0.128199437
2633,9,1,50,10,Fails: T5.1,,1.200091359,1.225414525,2.632396579,309.321834,-0.396895575,-1.970491286,3.350333124,0.031902656,1.098500308,1.030624848,0.143296584,0.127007616,921.4107659,657.0436993,198.153809,207.2495848,5.54581168,1.041304089,1.055465736,0.085455613,0.091041122
2634,1,2,50,11,,,1.191036673,1.218895194,2.53730954,198.8761701,0.390053497,-28.28473226,3.121471164,-0.156292214,1.06104226,0.855422233,0.143981213,0.100343457,948.0201578,1076.882981,216.15765,271.1867462,2.197951133,1.047069376,0.903346475,0.259207351,0.037296848
2635,1,1,50,12,,,1.206894756,1.193734567,2.584560079,228.8016466,-0.584046021,-18.7639432,-1.859438681,-0.928652972,1.038904201,1.022903965,0.269751981,0.100285318,1113.530113,837.4859093,194.6254927,227.6195948,2.722855434,1.077472962,1.015587037,0.312321967,0.152991909
2636,1,2,50,13,,,1.212658739,1.210973598,2.450909928,292.2348403,-1.15465476,-23.3156326,0.773183146,-0.147054297,1.126923694,1.063363438,0.146134016,0.064846061,958.5078725,914.1624744,159.0077618,231.1675221,3.660617494,1.047697845,0.976597079,0.218751564,0.075389852
2637,1,1,50,14,,,1.187903279,1.231019664,2.567229773,381.8710763,-0.397805126,-15.19688811,5.547185173,0.002478336,1.091789991,0.975487731,0.179910184,0.046131197,1064.668658,889.5336153,264.7871456,474.8148437,4.042450996,1.093444241,1.038968265,0.195536725,0.176062847
2638,1,2,50,15,,,1.209756298,1.193486928,2.695292329,334.2805,-0.401939873,-31.3940588,2.650618147,-1.164407463,1.127501987,1.023755856,0.218354132,0.156283754,876.4309879,830.6882045,290.019718,185.5670497,4.861388209,1.097683591,0.960689122,0.305361634,0.10101695
2639,1,1,50,16,,,1.185239531,1.226861591,2.581160227,375.6966067,0.34016672,-22.32973868,3.751546298,-0.293699554,1.091219955,1.075809341,0.301311443,0.192769869,878.5593819,843.0346527,201.0828946,280.6449966,5.2758848,1.011806226,1.017951856,0.076584414,0.139807815
2640,9,2,50,17,Fails: T4.2,,1.185912577,1.182315758,2.67018548,123.3455292,-0.129272474,-22.879147,2.781162279,-0.342188054,1.075649906,1.018191766,0.363614462,0.130677168,958.4507156,852.70464,188.0667969,310.9635645,3.73464453,1.037054042,0.925349981,0.201372475,0.172547077
2641,1,1,50,18,,,1.174790131,1.215447422,2.539851086,302.477222,0.749395733,-34.12485888,0.465876632,-0.231338842,1.011837673,0.997148402,0.123138742,0.115515355,981.0459024,1013.879518,262.9450596,307.2681045,3.675176442,1.047092666,1.00747986,0.207758864,0.182164485
2642,1,2,50,19,,,1.20889698,1.222625005,2.652747736,259.6477736,-1.370118907,-42.59508721,-1.27951768,-0.672058229,1.017632531,0.931061386,0.234556384,0.100122229,1004.870865,857.4059393,302.0141475,270.6129265,2.824806536,1.126151538,0.932483345,0.266077624,0.106480276
2643,1,1,50,20,,,1.177866126,1.202756637,2.503365232,300.089813,0.158287233,-25.85288541,0.764998908,0.2305833,1.102026311,1.066071063,0.237331499,0.123413123,1070.337425,829.6746366,237.4596455,171.5619092,4.577858419,1.067813974,0.945192044,0.148910404,0.205237833
2644,9,2,50,21,Fails: T5.0,,1.166342705,1.215591862,2.645488168,200.0896771,0.07051547,-18.08007021,1.170998375,-1.173137972,1.113143187,1.020857838,0.182905077,0.185595991,679.864695,902.7421683,251.1503554,260.5058708,1.358994052,1.087661615,0.994933322,0.124662928,0.144631027
2645,9,1,50,22,Fails: T2.0,,1.21701029,1.200800693,2.592123787,647.0348438,-0.754913193,-23.50609,-0.580391847,0.228073916,1.06342077,1.092154386,0.212619891,0.082850271,954.5119465,907.3027103,91.71517814,308.8219874,4.573360401,1.114717154,1.061270967,0.163274427,0.149996186
2646,1,2,50,23,,,1.201211328,1.180290189,2.660530393,352.7287903,-0.36560123,-8.376716478,-0.487705809,-0.966851809,1.052554781,1.144703843,0.177656815,0.128549637,923.7913789,858.3052325,167.9325215,169.8957996,4.741987835,1.075615026,1.065171623,0.175592576,0.052490935
2647,1,1,50,24,,,1.173134318,1.234856115,2.554454937,147.3704891,-0.865125762,-12.91888128,1.399612903,-0.213833756,1.110501415,1.01573073,0.117189877,0.085018037,991.8470475,984.5075012,237.002849,312.8505617,3.049590174,1.065905725,1.07177682,0.172657724,0.136056494
2648,1,2,50,25,,,1.214798519,1.204421622,2.573985655,381.8672102,-0.255910149,-24.74239144,2.809579223,-0.358555676,1.040891434,0.967443263,0.214535184,0.117693846,949.236584,863.227016,159.0464608,296.1867206,4.359537674,1.055484885,0.981823657,0.151525117,0.179777188
2649,1,1,50,26,,,1.206790239,1.196321823,2.568804677,440.3372153,-1.333975768,-22.44213017,0.407999461,-0.740807986,1.04764951,0.94842579,0.28349514,0.150702493,1008.212237,909.8419182,185.0759581,339.0800916,4.477815399,1.051242481,1.009416253,0.236551224,0.187072504
2650,1,2,50,27,,,1.180670746,1.190975318,2.633753022,224.358343,0.222287373,-23.05833864,5.972476106,0.025721122,1.073339872,1.008641168,0.277607112,0.135772156,1001.551169,884.2175861,65.09744641,210.8877115,4.186397372,1.078864644,0.983267091,0.215750011,0.16246315
2651,1,1,50,28,,,1.175862091,1.197600358,2.629072135,429.7570322,0.446315291,-18.01471968,-1.741043098,-0.950629279,1.070489666,1.021596968,0.243414085,0.1604253,967.9902835,961.0701356,187.1944799,283.9431972,3.592569901,1.092220964,0.90911021,0.22618113,0.142781813
2652,1,2,50,29,,,1.188020512,1.190521123,2.496079513,463.9310783,0.287108492,-38.78697415,3.236565254,-0.489227401,1.000207385,1.004994235,0.336796975,0.154323835,1069.924368,1023.043685,288.4736224,299.126834,4.873231361,1.062648601,0.905803972,0.254408901,0.099902023
2653,1,1,50,30,,,1.22293631,1.204012367,2.453673545,292.0824558,-0.244998015,-19.94614861,-0.725230381,-0.294232836,1.099754792,1.059164943,0.20187475,0.176786059,1037.01301,812.9040991,311.5878393,250.1897257,4.147217934,1.06601712,1.033676554,0.206214868,0.138505856
2654,9,2,50,31,Fails: T4.0,,1.178631262,1.223565807,2.550471948,373.286858,-0.047866257,-12.79219067,3.038376102,0.28027332,0.952522786,1.062755746,0.170197907,0.17816586,857.4429166,843.9636711,237.5250269,384.2286465,4.115048989,1.106652243,1.015549524,0.245326189,0.180537909
2655,1,1,50,32,,,1.188033353,1.226834305,2.503386195,446.1879078,0.112380833,-25.9668968,-4.995043343,0.628052671,1.009539235,0.945933014,0.188723448,0.04609966,1000.164349,922.2067148,220.8353312,289.4973067,3.207115072,1.131127604,1.014031611,0.226688221,0.138157952
2656,1,2,50,33,,,1.211223749,1.240050099,2.552126263,547.6930988,-0.393169922,-5.379047306,3.551709376,-0.779364516,1.075845165,0.956362707,0.193820324,0.092361094,1003.26772,873.1927644,216.5742462,196.7264101,4.558147039,1.152711842,1.024349046,0.236872537,0.196076686
2657,1,1,50,34,,,1.183611122,1.211543577,2.56402936,329.4578473,0.127970132,-3.674435104,2.086764188,0.523011682,1.028301329,1.077721986,0.088079965,0.063221091,858.2631626,816.2566974,237.4319369,95.53591589,3.885242153,1.052682009,0.978542982,0.156267633,0.157674606
2658,1,2,50,35,,,1.171233053,1.217131384,2.660227683,356.6852638,-0.337282669,-20.33656574,0.069787744,0.863135686,1.067001034,1.05210857,0.155419577,0.064189105,894.0248694,961.1842633,228.66959,175.8095092,3.162088197,1.07544801,1.044444647,0.188547816,0.143758547
2659,1,1,50,36,,,1.197331246,1.205696592,2.675878642,203.4686855,-0.070654028,-26.23835397,-0.409157277,-0.230316651,1.093464126,1.102845697,0.095182091,0.109812005,1094.353967,870.5604242,61.62631857,301.9518587,4.252652702,1.005653955,1.061913042,0.175507514,0.132015435
2660,1,2,50,37,,,1.220002705,1.246506206,2.724396444,285.3829017,-0.703051112,-22.73035022,-2.289611558,-0.209234028,1.019505664,1.086907111,0.163420107,0.115324757,925.4138354,781.0252198,119.5280093,449.1079114,4.954093784,1.089458096,0.925751168,0.129995184,0.110684909
2661,1,1,50,38,,,1.230843438,1.256500554,2.551921193,220.1429701,0.03853399,-6.675437382,2.965758213,0.328239775,1.077009436,0.970405174,0.122855097,0.107261563,981.0472523,945.1924315,101.0830141,242.5019621,2.742723921,1.07509738,1.003154673,0.153842268,0.149053504
2662,1,2,50,39,,,1.163281187,1.2226431,2.633996483,352.0393187,0.066883539,-21.46163163,-2.85852818,0.291626018,1.014961235,0.937848538,0.262396032,0.069400201,1169.603626,799.9701013,312.8086938,271.068453,4.374517059,1.123406568,0.975946759,0.182244818,0.091846862
2663,1,1,50,40,,,1.149742004,1.186787034,2.567028526,436.78446,-0.033355119,-34.21263941,-0.987929381,-0.597222347,1.145645143,1.062684611,0.195003553,0.13476252,821.0230005,965.6872758,107.7365582,185.3221738,5.327732144,1.029766387,0.951407609,0.174245006,0.086757343
2664,1,2,50,41,,,1.210613556,1.185598742,2.578025839,319.2129655,-0.315035871,-12.01490548,-0.01606557,-0.542554386,1.083851654,0.968687117,0.273653296,0.129655452,917.588776,850.4281635,343.2364283,154.0777022,4.524585872,1.127844501,1.057593338,0.243820041,0.196658371
2665,1,1,50,42,,,1.181933264,1.228177607,2.692112765,335.0428169,-0.598728641,-11.6464657,6.156942075,-0.216709097,1.045204311,1.144280243,0.111369079,0.110912925,852.7965273,964.0332571,133.4012857,405.8666353,3.021490841,1.007486088,0.881057367,0.140206175,0.100815705
2666,1,2,50,43,,,1.197042197,1.205044698,2.58152,152.9909622,0.273147792,-25.16385793,0.087236472,0.506071175,1.020893324,1.006011059,0.157669481,0.062631632,937.5658975,881.0115978,78.93251433,193.8844912,2.541979744,1.014556594,1.019162143,0.21154738,0.13346971
2667,1,1,50,44,,,1.181093194,1.167797439,2.548333349,499.6476344,-0.784518959,-31.93590926,1.286639243,-0.055714475,1.096969387,1.092488222,0.182167945,0.145648923,942.2803652,960.1866267,299.8495929,384.4167572,1.673134924,1.128010385,0.985969545,0.257763356,0.180086664
2668,1,2,50,45,,,1.184494348,1.229151324,2.54949982,461.2475432,-0.696315064,-21.45527867,6.277879931,-0.065375467,1.088620423,1.069117352,0.150406054,0.104430713,1053.163827,801.7134812,212.0582642,313.3350454,3.386355286,1.092920891,0.971398431,0.171765547,0.150505206
2669,1,1,50,46,,,1.213024513,1.183927544,2.584718847,293.5814399,-0.005261906,-14.96283968,0.833651081,0.289312344,1.130399709,1.039479661,0.199031548,0.110470137,975.5828088,876.8214728,220.2952371,298.0216399,3.085764339,1.006104311,0.948981337,0.263423685,0.1507999
2670,1,2,50,47,,,1.217348574,1.215287008,2.620049494,242.7349684,-0.764202521,-29.74778966,0.071792198,-0.588575705,1.043389839,1.086798089,0.223435311,0.20833051,1019.674364,930.68473,153.0914598,200.5022336,4.982506112,1.034177392,1.094691644,0.278343368,0.098787529
2671,1,1,50,48,,,1.151675007,1.195398349,2.513864826,494.2249225,-0.218731201,-30.22283411,-1.443402399,0.163621007,1.070692312,1.026591367,0.221962722,0.169065048,1074.203619,978.5255662,103.9767628,270.5571935,2.492175316,1.029776318,1.032589725,0.150497327,0.113321084
2672,1,2,50,49,,,1.192876522,1.242837452,2.632354676,384.5945073,-0.916646165,-1.785197442,3.630277906,0.093392815,1.049983902,1.005445014,0.190785762,0.01631334,906.4280196,936.718225,429.4299511,98.54004186,3.321100556,1.142571889,1.040970769,0.272881311,0.230120893
2673,1,1,50,50,,,1.198436038,1.229956804,2.513823789,334.531537,0.058885505,-15.13868021,4.21250601,0.061012187,1.092967649,1.026752236,0.116713786,0.113708309,874.4902995,788.0375796,238.0412943,290.8217818,4.376002671,1.106096175,0.870472127,0.162597042,0.127694207
2674,1,2,50,51,,,1.193514145,1.221862755,2.605951246,283.1309011,-0.112741097,-37.69749716,0.394573833,-0.731498309,1.004446066,1.034991271,0.158127862,0.105346405,968.359004,878.8008687,229.594156,233.2046858,3.850991628,1.067332824,0.969710379,0.167796774,0.099086696
2675,1,1,50,52,,,1.156502423,1.20649495,2.61800706,328.4716504,-0.415605799,-25.22283063,-3.2221747,-0.322402396,1.108779869,1.053367236,0.291144728,0.103529886,1045.668374,1076.277495,241.3477329,269.8847514,2.87571908,1.053529603,1.016836788,0.119813574,0.090393863
2676,9,2,50,53,Fails: T6.0,,1.183544113,1.190308118,2.561216968,479.7983667,-0.814039278,-12.19917686,-0.820764912,-0.155417125,1.022000053,1.169127607,0.144290072,0.175747191,847.2234694,969.091898,340.4432337,331.582544,0.749641376,1.020676476,1.130580399,0.174904452,0.108739125
2677,1,1,50,54,,,1.160730102,1.224115543,2.491600849,359.8168668,0.782096381,-2.731533138,1.489057828,-0.181105733,1.03670542,1.012877934,0.192980118,0.111559355,1113.376592,908.7731158,279.2770914,281.3893727,4.050534544,0.99889843,0.96851684,0.185729348,0.145065419
2678,1,2,50,55,,,1.194144746,1.194905674,2.47135379,245.9888033,-1.709346614,-25.82855734,3.311825649,-0.345440483,1.140106941,1.085688652,0.159016116,0.114804267,1010.426413,899.9326311,153.5540455,314.6691485,3.885319805,1.107628352,0.999410821,0.10912085,0.165137005
2679,1,1,50,56,,,1.201508885,1.225453601,2.547125571,240.676433,-0.470730899,-42.45618206,1.35866748,-0.933429261,1.077749646,1.089605891,0.294727771,0.122083869,999.7465443,817.343662,332.4212495,292.6036955,4.450286024,1.051352321,1.024834377,0.154045219,0.150204642
2680,1,2,50,57,,,1.230773261,1.198767992,2.568660332,318.7507333,0.468981568,-18.11569093,0.740534703,-0.669146624,1.089517962,0.965140542,0.230224907,0.099307714,938.4042955,817.7387045,187.3119527,277.8292735,2.984357154,1.076787182,1.058905165,0.24496911,0.11902741
2681,1,1,50,58,,,1.203554318,1.208875925,2.528926082,260.5008354,-0.406731244,-4.580305301,-1.188519751,-0.663403875,1.059600793,1.023077974,0.248082088,0.108593032,935.8307784,1004.40269,174.7104515,338.3187424,2.928582306,1.026525265,0.965186358,0.188949262,0.086977943
2682,1,2,50,59,,,1.171640532,1.25139183,2.514437575,218.4045466,0.282570586,-21.95837973,-0.948569191,-1.761526988,0.992011028,0.928826602,0.228245555,0.019782689,846.9414348,933.5203265,194.6251883,325.47076,2.855072008,1.048853601,1.073194392,0.157673281,0.111009895
2683,1,1,50,60,,,1.215281333,1.202459289,2.522125018,217.7435304,-0.658185841,-22.10356691,-0.943785678,-0.13903546,1.051998424,1.035935202,0.180522688,0.159374071,937.8051172,873.0862042,316.1539925,227.2741314,4.456948443,1.019231841,0.977015284,0.241296921,0.116704015
2684,1,2,50,61,,,1.215567446,1.224132216,2.640052808,260.2759259,-0.334167425,-10.89339463,1.181424838,-1.639826619,0.973691335,0.972465456,0.164015851,0.144162176,1123.484429,975.4429712,246.7368476,261.6992652,3.491063483,1.139567713,0.964086571,0.112691284,0.136717871
2685,1,1,50,62,,,1.170676929,1.196314276,2.657141315,370.9486379,0.365682587,-25.71764639,4.916798162,0.582787866,1.100210334,1.063160796,0.301235969,0.073211902,919.1929157,843.3243347,234.3780319,239.2118783,4.310698422,1.107482783,0.909623596,0.158204169,0.229001025
2686,1,2,50,63,,,1.203349344,1.216736023,2.596349794,402.6373774,-0.025468032,-27.19372592,4.340763139,-0.596230617,1.101727231,0.946669835,0.23891736,0.197121464,1088.415459,853.2519927,142.8845625,162.1285262,4.21007659,1.078712609,0.933433774,0.224078505,0.137515628
2687,1,1,50,64,,,1.168577738,1.172124651,2.542309176,433.1684546,-1.432012081,-14.65722896,3.709104513,-1.478159167,1.091218688,1.032814689,0.207308184,0.170235592,910.9618507,877.6610703,217.6938002,126.8550441,3.988944932,1.091023784,0.993647893,0.264647665,0.114631402
2688,1,2,51,7,,,1.196716748,1.249067947,2.670499179,441.4405653,-0.972742771,-8.108493502,2.869541705,-0.362632419,1.073269065,0.991588492,0.077670316,0.150192997,967.8425846,865.3868489,299.8301202,278.0131352,3.362255096,1.104143617,0.946909589,0.132784319,0.115949464
2689,1,1,51,8,,,1.187285103,1.179835831,2.569568938,358.4769687,-0.068134849,-9.851218228,1.999636663,-0.794269984,1.092774067,1.056030647,0.349739489,0.086565803,900.743512,912.0504473,17.01210792,321.2083685,2.832333262,1.16122221,0.919103038,0.24822676,0.096143718
2690,1,2,51,9,,,1.218734834,1.219555134,2.582604963,215.120453,-0.324478191,-5.524038397,-1.227806711,-0.313093168,1.096243021,1.064632519,0.225441312,0.038373409,858.1817623,764.820028,284.8525991,365.3967237,4.160326184,1.088790242,0.919679878,0.236716147,0.128256856
2691,1,1,51,10,,,1.17761992,1.216755581,2.455539221,236.1154148,0.054874611,-21.61855262,5.497132958,-0.790126868,1.047721764,1.054957749,0.122988493,0.158905754,1060.654557,879.6996628,217.9206438,184.1117,4.135166861,1.008539707,0.925924833,0.15826803,0.061090794
2692,1,2,51,11,,,1.172682863,1.213989893,2.585515002,380.0317521,-0.301247046,-24.91989866,2.059233119,-0.055604776,1.094734879,0.96020823,0.218311034,0.091901206,1078.107803,969.7248839,195.2699001,340.2147614,3.131299181,1.033461026,0.903573252,0.198172509,0.095833721
2693,1,1,51,12,,,1.186874318,1.23373142,2.450950382,371.1641199,-0.098589868,-6.774457705,3.155635893,-0.85334925,1.0986782,1.069445555,0.273090673,0.201355722,1014.738298,947.9110218,153.695654,341.4706282,4.504943271,1.085061462,0.934469808,0.213826963,0.103248646
2694,1,2,51,13,,,1.187600191,1.209213581,2.496732275,419.9741053,-0.086703123,-20.30562373,-2.238162662,-0.405163552,1.041983738,1.019729737,0.190410177,0.079775227,1170.752207,769.2919715,247.2612518,392.5936366,2.019077094,1.154747592,1.09402896,0.248563348,0.184507613
2695,1,1,51,14,,,1.180600109,1.186965815,2.59282382,315.7395256,-0.579002031,-1.868097584,-0.79484701,0.216322987,1.056705312,1.032138141,0.18408457,0.139989634,967.5112959,825.1186925,243.2815971,196.3179596,4.405937681,0.99034291,0.919263569,0.176507862,0.218023333
2696,1,2,51,15,,,1.212137285,1.196865556,2.424149184,257.7955293,-0.178936713,6.729593872,-3.40442192,-0.321080002,1.046205619,1.11776192,0.240133616,0.052476849,976.6121717,749.2051497,187.874274,221.7318692,3.01471759,1.180392898,1.058731655,0.280092319,0.068253479
2697,1,1,51,16,,,1.188341069,1.239503981,2.582296115,358.2873552,-1.016418229,-26.11635129,3.681898054,0.554373292,1.0222273,1.059838917,0.137423586,0.137678377,896.2906641,923.4191298,223.4312409,402.2870969,2.582171562,0.998624692,0.969764643,0.171320574,0.140131677
2698,1,2,51,17,,,1.210642918,1.214169644,2.559516192,207.6658226,-0.041544595,-6.510040187,1.442319292,0.118126083,0.993870537,1.07698908,0.186830214,0.091491585,935.9436885,920.7122335,70.93053482,337.0081096,4.972523576,1.069558226,0.924106926,0.110308338,0.224833722
2699,1,1,51,18,,,1.196952861,1.222433061,2.458178269,315.6855615,0.665671775,-21.12352434,-3.079924916,-0.84686694,1.088240327,1.085870712,0.073435766,0.13918073,906.1387141,891.3709953,118.0993194,202.1538566,3.2071723,1.093051859,1.010968185,0.179221261,0.158910548
2700,1,2,51,19,,,1.188262661,1.23012703,2.680800437,403.5889054,-0.433827785,-20.28844869,-1.701349388,0.114154214,1.070880704,1.002114405,0.224155809,0.133072255,910.4994475,847.3095694,254.4017798,172.7804442,2.906784544,1.04614556,1.100913878,0.225984712,0.096189039
2701,9,1,51,20,Fails: T4.1,,1.210043428,1.200909392,2.560312513,311.161214,-0.603985075,-16.97020703,7.809513453,-1.048483023,1.104468288,1.278198329,0.255858283,0.120805034,986.9677451,943.043365,293.4033621,246.8931146,3.62683825,1.062515033,1.011199989,0.159108329,0.078511474
2702,1,2,51,21,,,1.176260613,1.205510035,2.604800084,398.7974021,-0.297403888,-8.286862145,2.293886682,-0.513458432,1.081317104,1.010223003,0.161306645,0.13737643,878.4316295,814.5064894,332.8225364,270.1866517,6.360288827,1.028519293,0.898631978,0.223557566,0.182531738
2703,1,1,51,22,,,1.175173423,1.222472809,2.529726536,537.9742132,-0.498907272,-24.3069025,1.233879995,-1.078544394,1.046887657,0.954289756,0.124489159,0.114074535,1043.65503,960.8622609,251.4163491,323.7171438,3.341023982,1.088413588,1.042622216,0.328939829,0.236331035
2704,1,2,51,23,,,1.193023213,1.221150834,2.536975128,294.0823934,-0.978275356,-2.92021565,1.20950019,-1.445742021,1.132214525,0.987195118,0.220104488,0.152623753,970.3197875,819.344447,201.8695492,202.2690286,5.415601131,1.068931824,0.965058328,0.100099892,0.145031151
2705,1,1,51,24,,,1.220391568,1.183287799,2.597796331,344.9409119,-0.677335233,-13.52702736,1.162950913,-0.236083244,1.059562082,1.030613593,0.27060573,0.114916047,1002.285684,962.5989244,189.1503477,169.718189,1.352024081,1.125906948,1.036448797,0.006314126,0.168433402
2706,1,2,51,25,,,1.204675608,1.186291579,2.647241025,431.8999748,-0.656784024,-21.39167643,-4.190203474,-0.339879791,1.022711149,1.122114719,0.105056517,0.031835338,981.150301,908.5759405,162.2913365,182.4316991,3.856482269,1.04636335,1.087341177,0.280384537,0.169608178
2707,1,1,51,26,,,1.217881577,1.194316102,2.640047607,259.9810403,-0.806832772,-35.12034371,-3.206940938,-0.988198293,1.099694951,1.031116379,0.242848905,0.077100368,1023.756639,878.5636913,215.4610256,259.5475956,4.881270841,1.054967086,1.049618255,0.201485227,0.138546898
2708,9,2,51,27,Fails: T3.1,,1.200552617,1.203525425,2.554593123,369.4015159,-0.479182235,-51.10287329,2.451263284,0.551469291,1.09003224,1.071142891,0.261447642,0.163138078,1048.357536,820.51725,329.2955534,89.76445026,3.447595811,1.11782139,1.05064044,0.170622844,0.194442553
2709,1,1,51,28,,,1.189672864,1.170869741,2.545652419,307.5547696,0.874011302,-30.10358184,2.212457347,0.992623358,1.104627537,0.938594496,0.193438452,0.114606294,849.1521425,808.9347604,367.65816,315.0223395,4.05954691,1.045895887,0.960229715,0.078029943,0.095324564
2710,1,2,51,29,,,1.188703409,1.211323852,2.490660269,197.1307846,-0.502151669,-8.678443436,3.093852541,-1.353902027,1.112716656,1.020319584,0.22673851,0.187527032,976.8803416,756.1374397,147.5517724,203.9176966,5.52102011,1.064389193,1.075127815,0.209185771,0.123369869
2711,1,1,51,30,,,1.197264799,1.237950011,2.609550673,281.9182488,0.324515906,-30.79766811,3.962025307,-0.449274707,1.079760418,0.936242267,0.08643401,0.060772375,854.5235004,982.1142303,173.4844517,209.362635,5.856110684,1.062470303,0.915196395,0.236951513,0.134187263
2712,1,2,51,31,,,1.18695963,1.211274242,2.552078116,427.143577,-1.303972863,-3.415067283,2.157019759,-1.22050918,1.043438359,1.069389485,0.190453611,0.036928437,971.6451228,976.7850387,84.98495831,291.132207,2.986814158,1.106266265,0.8871981,0.132044207,0.176234856
2713,1,1,51,32,,,1.196207784,1.186330304,2.565716798,355.0649724,0.504744243,-10.61335956,4.409106415,-0.88964328,1.053507398,1.1461933,0.098919802,0.124549149,889.6260776,802.1995855,202.6203517,286.971306,2.814785636,1.055938453,1.121727932,0.108202213,0.100472847
2714,1,2,51,33,,,1.193969631,1.223153671,2.630851898,354.0499964,0.314725555,-20.1819201,1.5208,-0.323392294,1.025005159,1.019177206,0.245334013,0.137924815,976.2614248,899.4496708,231.9897661,238.5819439,3.523085477,1.048644285,0.983157555,0.159277287,0.12418677
2715,1,1,51,34,,,1.205370125,1.2123159,2.538263994,324.8421888,-0.034504683,-12.98423738,-1.085675562,0.203174721,1.042761018,1.068966745,0.315160466,0.120608342,1048.833038,819.4639038,288.4766859,263.31881,3.244734419,1.073468355,1.050478266,0.203301014,0.159347658
2716,1,2,51,35,,,1.215706999,1.219172612,2.67761211,269.4214537,0.009365501,-14.81152604,3.651725848,0.288543073,1.112805094,1.154649355,0.253842199,0.062788035,933.5044959,849.2727626,128.8393041,203.8075964,4.70906624,1.112878751,0.917351746,0.112095762,0.180346773
2717,1,1,51,36,,,1.202128446,1.228356065,2.490665326,348.9079177,-0.099760356,-42.12360338,0.906450464,-0.039298759,1.097973645,1.106577158,0.170921261,0.112089856,982.3647165,898.3157716,164.8707173,221.5690289,3.11138107,1.136120008,1.039763908,0.200682538,0.176892989
2718,1,2,51,37,,,1.184820618,1.232248508,2.510297372,235.6967964,-0.286121137,-16.07525433,-1.554658092,-0.432094656,1.101431175,1.106875395,0.27768724,0.112257142,1083.612562,712.4302288,381.3106728,300.8398213,4.186442605,1.046800182,1.035137101,0.199686259,0.137512744
2719,1,1,51,38,,,1.216205394,1.205383531,2.541986004,255.9885603,-0.904509917,-23.66887196,3.127381327,0.09365716,1.023837194,0.996817187,0.285666065,0.07161409,985.8147805,865.9518922,270.5467743,231.3833595,4.819063124,1.06614899,0.898931428,0.222579175,0.181002267
2720,1,2,51,39,,,1.191712655,1.227471502,2.525292227,509.2249265,0.328628732,-14.45099035,3.86855517,0.67198105,1.065121222,0.963598716,0.279598101,0.094828685,921.2782417,977.4207676,367.6131972,207.8107435,4.455523848,1.130760906,0.942906137,0.190377952,0.129704787
2721,1,1,51,40,,,1.167378361,1.238506955,2.545044772,206.2087095,0.783171536,-27.69420182,2.576186316,0.652692021,1.075537844,1.10136268,0.233796136,0.127604414,929.5888626,834.6343208,415.0118373,297.9380646,5.05086056,1.038127739,0.942017278,0.214861033,0.177564792
2722,1,2,51,41,,,1.209075649,1.20747927,2.623845305,435.3946229,0.552094811,-19.0516926,0.339236466,-0.802186148,1.124353189,1.09777805,0.190265091,0.228621045,879.0660756,869.2839159,70.46200314,300.2642563,4.133517531,1.056693713,0.924680344,0.207781894,0.136820717
2723,1,1,51,42,,,1.229521829,1.232036721,2.498174128,368.698944,0.084500758,-20.85373544,0.963056784,1.145205689,1.086804892,1.015290329,0.288648734,0.055810973,887.64258,877.715222,317.3771834,188.0653815,2.432671734,1.000382449,1.014504003,0.243750644,0.129083387
2724,1,2,51,43,,,1.213265265,1.192505479,2.61542675,252.6568715,0.321742945,-18.30700746,0.661837287,-0.481164915,1.038398242,1.135655986,0.08166092,0.108956781,871.5479407,916.4562515,376.8857124,340.8557535,3.94276206,1.07270973,0.946577922,0.110018333,0.168151863
2725,9,1,51,44,Fails: T7.1,,1.151054773,1.190448902,2.48313942,173.2083097,-1.121623028,-11.42387271,4.484433367,0.045797043,1.072138105,0.975852844,0.244208637,0.0764062,1000.882009,980.3715951,283.4492448,149.9631266,1.349503203,1.049671589,0.836339041,0.195055682,0.160942989
2726,1,2,51,45,,,1.187859174,1.217802177,2.687770745,255.4147704,1.953635024,-15.7006321,4.844954663,-0.305068454,1.113577151,1.124310882,0.189031519,0.119448763,975.4387109,820.591387,241.1199418,208.0207387,4.057472427,1.02441395,1.113977662,0.203158879,0.154382088
2727,9,1,51,46,Fails: T4.1,,1.222367681,1.190522689,2.531781489,446.5336701,0.006525061,-15.62443079,2.463611605,-0.724671626,1.03262988,1.233024723,0.268651125,0.118819432,835.5018716,792.9843803,224.63515,66.14817728,4.595300653,1.05316102,1.108913857,0.247923961,0.193852548
2728,1,2,51,47,,,1.164338656,1.161099718,2.619308665,242.2190142,-0.54146892,-17.47439688,-1.36059879,-0.001250289,1.089280363,1.013500545,0.175651537,0.187997355,994.8852664,741.5728287,37.2438752,310.179415,3.574706464,1.056484116,1.020174538,0.249136827,0.182886193
2729,1,1,51,48,,,1.211300568,1.219884993,2.491416626,346.8644043,-1.236325858,-29.34478162,3.026315704,0.355320798,1.131476968,1.058617306,0.219844912,0.087509092,1002.378735,704.8195756,158.7685165,160.0920094,4.973332903,1.040597028,0.9655132,0.197777102,0.162716945
2730,1,2,51,49,,,1.197193187,1.237133333,2.42965996,294.7246278,0.197985799,-20.24248093,6.199579548,-0.87378569,1.051667241,1.093094726,0.227721453,0.100158697,1104.966076,928.9649509,194.6173802,251.4247897,2.903997827,1.136625504,0.983794383,0.2202616,0.127687379
2731,1,1,51,50,,,1.182465563,1.249977409,2.623074794,257.1526324,0.568672875,-16.16081544,-1.128754435,-1.062274667,1.083280052,1.051646632,0.181500947,0.06356583,993.4181702,845.4005431,246.9144215,208.0779932,4.798575966,1.009923732,1.027350353,0.173294219,0.171290858
2732,1,2,51,51,,,1.216074527,1.169517088,2.626339331,299.7549245,0.671959285,-4.691529404,6.671578931,-1.049091696,0.960123624,1.069782381,0.207582323,0.084614443,851.8818035,833.6647205,175.4202694,153.1693763,5.293486797,1.104612173,1.035637034,0.242800156,0.091741839
2733,1,1,51,52,,,1.180191485,1.186907614,2.534286859,337.8389779,0.350493045,-11.49394208,4.859545875,-0.611006452,1.115832806,1.045770143,0.21525265,0.164128899,971.5453492,832.3769406,158.6581851,372.1084304,4.077734768,1.101536369,0.903876447,0.2788691,0.124613846
2734,1,2,51,53,,,1.200797378,1.229330736,2.517844168,187.8778906,-0.206041097,-21.22216812,4.046900699,0.316864037,1.103421408,0.976922146,0.18549757,0.119937757,855.9314641,743.7790539,188.6781913,144.9680869,5.041392653,1.078809823,0.934807844,0.175384806,0.174615929
2735,1,1,51,54,,,1.184324779,1.23326788,2.549242127,497.64452,-0.439251191,-37.31343627,5.090032867,0.258400227,1.121902941,1.101329501,0.205827019,0.148700767,976.5362341,886.633651,292.623434,207.6615517,3.803588141,1.027857601,0.932305716,0.158649577,0.175257555
2736,1,2,51,55,,,1.18009753,1.193122443,2.683874575,294.5760568,-0.226442146,-27.12106328,2.512748439,-0.663075679,1.060202209,0.961035561,0.21771122,0.11407946,1009.170961,900.6099246,178.5371986,250.9978058,2.697465339,1.080590971,0.957012421,0.100456952,0.153396443
2737,1,1,51,56,,,1.184580749,1.198484331,2.586187484,175.7239039,-0.930041635,-36.88038179,0.344074116,-0.520630965,1.051715187,1.065545246,0.247319278,0.117966132,931.2371712,795.89971,223.7914549,139.7191818,2.713880819,1.071855394,0.955929657,0.225967287,0.081866853
2738,1,2,51,57,,,1.203722486,1.227030084,2.604998454,161.3890597,-0.302346191,-25.41223279,1.6601533,-0.936352883,1.133768181,0.933275591,0.129842915,0.166971748,918.2513083,704.2098754,417.9985046,232.5017163,3.239330285,1.092259048,0.970083292,0.174933753,0.065070544
2739,1,1,51,58,,,1.21088977,1.226591917,2.583440661,228.6947822,-0.213740548,-15.81547313,-1.739492887,0.524717399,1.195852326,1.05205891,0.301445308,0.098407341,992.6383834,903.4476113,281.938536,189.9407287,4.493164021,1.082677741,0.980924736,0.249173883,0.124314971
2740,1,2,51,59,,,1.198919262,1.190182165,2.598965045,317.6229873,-0.65146294,-5.722840428,3.215284694,-0.41242917,1.062724354,1.00787258,0.200419216,0.141364215,899.8165943,885.2426178,205.5369087,210.9318699,3.335881853,0.99112838,0.972579584,0.212364023,0.154340998
2741,1,1,51,60,,,1.190590437,1.236079315,2.626167594,352.5186361,-0.485991568,-22.67406663,-0.638068672,0.055179299,1.044725056,0.911441568,0.201899909,0.138755399,946.616057,950.7145084,176.0856352,356.6287565,4.446285348,1.044069376,1.012717377,0.150023581,0.097812095
2742,1,2,51,61,,,1.167767505,1.239310227,2.565968795,164.1440499,0.141984749,-20.64244717,1.244615417,-1.216273338,1.046250371,1.025570299,0.134439297,0.109327229,867.96447,1069.034185,299.8939498,317.849345,2.745641281,1.105113856,1.003171754,0.245221929,0.100794637
2743,1,1,51,62,,,1.195783437,1.232604638,2.549128974,388.5464424,-1.195962782,-21.88377185,2.021778428,-1.403228775,1.068597474,1.039381035,0.163273636,0.109900262,1052.262954,905.7586995,221.443963,114.4529059,5.414906661,1.085788374,1.03938656,0.142659899,0.109127523
2744,1,2,51,63,,,1.203127987,1.213540426,2.515259056,375.4545426,0.290093897,-19.07196157,-0.179891503,-0.054794601,1.110468151,0.921597305,0.256431347,0.108305622,947.2864799,791.5220979,271.7674955,254.3273899,2.889093886,1.089703782,1.035071809,0.165079883,0.148700585
2745,1,1,52,7,,,1.158913093,1.231969665,2.695008443,257.3767376,-0.42074777,-28.84089235,-0.693750969,-0.725056744,1.015529243,1.112405166,0.236249131,0.118345812,906.8653402,846.0539795,189.5488837,304.4091336,2.736298042,1.079024546,1.024657773,0.261362938,0.135631048
2746,1,2,52,8,,,1.198913728,1.17735487,2.47782762,354.8267029,-1.860209548,-26.20901808,2.064064948,-0.594829422,1.107873564,0.96633053,0.275137375,0.137833361,958.8417627,850.7333156,205.9934375,328.1047114,3.409675369,1.057845499,0.933840516,0.208046663,0.220878767
2747,1,1,52,9,,,1.210009716,1.253014711,2.576714297,298.3092264,0.15680254,-24.42197923,1.360305145,-1.098311059,1.042829921,1.04101769,0.140289821,0.100940223,932.6550835,883.3162141,99.41253815,407.7554353,3.477410872,1.056161159,1.010757035,0.192678628,0.080473289
2748,1,2,52,10,,,1.200811149,1.200957124,2.624820877,350.0938303,-0.58673482,-13.61037702,5.997284544,-0.299825462,1.03709958,1.002239527,0.219991652,0.041596783,972.6617327,926.3554308,140.6690558,281.8826094,2.425897448,1.149259677,0.943127188,0.210029163,0.188529848
2749,1,1,52,11,,,1.195869632,1.22881387,2.495603398,114.6323734,0.621290583,-22.62140842,0.244472335,-0.227675664,1.038173895,1.029793329,0.218835649,0.065227678,962.1824023,904.8174083,325.6967812,309.3074886,2.500247943,1.011551122,0.942931217,0.176334641,0.187919183
2750,1,2,52,12,,,1.147332982,1.185689676,2.498163183,315.5729106,-0.120377536,-28.88546528,2.782528797,-0.286351735,1.034425384,1.066155355,0.316465638,0.168131424,941.4958994,841.9251556,322.1150258,306.4732801,4.399755956,1.010240703,1.152335991,0.176785026,0.138436933
2751,1,1,52,13,,,1.187394797,1.207509054,2.611436154,269.7547223,-0.816185883,-9.602255365,-2.225323771,-1.149766922,1.026699921,1.036572801,0.295572855,0.103998576,948.1054769,881.2514153,224.5243787,206.6277953,1.906232938,1.110752424,0.864664975,0.158028331,0.11892637
2752,1,2,52,14,,,1.169039218,1.21474524,2.512789435,276.3047628,0.03005493,-3.637374658,3.166085103,-0.678023182,1.149020865,0.930435287,0.130884861,0.063737667,882.2328496,906.0551062,189.0815494,191.144371,3.887295673,1.138373135,1.033326284,0.136262506,0.148680641
2753,1,1,52,15,,,1.233858391,1.216558237,2.671326889,284.012198,0.103061494,-15.78347767,-0.438190499,-0.436511981,1.12892448,1.016330739,0.179001923,0.150000642,978.5229125,966.4612181,270.2658537,228.1981771,3.450517796,1.053436123,0.961631663,0.237958613,0.137207683
2754,1,2,52,16,,,1.229837016,1.186992597,2.560583253,306.6975221,-1.029703949,-10.20611407,3.97129567,-0.194260133,1.056467434,0.936639195,0.075584191,0.10902269,1055.973552,1041.516753,136.7656874,271.7091567,4.418554259,1.160021558,1.121405855,0.100898014,0.141565516
2755,1,1,52,17,,,1.166033551,1.196497871,2.674550853,418.4679228,0.234677179,-21.25937376,1.839144854,-0.991756787,1.101462101,1.166439134,0.191696556,0.134377802,1082.512787,820.6290585,65.02557309,135.1693815,2.92865562,1.088594241,1.00355883,0.220854007,0.088195089
2756,1,2,52,18,,,1.1889583,1.213258278,2.64921682,299.1491919,-0.025501348,-20.51126176,1.00123914,0.276157692,1.152602283,0.925397366,0.127541338,0.148593267,993.9587787,876.5024571,177.5592486,88.10090644,5.609253625,1.064770658,1.027956402,0.301823017,0.072559943
2757,9,1,52,19,Fails: T1.1,,1.142830727,1.265734292,2.591746979,239.6841401,0.864307431,-23.15457855,0.274866424,-1.768762274,1.007917585,1.122666075,0.221854525,0.100816431,920.1302949,827.4686198,195.7894822,337.1253997,5.149319671,1.052834601,0.909791518,0.187636261,0.195726739
2758,1,2,52,20,,,1.228717223,1.225760986,2.601860343,254.095886,-0.720905383,-23.87113695,0.131277184,0.188227564,1.090189093,1.072238842,0.193620775,0.091843544,864.239132,810.9018098,118.0206892,168.8599426,4.330973933,1.086811354,1.091094741,0.250855001,0.150542246
2759,1,1,52,21,,,1.177034887,1.171329807,2.51095352,66.48039451,-0.478752933,-42.82398402,2.020991271,0.161609076,1.060369987,1.094218413,0.170092723,0.138173537,966.8532509,905.2062312,347.3641479,249.4501763,4.048134763,1.061658252,0.93010242,0.185136658,0.115585287
2760,1,2,52,22,,,1.184796198,1.213502814,2.548623263,306.7774709,0.333501291,-8.881352917,2.623594732,0.898343716,1.01595275,1.120244755,0.286964257,0.073384743,984.9297659,881.7166739,178.3915779,344.8385089,3.533926382,1.093407282,1.074249038,0.144563881,0.08574176
2761,1,1,52,23,,,1.199253468,1.227254144,2.474302781,256.2943221,0.30086013,-23.38420232,2.516130856,-0.271080067,1.002898932,1.060642764,0.139227899,0.144367484,987.5152467,834.7650358,205.8486848,176.9973799,2.547875533,1.027211422,1.079853654,0.19791857,0.145406549
2762,1,2,52,24,,,1.210745986,1.188071756,2.549683261,322.5066874,-0.092305415,-10.00456184,-1.373297542,0.125699521,1.048344163,1.034236554,0.181515708,0.051666515,1055.414916,764.4739342,296.5067372,100.7003107,3.080121193,1.020606731,0.958735392,0.153832839,0.187223863
2763,1,1,52,25,,,1.156119835,1.215394503,2.563701595,446.9842807,-0.493317644,-8.506827247,4.088913405,-1.097290806,1.037655957,0.995024043,0.246810007,0.085278071,900.2330995,801.6326595,168.8330252,279.3096686,3.57760223,1.017820164,1.052077557,0.207396367,0.141261297
2764,1,2,52,26,,,1.186959391,1.225329917,2.507353591,191.2975719,-0.130990997,-8.49005152,0.93790591,-0.329831616,0.984202762,1.053916348,0.188017113,0.124331525,999.4127594,744.79382,169.8125314,151.3125126,3.236203826,1.041964662,1.093710794,0.186669975,0.107272453
2765,1,1,52,27,,,1.186486192,1.197733406,2.513078665,61.96865951,0.155191397,-18.49230406,-1.129646693,-0.328693438,1.039797391,1.033542615,0.133801952,0.101647625,1046.641947,922.8294143,298.320796,349.4583215,4.014381708,1.034612127,1.011176802,0.162378674,0.116010026
2766,1,2,52,28,,,1.165294726,1.22022036,2.508260341,329.6601175,-0.563801544,-20.40063072,0.807099332,-0.106235498,1.030084757,1.059080154,0.206395407,0.075843146,1059.358731,887.6261319,57.13022792,188.4606402,4.359495456,1.039939407,0.981503677,0.270357919,0.164847401
2767,1,1,52,29,,,1.193730618,1.184936027,2.529264044,297.5943534,-0.375179568,-22.80720592,4.850257269,-0.337175376,1.030377365,1.060103263,0.196712323,0.163032561,839.3460208,919.0804471,260.7548777,236.3088956,3.233154909,1.050206704,0.95133357,0.144103685,0.179650867
2768,1,2,52,30,,,1.256199501,1.214325163,2.523948736,307.9614959,0.434028564,-10.56879052,3.36964705,-0.139784827,1.071808317,1.091468518,0.195370782,0.095176616,843.1885015,950.8589323,39.4647685,34.50902913,2.461771047,1.071413658,0.942892276,0.263231483,0.221630513
2769,1,1,52,31,,,1.192622307,1.18973761,2.511891531,312.9846061,-1.352400848,-21.55471954,2.982338192,-1.312230702,1.042380462,1.045762967,0.235469982,0.123834905,968.5423424,866.3114233,276.9211761,248.8388398,3.18663291,1.036333605,1.053444768,0.191717933,0.120822513
2770,1,2,52,32,,,1.185774288,1.233061236,2.578655299,161.4177106,-0.183566295,-22.01475265,0.100408734,0.019171715,1.062870082,1.027967668,0.174230762,0.136373783,929.7064706,790.5966133,237.3499977,245.5275832,2.765880143,1.054803632,1.017482054,0.18444207,0.126891581
2771,1,1,52,33,,,1.227860573,1.218286946,2.567529342,253.4321628,-0.924814206,-32.86795205,4.061231617,-0.228698545,1.095842227,1.008574725,0.207126432,0.104248451,917.584414,980.3123471,94.49251761,347.4601961,4.070150757,1.070590647,1.041421482,0.249909839,0.100236844
2772,1,2,52,34,,,1.223573647,1.253276919,2.663384343,223.5852419,0.492986517,-17.27510456,-2.032648212,-0.992389371,1.063607072,0.922103424,0.212823616,0.144780579,994.8721679,843.9921351,211.5535026,356.6061433,4.058243251,1.087141693,1.03993783,0.153951721,0.071511813
2773,1,1,52,35,,,1.193162535,1.204027465,2.592215822,311.3709516,1.36129681,-15.61754023,2.606950067,-0.724453467,1.049107036,0.999582938,0.189528962,0.096011439,1047.275329,1018.519558,338.4179777,248.9483103,5.245153855,1.10926568,1.027279034,0.194185383,0.1318017
2774,1,2,52,36,,,1.197335478,1.195715394,2.510171179,234.4035913,-0.148720988,-33.62649297,0.950382493,-0.190597062,1.081815703,1.12876658,0.226442323,0.128377113,961.188455,848.9395873,355.2882243,335.9079324,4.273239066,1.082538561,1.071771836,0.216472059,0.142789016
2775,1,1,52,37,,,1.217967092,1.204686063,2.572320407,259.6706314,-1.72840018,-38.78751075,2.414257074,0.160533973,1.075627943,1.039807797,0.223358765,0.136419623,1076.097455,915.9123497,173.3823879,175.2940759,1.746803644,1.093171806,1.079572461,0.266924124,0.039384549
2776,1,2,52,38,,,1.168948738,1.212994957,2.504471945,281.6637508,0.056016549,-22.08957048,1.360846575,-0.832462906,1.049219669,1.04090069,0.136897942,0.104992589,911.901325,790.9753845,29.24113919,150.9226199,3.521622739,1.130018983,1.004607964,0.112434766,0.067680638
2777,1,1,52,39,,,1.165073719,1.209388338,2.599634415,287.3216209,-0.031761864,-19.08876541,-0.05878564,-0.206694188,1.186132559,1.039814022,0.123135019,0.077879014,993.8600299,974.7948113,119.6606452,209.624947,3.474604248,1.161200321,1.023129786,0.251764808,0.121723367
2778,1,2,52,40,,,1.201703824,1.186707754,2.593897248,424.5725026,0.209072557,-11.99532946,1.376276203,0.17686686,1.097532541,1.021020952,0.107228855,0.103900857,946.6816669,852.4936093,362.659154,143.5192759,3.640367168,0.99547815,0.999198045,0.127266875,0.146473233
2779,1,1,52,41,,,1.210601304,1.200858009,2.483882469,176.4829958,-0.633979734,-24.85704782,2.727740377,0.296607227,1.080104342,0.911687084,0.138415991,0.11652585,973.3464617,1027.879298,98.76023169,134.4250855,4.919036229,1.033332067,0.934023091,0.232544307,0.142700194
2780,1,2,52,42,,,1.198856547,1.205127883,2.488394799,440.7021498,-0.138285871,-20.00796462,1.113540601,-0.655981274,1.068870098,1.033270619,0.27695079,0.145736701,972.4797017,929.2587626,194.8303488,270.5089994,4.091423116,1.031737243,1.082437349,0.198412214,0.080911364
2781,1,1,52,43,,,1.181514602,1.197163343,2.615640012,282.4860256,-0.166438214,0.758269231,-3.206996177,0.393233051,1.077023351,1.00119959,0.254839353,0.161508663,1134.900131,901.8338434,53.82234756,210.6226535,3.339275411,1.092105253,1.12512246,0.217307976,0.171338377
2782,9,2,52,44,Fails: T5.1,,1.196006918,1.240315807,2.527874664,301.901634,0.130695927,-7.7024632,3.685657057,0.115654135,1.045632395,0.995630307,0.303679711,0.07265717,983.1170479,668.4520733,141.2632747,168.1873194,1.79105317,1.118742362,1.115270936,0.092974628,0.14812702
2783,1,1,52,45,,,1.185501985,1.227963269,2.529806083,344.0343135,-0.168537705,-12.64127065,-0.395712425,-0.409625312,1.151011899,0.888147522,0.207434009,0.146540002,972.590759,998.0209469,151.9305158,253.025368,1.917508475,1.081674418,0.888936453,0.21701444,0.200858376
2784,1,2,52,46,,,1.19028278,1.195044138,2.62313663,425.1148185,-0.47888466,-16.49939246,1.405809309,0.822605471,1.044372709,1.071820044,0.180259096,0.108910992,1033.686592,690.6626948,145.7682216,200.2303445,2.616225036,1.045982653,1.023526521,0.188165127,0.174258322
2785,1,1,52,47,,,1.208446907,1.20767556,2.584930354,410.5107868,0.18883806,-22.73029492,3.769310377,-0.580453385,1.026483017,0.977730583,0.262691113,0.151588275,1088.110222,867.7393214,25.59903722,249.0413089,5.816341684,1.104113866,1.103063008,0.202038061,0.164178934
2786,9,2,52,48,Fails: T5.1,,1.203981585,1.215813152,2.559669936,359.5970108,-0.770192752,-7.258996284,1.158513232,0.588721056,1.068171219,0.974163375,0.191256765,0.15771136,855.6200158,630.0045358,94.22267327,258.5622483,2.41140182,0.991719959,0.932910226,0.172645118,0.17162475
2787,1,1,52,49,,,1.198526916,1.181542771,2.497230317,205.9318569,-0.971507509,-12.74712315,1.827473125,-0.84561858,1.028424188,0.899778887,0.183209789,0.151332482,940.6594959,1007.910117,281.8883628,220.2477218,3.213171091,1.076033699,0.977331145,0.155965628,0.206141641
2788,1,2,52,50,,,1.196272505,1.20155008,2.588384879,305.2151667,-0.215292115,-19.60308156,3.629880979,-0.883624796,1.020222617,0.977951653,0.236606138,0.043778173,805.6066677,809.9314829,295.4213974,296.413202,2.831639871,1.142984707,0.978422645,0.212725371,0.084308242
2789,1,1,52,51,,,1.193120062,1.220310088,2.664471094,419.1037512,0.927485277,-7.066772663,1.818810899,-0.041989273,1.126335547,0.953528188,0.057611518,0.126530731,1007.138954,1032.611719,236.5867882,217.872463,2.129076256,1.133292698,0.869826924,0.231200417,0.082530913
2790,1,2,52,52,,,1.232091064,1.196861689,2.573314889,300.9277275,0.018759669,-25.96669627,0.470213093,0.067466405,0.997476379,0.95189593,0.135919364,0.143953874,972.1421495,986.4053487,164.3849264,110.352083,3.915172632,1.064469982,1.027523762,0.218780582,0.120162701
2791,1,1,52,53,,,1.205494379,1.187221148,2.652602812,33.51528747,-0.324330504,-12.41509692,1.223944579,-1.13757397,1.012797782,1.109719743,0.262700371,0.16094361,916.8888765,761.4559315,114.087003,185.9436755,4.89681159,1.128680593,0.964079619,0.195210002,0.176823249
2792,1,2,52,54,,,1.183013418,1.207183141,2.600276659,292.4384995,-0.452402555,-14.28301421,1.216821073,0.344466244,1.091688732,0.914205601,0.160892359,0.135563015,846.5364292,883.1481966,197.8350445,293.2634021,3.26536751,1.06830976,1.08212049,0.171859547,0.105112517
2793,1,1,52,55,,,1.223048391,1.20517279,2.537515989,371.1273187,-0.242157747,-11.76012587,2.758359742,-0.145214254,1.047973689,1.004137839,0.193877197,0.134510032,813.7729849,899.7765174,335.6990244,175.2510905,5.241356258,1.088365169,1.017985088,0.206453166,0.121784597
2794,1,2,52,56,,,1.215618973,1.17137667,2.518221815,481.0923883,0.302130683,-0.560740456,4.496968439,0.159474537,1.07747983,0.952939467,0.288781327,0.094737885,992.3159391,871.6536564,342.9408621,209.1279026,4.528037054,1.118250023,0.972717465,0.25211789,0.145016845
2795,1,1,52,57,,,1.209524287,1.179455249,2.603794299,197.4014446,-0.281889255,-32.51290141,0.257665866,-0.527110271,1.057324397,1.011658754,0.243841541,0.161101943,986.3500963,918.1748079,225.0369219,206.7545333,5.250080893,1.138163204,0.994914514,0.184421959,0.206412099
2796,1,2,52,58,,,1.189398266,1.198294291,2.544851098,397.27801,-0.025569967,0.520368832,0.951675021,-0.757840982,1.059907107,1.098756596,0.22039001,0.170239624,1004.073417,793.9289008,82.34370489,203.7288633,4.913017569,1.029288056,1.002305796,0.151996811,0.137705157
2797,1,1,52,59,,,1.213040222,1.194607772,2.666036224,265.1658755,-0.22706377,-26.10865258,2.801040724,-1.737457044,1.09110865,1.038498679,0.205681745,0.078448909,1047.564199,749.5369056,247.0712744,363.4994921,3.381301366,1.080686026,0.992237169,0.218659491,0.109194042
2798,1,2,52,60,,,1.181013217,1.231211944,2.618270483,302.4058396,-0.431950795,-25.87056468,1.530050168,-0.127044793,1.06461291,1.041688827,0.167216519,0.140446604,908.0389871,834.9131254,172.3941044,309.7983658,3.589645544,0.988657465,1.094004659,0.245563771,0.21280376
2799,1,1,52,61,,,1.190741815,1.202588205,2.576680422,421.7792326,-0.103671293,-18.62106565,0.528899659,-0.457660522,1.050313429,1.030641269,0.135568904,0.120108087,1019.638959,909.8930336,169.1912232,337.525736,4.052381956,1.060353355,1.058179633,0.213634938,0.113897307
2800,1,2,52,62,,,1.158149127,1.159609413,2.556874289,242.6204423,0.973244117,-21.88120486,-0.934092008,-0.096135523,1.101882274,1.023712798,0.157072443,0.068309246,1073.297535,982.2201862,296.0113664,282.2061298,5.068872448,1.071118651,1.008591561,0.334450737,0.109200937
2801,1,1,52,63,,,1.187903847,1.222331837,2.653069029,148.8059674,0.0547626,-28.0405469,4.610124926,0.473179342,0.970226654,1.049297096,0.160209481,0.045058268,929.9116533,812.7851888,290.2522126,333.4985563,5.800969735,1.047794242,1.000735763,0.187094017,0.119853857
2802,9,2,53,8,Fails: T4.2,,1.21252419,1.226743764,2.649845324,502.6953031,-0.502968025,-34.47896958,1.278389733,0.000251117,1.053125764,1.053802784,0.432742099,0.074426598,1017.810341,835.356321,240.68135,146.4266403,2.788583638,1.068231947,0.991270972,0.226386632,0.168339875
2803,1,1,53,9,,,1.183353188,1.197296478,2.565648744,165.3116108,-0.107769386,-20.75650726,3.88062622,0.302939286,1.133125358,1.04661031,0.333028955,0.121360039,1039.819377,925.9578967,182.3417573,286.374322,3.825742044,1.097148201,0.963516333,0.095705032,0.112675997
2804,1,2,53,10,,,1.213770016,1.235489063,2.553478842,372.6791545,-0.105869017,-21.23754583,3.74346635,0.304446932,1.057832612,0.913116288,0.210360301,0.118416015,1001.799253,760.5774678,146.4503151,256.5010097,3.220252674,1.010369248,1.075377122,0.219038876,0.139076232
2805,1,1,53,11,,,1.177703085,1.239382031,2.576566643,134.0558533,-0.105149295,-14.36132583,-3.035215277,0.01963081,1.077048932,0.957257981,0.150190919,0.133959208,947.331312,821.7580631,160.4812001,358.1763532,3.312879402,1.118557356,1.007863789,0.225713004,0.155398092
2806,1,2,53,12,,,1.189961395,1.213157709,2.622001307,315.9138159,0.299180024,-26.79024429,0.650891109,-1.357012137,1.062655709,1.030069286,0.161764323,0.182841428,1011.902015,738.5876604,228.8399206,199.6911827,6.18364278,1.091102305,0.997761471,0.128323903,0.101339459
2807,1,1,53,13,,,1.202537549,1.226544499,2.552708723,375.0636041,-0.525684165,-18.88232834,4.51144406,0.520929888,1.048164602,1.069809291,0.164950911,0.192736723,898.1702108,911.1870388,243.878786,277.1136823,5.108137775,1.110800463,0.859776777,0.169078791,0.176618832
2808,1,2,53,14,,,1.185631038,1.165458266,2.499316865,386.5921006,0.623486007,-12.96830068,-0.122242932,-0.554117435,1.084058834,1.0709403,0.200443725,0.155772164,978.5606667,732.3482844,271.9271063,225.8713074,4.435398093,1.068011071,0.910696198,0.155561688,0.14085872
2809,1,1,53,15,,,1.195167225,1.20336062,2.483099288,469.9267754,-0.589393408,-39.80125321,3.01453817,-0.686497345,1.006908705,0.973890572,0.291521034,0.075666763,903.4258195,857.171731,200.8464814,260.6423152,2.621431973,1.154748539,0.959285257,0.22195652,0.125750358
2810,1,2,53,16,,,1.193905158,1.183104706,2.49301973,291.7649452,0.407397236,-20.97392235,0.981173857,0.243564597,1.085281593,1.063821783,0.161465988,0.132503622,852.8318417,804.2954492,216.6961762,208.0978297,4.311067862,1.176953948,1.056507551,0.179843522,0.172598496
2811,1,1,53,17,,,1.17480228,1.203876873,2.521198338,351.9770558,0.020660312,-34.62392933,5.494647498,-1.520667774,1.08219575,1.146386653,0.229867582,0.079056339,948.0695555,787.1513028,313.6440423,284.7757881,3.995019733,1.085279364,0.96577101,0.311038363,0.163485726
2812,1,2,53,18,,,1.201784396,1.209276637,2.511034548,190.387481,-0.034350572,-18.99373442,-0.568627281,0.132087116,1.021138151,1.065270382,0.211284324,0.072540806,1033.002996,781.419675,72.64390544,253.4027929,4.95081073,1.051747053,0.939147991,0.160333772,0.076174049
2813,1,1,53,19,,,1.171602856,1.142026308,2.673802882,335.3656575,0.193780776,-14.72476427,2.108539202,1.172213136,0.978458379,1.074435334,0.290023029,0.13988057,944.507971,905.5235909,48.33608687,283.0324323,4.191066769,1.046986238,0.968737229,0.348184619,0.165566577
2814,1,2,53,20,,,1.175228491,1.186233491,2.643092782,286.2172496,0.082024133,-30.08419399,1.96437335,-0.118247958,1.173045113,1.079799154,0.158822453,0.05660618,855.636211,738.7874976,290.7372743,197.0303867,3.432255396,1.100302417,1.021538869,0.144505561,0.096672729
2815,1,1,53,21,,,1.209075665,1.228543692,2.579050374,133.8355085,0.001692015,-28.0871456,2.821361872,-0.312704433,1.068008461,0.963329881,0.15529688,0.102110986,958.3014551,887.5518681,198.4424597,226.3996597,2.992573529,1.101943258,1.041284191,0.253988667,0.045354118
2816,1,2,53,22,,,1.169894883,1.222037574,2.547417627,298.0349138,-0.636735677,-25.74293517,3.565648325,-0.127545621,1.153665874,1.106843679,0.183078884,0.096721567,983.4742812,973.8557277,193.6872769,200.6008898,3.21892159,1.136453645,0.953999249,0.228994749,0.076807746
2817,1,1,53,23,,,1.184060565,1.233197723,2.692768285,202.8957481,-0.26623422,-27.61921136,-1.710204636,0.333028201,1.058774348,0.945487349,0.156125725,0.116064356,868.7047374,862.7359269,205.3784975,294.0318963,1.988609117,1.066440862,1.06449022,0.114887296,0.119659857
2818,1,2,53,24,,,1.186205692,1.228764537,2.650192176,254.7042026,1.36968502,-18.40230828,2.296378164,-0.340639536,1.024265436,1.074137473,0.27390264,0.171188499,1007.177407,943.8283507,194.4602248,179.516268,2.182380588,1.060794808,1.098453851,0.175516483,0.151954206
2819,1,1,53,25,,,1.172628457,1.186376492,2.569968688,188.2351006,0.129197356,-10.43788491,1.21069141,0.018115432,1.015782328,1.042740811,0.131307691,0.150700558,879.9495174,1046.247297,221.5487207,290.7310642,3.193679784,1.112662173,0.942684307,0.238207044,0.101604828
2820,1,2,53,26,,,1.177866114,1.18243951,2.53728646,366.659687,-1.118069584,-24.57879863,2.062826157,-0.508139569,0.993590979,1.052063151,0.2077413,0.086673227,942.9218677,1036.854465,181.4210644,98.24869386,4.294663028,1.097796691,0.961495869,0.236803999,0.149608438
2821,9,1,53,27,Fails: T5.0,,1.205592566,1.187916136,2.604103208,378.9143495,1.09080181,-13.57049538,7.555004638,-0.435872299,1.127343179,1.022836508,0.148325811,0.071506276,686.6734212,823.3399646,213.4428799,223.7379717,3.043807131,1.117996432,1.125158558,0.15148632,0.133992664
2822,1,2,53,28,,,1.190942534,1.231361858,2.522664502,405.9808391,0.260066554,-23.79638279,2.129498798,-0.393213979,0.966127921,0.965413559,0.144590973,0.133527828,971.0958052,868.8638315,191.6875501,316.2499227,3.815297412,1.04754814,0.979329493,0.231609121,0.07900544
2823,1,1,53,29,,,1.185535424,1.253003599,2.570243069,311.6980432,-0.130628067,-28.28836375,1.730760293,-1.581859285,0.967317229,1.0462817,0.222015305,0.152446306,988.9515365,853.7972022,220.7270796,314.1391461,3.634909347,1.093876032,1.028586311,0.208585072,0.166609209
2824,1,2,53,30,,,1.185358521,1.21519971,2.613489041,244.7168039,0.225458083,9.293678438,1.180974198,-1.438132411,1.097264547,1.012552964,0.145234864,0.143072442,961.6978168,930.7988701,346.3697453,332.8553245,4.252970159,1.100481488,1.05429942,0.157695007,0.11907261
2825,1,1,53,31,,,1.241489529,1.242480092,2.543719547,142.3443953,-0.447428822,-32.63914057,3.80206392,-1.416686214,1.034900212,0.981519075,0.205872083,0.058654588,824.0541414,913.1987035,193.147546,392.0172998,1.624694129,1.109678304,0.973594564,0.169975548,0.114058522
2826,9,2,53,32,Fails: T4.0,,1.20166384,1.190958542,2.563855911,271.8719005,-0.562797067,-16.50355853,3.037052282,-1.186915854,0.958330956,1.033421579,0.206531039,0.093126394,989.6460962,850.6724734,137.3226468,310.017825,3.002955819,1.135371861,0.95862026,0.249222772,0.140550558
2827,1,1,53,33,,,1.204225517,1.224638438,2.635482888,375.2084409,-0.499383963,-30.30603292,3.40556923,0.193719966,1.083535547,0.951374134,0.274739919,0.165927428,896.4478102,1014.637633,192.5377767,377.0303275,5.119502635,1.117907652,0.923953688,0.222427934,0.114666454
2828,1,2,53,34,,,1.157773932,1.179675448,2.575719244,344.6078301,0.216446408,-26.46145233,5.672677869,-0.494805342,1.091744108,0.966412616,0.220634403,0.0906498,892.5830371,748.0169281,80.13014672,288.0060533,3.253065262,1.014591161,0.862550369,0.146454582,0.201716635
2829,1,1,53,35,,,1.187480635,1.205484981,2.620643136,392.8490515,-0.564004688,-21.0709324,0.643687691,-0.949143856,1.085106215,1.105921668,0.234930346,0.062394064,791.3624067,875.2987831,177.6636872,316.2996985,2.728544371,1.064779178,1.020288118,0.165234355,0.139701577
2830,1,2,53,36,,,1.199628276,1.203360941,2.640005937,128.53534,-0.268547827,-19.31972575,-3.382451857,-0.133263589,1.048352447,1.025896054,0.266219841,0.164493694,1053.335087,798.1469249,187.2590623,292.696184,3.202687533,1.044060853,0.915944697,0.178149095,0.159302824
2831,1,1,53,37,,,1.204130898,1.207316384,2.521303892,230.2596491,-0.945410026,-1.369053285,1.499791232,-0.754475098,1.044741253,0.960451207,0.159316151,0.138285077,836.9731192,806.882906,238.3018216,304.8798481,4.630304599,1.046353575,1.01155739,0.058269167,0.126849472
2832,1,2,53,38,,,1.185457627,1.230479633,2.593341859,490.5594399,-1.024659515,-41.65319306,-1.414247517,-0.25254104,1.049558093,1.026064968,0.200958261,0.076339083,986.2976362,746.4333037,265.5793753,256.0302577,4.945033032,1.098167974,0.93532189,0.115577417,0.218541847
2833,1,1,53,39,,,1.158237216,1.203993179,2.556042315,153.9802288,-0.085135757,-31.1394149,-0.132779114,0.07190627,1.026444763,0.998627536,0.204191812,0.170163214,974.6019213,865.1542091,164.4077649,190.7117582,4.190830453,1.097798452,1.007348227,0.253405906,0.120270449
2834,1,2,53,40,,,1.169070274,1.209253902,2.489751164,170.305552,-0.76166043,-13.44809153,-0.706187074,-1.206019686,1.035499718,1.021388649,0.183549572,0.135345342,908.6147657,930.2310396,222.8273885,159.2725918,3.215847213,0.983001601,0.970989482,0.174388603,0.176202425
2835,1,1,53,41,,,1.18692029,1.210297259,2.525462207,250.0043579,-0.598199391,-4.353830427,3.940434302,0.111371122,1.059975875,1.000438587,0.190016306,0.102087645,887.057149,806.594309,120.9434063,230.0666471,4.121635032,1.078583117,0.980926882,0.129553582,0.105603774
2836,1,2,53,42,,,1.206502372,1.230200002,2.587387524,391.4488558,-0.061506387,-8.847982206,4.150268104,-0.062135356,1.072763772,0.989283659,0.180265972,0.098426417,887.7353481,812.2375754,227.3421603,366.5489869,3.365103445,1.102884646,0.999826635,0.095184938,0.096214988
2837,9,1,53,43,Fails: T3.0,,1.204386487,1.169467438,2.561046676,208.7523797,-2.005946031,-11.46349093,1.64204098,-0.657724878,1.073476214,1.146277585,0.167721991,0.10489282,1046.460803,1037.110315,292.7136568,260.1698835,3.222584347,1.130397093,0.931267844,0.229572849,0.097804006
2838,1,2,53,44,,,1.227664444,1.202042827,2.571471342,255.2028487,0.062560464,-13.57088626,1.983468744,-0.720094064,1.085276672,0.945853827,0.145985291,0.13129125,989.0123529,992.3328614,324.3884914,164.7123609,3.129012937,1.136355961,0.994498205,0.209151683,0.090489744
2839,1,1,53,45,,,1.194864925,1.218854287,2.525115999,221.9477721,-0.406999378,-20.1336771,3.7400027,-1.332668956,1.101378327,0.995989528,0.287490561,0.193204631,960.4468607,796.618909,210.3599488,122.1349118,5.568474369,1.015087798,1.025591663,0.198731925,0.098474647
2840,1,2,53,46,,,1.194469912,1.197966143,2.571565715,269.8713606,0.216780704,-14.80041704,2.496777135,0.066084048,1.091438626,1.154799815,0.196722346,0.056428191,793.907233,925.85743,265.9154398,350.6288096,2.962055557,1.028491957,1.006971768,0.223977588,0.166438457
2841,1,1,53,47,,,1.19984226,1.227794309,2.572564584,309.8196464,0.357282184,-20.16948346,2.247804138,-0.666061245,1.07283698,1.126464074,0.172628215,0.17826301,853.4267274,775.3148939,235.7804038,129.4423511,5.496670142,1.065623485,0.995785653,0.147477889,0.169542464
2842,1,2,53,48,,,1.193996173,1.193211914,2.535508827,336.4200676,-1.155263287,-17.00751999,4.678895916,-0.4361371,1.061319778,1.084837329,0.151532872,0.154971132,1040.80607,784.9457534,282.58616,257.2707202,4.941619645,1.101145534,0.985088713,0.211044106,0.150053988
2843,1,1,53,49,,,1.168641007,1.166184393,2.602009558,298.6760757,0.296607871,-22.35521,3.377401325,-0.620573207,1.085806744,1.050346975,0.246777524,0.110792381,1057.388094,880.4776359,153.0060181,316.3855082,1.793760191,1.032941501,1.017289703,0.224966365,0.181167911
2844,1,2,53,50,,,1.203376051,1.228360104,2.619904039,341.5085755,0.328882684,-0.725843471,-4.019618067,0.235546833,1.068546567,0.972317706,0.247983509,0.155371553,1016.068628,767.3201071,308.9245434,124.2319656,1.882035462,1.027813646,0.961394817,0.193935229,0.135860732
2845,1,1,53,51,,,1.183938486,1.206627697,2.689091942,381.6299116,-0.254687514,-14.3799608,0.76624436,-0.511578506,1.098822525,1.091646096,0.286776426,0.077860049,846.1987784,928.8949183,310.9916837,241.096291,2.725970989,1.049739383,0.894747336,0.173113405,0.113758537
2846,1,2,53,52,,,1.22296849,1.202213103,2.647250029,153.5342167,-1.336474162,-25.13172894,3.29706987,-0.388395544,1.076194571,1.108955619,0.177693154,0.080358006,914.3580061,911.5818907,165.1815998,207.9850829,5.504619971,1.080305161,0.878712644,0.251539954,0.201546516
2847,1,1,53,53,,,1.220965634,1.223641632,2.660052129,182.4905414,0.237534829,-29.41155978,5.582910366,0.617284996,1.093494434,1.034941277,0.176477865,0.115257582,809.9623513,834.9468668,289.7463497,202.576036,2.573066378,1.062950824,0.940821797,0.163205732,0.116088952
2848,1,2,53,54,,,1.218901654,1.214666926,2.625386605,305.28506,-0.588803515,-9.153615873,0.940991873,-0.28335026,1.030245857,0.989151383,0.24875132,0.163677701,955.5511524,955.4082975,182.6284733,318.5255818,3.400623706,1.074372453,1.014760152,0.119099262,0.189049411
2849,1,1,53,55,,,1.1773769,1.20698148,2.481742298,225.7050251,0.538839252,-15.0666236,0.509055509,-0.005489864,1.100276921,0.967403643,0.130176913,0.179490351,1024.182232,879.7078572,189.9675665,248.9620583,4.370872191,1.078198876,1.051774967,0.26057521,0.216802293
2850,1,2,53,56,,,1.175581561,1.196023001,2.57662497,402.8687101,-0.151739693,-20.09763318,7.645832298,0.157157844,1.046568209,1.072988987,0.198073017,0.11531921,933.4793986,786.5637704,338.9374802,325.1318735,4.894817295,1.057098127,0.925706306,0.300353991,0.129547043
2851,1,1,53,57,,,1.210453319,1.233483951,2.609814718,218.2545549,-0.182414683,-34.42927554,2.628576062,0.036173961,1.049239621,1.124571222,0.211144235,0.167015685,868.5264094,772.1249519,219.2298895,284.5290439,3.33977095,1.044978635,0.943122251,0.261345437,0.110837734
2852,1,2,53,58,,,1.158982627,1.19258134,2.524770174,168.3992956,-1.022664656,-24.18768056,3.082620186,-0.372853779,1.051401758,1.039074982,0.21959268,0.113997211,1006.024936,907.5245572,163.5895093,253.4702574,3.346274609,1.029616161,0.986925955,0.162830414,0.158175199
2853,1,1,53,59,,,1.191142803,1.201005323,2.616426388,250.9890957,-1.612541847,-18.90095107,2.994827805,-0.669685306,1.110351806,0.993950948,0.217406681,0.089557353,956.9933054,799.7107103,104.9691669,258.2557329,3.215403213,1.021047332,1.030678909,0.206205978,0.178019293
2854,1,2,53,60,,,1.188318697,1.230973796,2.474027465,192.642566,-0.153060514,-13.70042472,2.248168638,-0.977338974,1.036838956,1.04712079,0.311964285,0.025020901,922.7667833,908.0230235,323.1205533,214.0117875,3.513480244,1.155430467,0.996107821,0.197347145,0.1346193
2855,1,1,53,61,,,1.209403141,1.181903473,2.572442903,284.1964429,-1.738069468,-10.16639691,-1.093502962,0.46062724,1.112932386,0.982720428,0.216356096,0.136722815,1055.92232,921.3262284,92.6203869,439.9672722,2.756476778,1.010834186,0.947490845,0.157291604,0.192574641
2856,1,2,53,62,,,1.186421429,1.215861935,2.690750004,180.4266511,-0.492614665,-33.01035685,1.784583649,1.226520447,1.074738506,1.047935909,0.131452751,0.165529148,961.6910796,966.8819495,164.0517199,385.1202849,2.810409935,1.079567574,1.089824492,0.277262399,0.193482477
2857,1,1,54,9,,,1.157881447,1.211561109,2.527726544,261.5876284,-1.336359631,-35.71220891,6.002884209,-0.299616056,1.056332848,1.010745695,0.248941577,0.144880108,1069.864437,857.9312129,116.1127913,363.0302528,3.759103537,1.045123179,0.886077287,0.208462631,0.06296339
2858,1,2,54,10,,,1.20837474,1.231531817,2.592855416,182.9594255,-0.554613773,-5.771898191,-2.10807998,-0.693445139,1.12721319,1.012379257,0.13267444,0.11153035,819.2601013,735.8734016,275.408852,140.5946313,4.378013294,1.083741808,0.927539703,0.144058628,0.196664238
2859,1,1,54,11,,,1.194469312,1.183929127,2.600666862,223.6259432,0.041018455,-32.7649141,-0.611319374,0.176586006,1.003447048,1.012966824,0.191493538,0.133175976,814.4736436,883.3327628,282.7181844,227.6212058,3.474734481,1.106267962,1.038521473,0.250078686,0.14301557
2860,1,2,54,12,,,1.191940969,1.215144212,2.619045436,410.5576764,0.288253484,-19.06392959,0.782374566,-0.815303009,1.041654735,0.976738417,0.198561279,0.091790318,780.6452716,688.0537261,275.2584658,284.9367395,3.112204586,1.020727455,0.982150228,0.137394207,0.077433334
2861,9,1,54,13,Fails: T7.1,,1.189988349,1.207184031,2.518686747,428.4971888,0.115734884,-29.88386001,1.310495945,-0.359676532,1.086032714,0.982000254,0.154959269,0.182364699,828.9142559,767.4262097,363.4466822,160.0881067,3.787388479,1.10917635,1.206642931,0.19044527,0.111502484
2862,1,2,54,14,,,1.166326176,1.20038465,2.543583586,303.2816866,0.459556001,-23.7951689,-1.510715064,0.283492694,1.042251235,1.001428507,0.13974918,0.09739678,888.2283011,879.0947519,208.5312594,287.0789928,3.640496221,1.040684668,0.929865112,0.167626572,0.184767639
2863,1,1,54,15,,,1.184635182,1.203895296,2.539489402,212.0409669,0.376349604,-0.338163392,-2.113585568,-0.524750728,1.041217669,1.007446271,0.168330995,0.046581472,889.965678,798.3037496,164.9276524,297.2337318,3.948165426,1.151438629,0.921471218,0.191033505,0.097584442
2864,1,2,54,16,,,1.185832781,1.208391304,2.585004114,391.9230494,-0.665547809,0.921598958,3.38458926,-0.316720449,1.117485504,1.060408985,0.201246891,0.114130744,984.9216683,892.5206602,185.2466345,278.0787177,3.982224802,1.064711451,1.078603301,0.057523827,0.141624586
2865,1,1,54,17,,,1.175887147,1.186645296,2.539432733,260.2072961,-0.698510525,-18.93363351,5.680601885,-1.004774533,1.050969675,1.100092642,0.215882468,0.096603063,945.4173233,829.5032443,232.4569519,157.6873633,2.918210755,1.084567602,1.006529893,0.165286157,0.043721519
2866,1,2,54,18,,,1.197875251,1.180644241,2.646443806,179.0557929,0.607287772,-16.30461544,6.290442613,-0.667516291,1.089400364,1.017230314,0.138283225,0.138441204,965.9269814,869.0878322,324.4970873,467.0295039,3.121559096,1.065870268,0.977523627,0.2173925,0.144991554
2867,1,1,54,19,,,1.220609739,1.201698258,2.501052063,175.7249727,-0.378022309,-18.17559135,1.74990268,-0.251942476,1.053944082,0.977420493,0.227929895,0.117932577,939.9100408,776.0745638,162.190018,204.3907423,4.604868702,1.014461275,0.991027218,0.286972659,0.140450767
2868,1,2,54,20,,,1.182821299,1.230016667,2.490528858,195.4333322,-0.784311398,-29.98330902,5.682542274,0.106436997,0.966766218,1.12606035,0.102086902,0.133162423,873.3879017,925.5756409,230.8700622,283.1783211,3.214919629,1.070784939,0.861527014,0.145964079,0.104431111
2869,1,1,54,21,,,1.202906941,1.201352358,2.657257125,334.4000874,-1.611924388,-5.42052327,1.820660202,0.395026159,1.062953288,1.135135825,0.157970297,0.186731451,962.7054163,851.0662766,259.6200191,178.3143754,2.516841739,1.074924623,1.066990397,0.150791292,0.232009053
2870,1,2,54,22,,,1.163640961,1.200627257,2.650808839,264.91653,-0.469169548,-32.03242884,-1.34615954,-1.029759664,1.084648604,0.979186906,0.159893625,0.031566485,1033.73459,888.8332222,163.5631343,198.8876974,5.930609229,1.157207666,0.949712984,0.069911258,0.150898847
2871,1,1,54,23,,,1.224418896,1.212838082,2.635247294,304.8356788,-0.159414954,-16.49085889,-1.948515185,-0.354458397,1.061270855,1.059152089,0.155010407,0.161633508,880.8357968,854.0022107,108.8397537,202.006907,5.368882929,1.139983223,1.073943623,0.249177388,0.171589223
2872,1,2,54,24,,,1.186429895,1.180397072,2.571000484,293.1359014,-0.892615976,-31.02764195,3.038483458,-0.675672107,1.067972089,1.094001574,0.248065802,0.168323454,830.5250486,798.2939606,152.7897956,283.7660651,5.462304471,0.99393107,0.969280505,0.175767627,0.189534562
2873,1,1,54,25,,,1.182972644,1.212169333,2.515113768,279.4191562,0.181215304,-26.93266916,-1.357747994,-1.151740368,1.034279877,1.046018108,0.258081585,0.072840749,966.2052306,1030.309049,200.0596885,332.1930329,3.959738256,1.074046173,1.001762211,0.182804928,0.129387327
2874,1,2,54,26,,,1.212701746,1.213135338,2.578206358,393.1094652,0.724598449,-15.90746829,3.158800388,-0.167199465,1.023374727,1.041554672,0.209511202,0.163452757,999.1928867,737.173855,207.0010176,293.5475616,4.5516474,1.06422934,0.915472816,0.178189752,0.161897558
2875,1,1,54,27,,,1.176283863,1.220859543,2.535350675,294.69937,-0.3970704,-13.85632114,-2.077067445,-0.321970549,1.095217276,1.087129759,0.177927463,0.139866507,968.8619942,981.8576281,286.9411075,180.8828988,3.454091765,1.070706783,1.032905641,0.12217167,0.08607429
2876,9,2,54,28,Fails: T7.1,,1.18886892,1.191525928,2.539374031,342.3680197,-0.321456315,-26.06387012,3.945690653,0.792616595,1.048011956,0.946807018,0.323104411,0.062688857,1099.399477,788.9922369,209.5630209,227.8208891,4.917835028,1.131551287,0.817927711,0.201906461,0.143031269
2877,1,1,54,29,,,1.155908208,1.226338172,2.566468627,422.4770709,0.553408275,-19.39307902,-0.810847085,-0.964720124,1.080115278,1.069537123,0.153692911,0.208496788,1026.026856,974.7867759,157.6901051,211.1436297,3.227643659,1.073959762,1.043930746,0.070492897,0.086507034
2878,1,2,54,30,,,1.206623547,1.198006744,2.514264934,147.4424181,-0.874621806,-25.54059444,0.982594554,0.043098,1.096305143,1.013601536,0.064233864,0.188483594,839.9644245,811.4031996,255.3758854,281.1674627,4.79719663,1.091000921,0.90002109,0.241906299,0.126807107
2879,1,1,54,31,,,1.228798273,1.192763761,2.64910949,314.0629579,0.038370141,-41.91124113,1.606185767,-0.179008866,1.082576519,0.981773809,0.239095216,0.083703487,939.2257704,855.7876392,188.5897722,322.5852026,4.595795648,1.027032823,1.031829138,0.11104249,0.118178578
2880,1,2,54,32,,,1.192032374,1.188665735,2.567456992,350.2848574,-0.955653389,-31.49778967,2.908555754,-0.376952592,1.029338498,1.045035083,0.177710375,0.207026106,1110.041113,685.7404297,259.1011635,252.4599324,3.757480861,1.028853037,0.981059401,0.213762002,0.16154917
2881,1,1,54,33,,,1.173277539,1.212013133,2.708054305,281.2182161,-0.46972605,-5.935502925,4.548539525,-0.517393527,1.090819754,1.016046853,0.126485684,0.157574468,933.2788016,951.8411838,317.9728839,230.2718134,2.332596079,1.112848549,1.045037334,0.340052633,0.1684739
2882,1,2,54,34,,,1.218986189,1.189077041,2.579458539,411.1677018,-0.058811592,-8.950444118,3.116332182,-0.417806875,1.031071202,0.947067477,0.242714843,0.154772308,908.9358052,736.7209168,324.2422609,312.0513172,3.603256152,1.090486136,1.076730989,0.257465092,0.210592444
2883,1,1,54,35,,,1.171552014,1.214139631,2.440868405,346.7256384,-0.543598715,-16.08265697,1.569357559,0.524643904,1.093865049,1.04099034,0.246694282,0.09734853,888.4643593,790.1531445,193.4938234,250.0415136,3.614432599,1.089558707,1.093412729,0.297356926,0.149337523
2884,1,2,54,36,,,1.187516164,1.178546234,2.528599234,315.8394677,0.084884491,-21.31791516,5.00452193,-0.332218002,1.086686824,0.998218855,0.258495421,0.097940179,990.6172463,898.1238339,231.7195967,196.6826451,2.06341595,1.063826729,0.958493974,0.254170858,0.126677225
2885,1,1,54,37,,,1.179909482,1.188929386,2.630542163,270.4125906,0.202785638,-12.92705323,4.149235671,-0.269728123,0.996082113,0.994562886,0.219771897,0.0570095,1043.65892,974.4643951,198.059043,273.5516712,2.929177102,1.078831791,1.014284071,0.192492687,0.121459616
2886,9,2,54,38,Fails: T5.2,,1.201651071,1.192801217,2.443900242,88.50175151,0.045164816,-19.38107792,6.370497703,-1.307903676,1.087033778,1.094843091,0.202453241,0.074847909,911.9386756,820.6045871,-10.6682528,92.5404805,4.764422475,1.033242553,1.050654473,0.215373618,0.223696061
2887,1,1,54,39,,,1.179645631,1.215375443,2.553612341,358.8246015,-0.440694246,-15.89867945,3.905721184,0.464936246,1.026111464,1.046194223,0.299373656,0.134792105,935.3677136,897.8893406,262.9985418,137.2762114,4.407698879,1.020073871,1.040512021,0.162090018,0.088629276
2888,1,2,54,40,,,1.198667655,1.185323227,2.500819171,476.0401602,-0.466977311,-37.93415559,-3.404814819,-0.686029379,1.09101718,1.061606687,0.099259265,0.137805658,1021.288649,1037.192742,266.8251341,357.7169799,4.89533165,1.104693773,1.002417911,0.17333904,0.133687312
2889,1,1,54,41,,,1.146450987,1.234574453,2.560844278,317.8158088,-0.021345711,-28.2930909,4.140513534,-1.1765483,1.024379085,1.078478641,0.173295757,0.14699402,819.7565409,1033.403194,264.639086,237.0270695,2.840577602,1.128575488,0.982345322,0.325279207,0.130701273
2890,1,2,54,42,,,1.197893914,1.209294372,2.438423179,251.3611078,-0.99615107,-39.51630466,2.552146231,0.316763121,1.09323809,1.072575823,0.043815999,0.104233696,894.0982234,941.9026333,172.2784536,178.3696927,5.536223807,1.068475846,1.180293845,0.129244768,0.105976676
2891,1,1,54,43,,,1.214375714,1.199478349,2.620023625,402.5753292,0.811500416,-9.734724478,2.212857593,-1.338779343,1.073340858,0.935342459,0.169709523,0.015431384,936.7169693,763.3130772,225.4894474,168.003197,4.798677649,1.014764853,0.987441416,0.223968856,0.1512757
2892,1,2,54,44,,,1.206313998,1.187619044,2.531296279,245.1085395,-0.828694199,-8.899805081,0.892750926,0.384421455,1.07351223,1.037681538,0.216141034,0.108449233,976.3693545,961.1539041,295.0073863,136.407973,4.411054853,1.111217337,0.959209595,0.20008691,0.097290163
2893,1,1,54,45,,,1.220639175,1.195492291,2.475326458,274.4099999,-0.118164744,-19.98256768,-0.94724471,0.462088488,1.066029095,1.054865005,0.204950588,0.077242718,993.1404112,860.5620267,209.214079,316.2466852,4.160283758,1.135345145,1.096747026,0.203002591,0.210862393
2894,1,2,54,46,,,1.152546721,1.222661355,2.603013488,357.6013624,-0.530067355,-23.44966626,1.613594716,-0.247346475,1.036100541,0.908832117,0.25624754,0.145318499,835.4123419,1031.157223,203.0497288,252.758413,2.929467398,1.097009508,0.994600123,0.257368061,0.141720324
2895,1,1,54,47,,,1.219348226,1.221883173,2.586368528,482.1954582,-0.18725409,-18.7533586,-2.547299265,-0.327882077,1.068466966,1.026172435,0.13261514,0.103202739,994.7980034,885.2886709,215.7436306,259.8390347,2.449845428,1.080164625,0.994470519,0.235976574,0.160214884
2896,1,2,54,48,,,1.212025351,1.201146321,2.516137244,324.0570019,0.26186117,-4.833558578,1.478536892,-0.672909925,1.030169647,1.137798628,0.134467952,0.084802283,924.3225827,866.9091543,317.2702016,149.3697508,1.840216312,1.054413785,1.008712501,0.123826903,0.201890463
2897,1,1,54,49,,,1.170319264,1.196179252,2.632403268,295.0181778,0.344838321,-25.58569258,-3.012449626,0.282678885,1.073087853,0.972487161,0.26009306,0.147897496,1165.48972,998.8023726,232.6060787,284.5297056,4.695244133,1.094424842,1.101984202,0.277480663,0.145149484
2898,9,2,54,50,Fails: T3.2,,1.201441553,1.197712458,2.590748428,146.0128658,-0.20774346,-25.92269724,11.19206433,0.416700713,1.02567005,0.980279903,0.314075192,0.126193023,1070.494176,850.7253024,192.1311183,245.2824202,4.120886412,1.077824799,1.070951205,0.192415918,0.090811026
2899,1,1,54,51,,,1.22298185,1.191394849,2.633206966,311.9674106,-0.237462417,-16.5077414,2.491766658,0.141023007,1.095055602,1.083387396,0.087284829,0.123209966,1030.148297,842.5853426,307.2290439,338.1150746,3.14323763,1.117002103,0.973292064,0.256044127,0.11628117
2900,1,2,54,52,,,1.228723008,1.224367757,2.631169552,467.1777134,-0.424306748,-17.9332774,1.60157534,-0.051850684,1.022798156,0.947036152,0.194193933,0.128828062,996.4130477,953.5912183,130.4422199,103.7634218,3.089024573,1.11408168,0.970995172,0.231439667,0.01567852
2901,1,1,54,53,,,1.202941829,1.203414504,2.561937288,248.9071836,-0.596871423,-11.43589113,1.85729397,-0.566321883,1.092874058,1.049409515,0.152255559,0.080178443,907.1970081,914.2356664,273.8629142,343.7393275,3.120363807,1.077431511,1.070579329,0.153114638,0.182776106
2902,1,2,54,54,,,1.179384141,1.230755142,2.502198054,351.358497,0.5358797,-35.03454817,-2.768638472,-0.561431589,1.06340687,1.085704913,0.083015629,0.130774988,1065.425544,735.9559592,215.8001353,244.1197292,3.545721631,1.089029897,0.950335617,0.323293157,0.142863765
2903,1,1,54,55,,,1.188168014,1.206471808,2.513966931,337.5167324,-0.423855626,-15.8145173,6.179791103,0.235382669,1.072525575,0.962561519,0.236166619,0.087789313,988.7013636,776.5460259,118.9805992,57.4824696,1.959799572,1.10145625,0.989668492,0.166102676,0.10763551
2904,1,2,54,56,,,1.174544177,1.235060911,2.69130547,302.6561303,-0.916246782,-25.12152191,0.854604552,-1.270289973,1.033865935,0.915843383,0.155050358,0.152872557,1016.577712,857.1401607,344.980848,176.795211,2.238774649,1.071890614,0.986646791,0.18829921,0.083326391
2905,1,1,54,57,,,1.213851688,1.220378378,2.478695603,158.1743478,-0.507979101,-22.35186599,1.105764639,-0.688260724,1.033739799,1.06520893,0.069099837,0.193283181,904.2780346,924.094138,200.2572671,205.669138,3.182166632,1.107302942,0.926108959,0.169341182,0.195404883
2906,1,2,54,58,,,1.185541166,1.218295163,2.533459771,193.9464404,0.132855896,-17.12537562,-3.973657381,0.126720432,1.041341786,1.118682306,0.062146011,0.067154034,1003.28894,763.3839849,83.05973419,273.7103791,4.198226349,1.017821555,1.045975971,0.285967308,0.040702784
2907,1,1,54,59,,,1.217626347,1.22536305,2.532415421,374.4620607,0.151802671,-26.50682361,2.334810726,1.09490713,1.057089076,1.090105301,0.13216293,0.124412345,929.3486752,1005.028328,268.0465354,184.44324,3.583534141,0.994611306,1.02813234,0.209835288,0.069313548
2908,1,2,54,60,,,1.206410959,1.193973066,2.572062919,368.1090342,-1.161430047,-33.97182751,3.997869037,-0.953262522,1.057422843,1.009756107,0.131095538,0.107327279,956.5636761,771.6975122,60.56290068,368.5068995,3.187862805,1.07187304,1.017030941,0.185165147,0.189117978
2909,1,1,54,61,,,1.220313174,1.205654369,2.477655876,366.1738953,-0.271764464,-34.7434775,-0.54155276,-0.268693714,1.06935608,1.132616071,0.176096326,0.098501597,1034.155136,869.9485088,214.5290431,125.6423977,3.617868951,1.051112363,1.047571208,0.161562524,0.201910171
2910,9,2,55,9,Fails: T4.2,,1.224691565,1.218736808,2.689624326,346.392459,0.061243263,-38.76712843,4.429512043,0.694847162,1.083669277,1.020841682,-0.028066008,0.083706805,961.8883719,857.4684421,197.2157805,270.6882307,3.858783215,1.131809545,0.873775496,0.326125999,0.13268956
2911,1,1,55,10,,,1.221085001,1.195816968,2.612743292,148.7980521,0.638992949,-23.25461845,5.638730126,-1.029738027,1.058575571,1.083221888,0.165820085,0.121528543,800.3108843,974.3075691,287.354883,373.1554909,3.599999298,1.055298188,1.045727124,0.204162722,0.164186155
2912,1,2,55,11,,,1.230850514,1.218502332,2.555419889,231.8062824,0.731900434,-31.84649798,-0.150555581,0.413074717,1.047555926,0.989870947,0.261232267,0.142497236,900.0810488,964.5669297,310.366694,269.5101946,4.535282432,1.103221229,0.936531841,0.177278631,0.124300039
2913,1,1,55,12,,,1.220740396,1.236588901,2.532488396,454.6555779,1.047682587,-9.801154217,-2.554824698,-0.09154757,1.071422645,1.102722577,0.21579296,0.107903441,814.817758,875.9711868,260.2783424,265.676938,5.351556584,1.106983613,1.004636396,0.154195323,0.157636371
2914,1,2,55,13,,,1.178013019,1.211328572,2.601015653,313.4496161,-0.621511369,-30.92324294,6.157333929,0.039041024,1.017584536,1.126656063,0.258551899,0.144383487,991.5828173,970.222136,100.6685871,306.8069353,4.474235143,1.01595802,1.125885991,0.240626235,0.115655135
2915,1,1,55,14,,,1.212067999,1.198786157,2.554877695,291.9644711,0.280472444,-26.45425267,1.973635931,-1.062682431,1.023853027,0.861690336,0.24328385,0.159689835,854.6712288,709.0212453,297.041483,326.9248267,4.061826633,1.119018627,1.00501172,0.108440384,0.152758774
2916,1,2,55,15,,,1.164250427,1.226463009,2.559701722,301.036318,0.848539782,-23.52429933,0.642880988,-0.500328075,1.044670877,1.054181217,0.277649221,0.145712906,949.1958348,982.6535298,171.1086766,176.1689493,1.258102875,1.057878529,0.983801712,0.207097575,0.19040293
2917,1,1,55,16,,,1.205311805,1.191262507,2.714506378,300.9242611,-0.610534571,-32.08006383,5.181665991,0.09568308,1.039918712,1.025247816,0.177750126,0.094524516,1116.494681,861.6713062,278.1655255,192.3759796,3.517126563,1.053707914,0.995693468,0.225945097,0.156732483
2918,1,2,55,17,,,1.199556837,1.180016168,2.594508917,296.0323929,-0.609592744,-24.8152826,5.028523718,-0.921417579,1.047818865,0.979042753,0.189215654,0.114327123,944.5531655,867.4285496,267.808796,322.9292542,3.387380572,1.083936496,1.011709074,0.181281251,0.140877238
2919,1,1,55,18,,,1.181943771,1.190168553,2.530067313,297.7267105,-0.509035651,-23.14964394,2.74625802,0.081103694,1.058734706,1.140478159,0.17504015,0.123781321,1107.045098,978.3028248,302.0343721,208.2555866,3.257140498,1.094118261,0.922912805,0.21074285,0.134244728
2920,1,2,55,19,,,1.219401955,1.188046161,2.607693057,193.4237864,1.686124959,-20.90539698,3.215300594,-0.616350549,1.003086591,1.100742331,0.129924363,0.19605941,938.9476966,951.4866004,163.3547856,261.7386775,3.849822159,0.991454694,1.08345006,0.086027481,0.17336579
2921,1,1,55,20,,,1.174513045,1.229692147,2.559227113,194.4728918,-0.478958419,-26.30748244,3.637761618,0.210705814,1.057136134,1.120678903,0.268987551,0.099445149,932.0364539,926.6810338,329.2774471,96.89679144,3.946750869,1.097660945,1.092812093,0.19244891,0.148205299
2922,1,2,55,21,,,1.180191166,1.182576521,2.540904479,447.1745429,-0.412581208,-22.017567,6.9419499,-0.288911181,1.044290415,0.993317771,0.184701109,0.098642185,1076.96477,789.7082596,206.7720954,196.1396679,2.981772192,1.070346181,0.943524228,0.18763326,0.124862281
2923,1,1,55,22,,,1.217161422,1.189011746,2.624719257,366.7524111,-0.897674519,-30.80081297,0.12968317,0.358652963,1.12089131,1.097860259,0.19216968,0.119232517,900.9361557,803.8983333,356.427745,387.6594754,3.018565745,0.993231832,1.074125414,0.292943288,0.15629052
2924,9,2,55,23,Fails: T1.0,,1.133577817,1.199968,2.657906154,188.0530564,-0.486116752,-23.7395981,3.652064024,-0.656076332,1.080048267,0.995836635,0.168038995,0.088666842,953.1260759,889.0493237,436.8538396,152.4256685,5.339846552,1.136191533,0.971528745,0.206290763,0.116538459
2925,1,1,55,24,,,1.179861114,1.228064932,2.64225006,192.9905367,-0.281267888,-11.67497201,2.881538324,-1.124462035,1.058657306,1.045138833,0.302124631,0.128484106,976.0800964,903.1068216,320.1529552,300.8946377,3.822379765,1.045691508,0.959465245,0.231755567,0.110668494
2926,1,2,55,25,,,1.172774728,1.191822373,2.541203893,260.312013,-0.246270569,-28.28858578,-4.339901774,0.936016612,1.097385014,1.078773523,0.162965015,0.107746983,876.9004047,916.4780431,251.0891833,216.6353099,4.494792563,1.06330266,1.132851339,0.231271678,0.218249545
2927,1,1,55,26,,,1.159766659,1.198317013,2.508942194,267.084639,-0.214572428,-22.68378364,-1.085770002,0.422703528,1.051385741,1.048304628,0.151567268,0.088470765,877.3927828,794.1553056,222.2495671,313.9002986,2.214446272,1.049651043,0.984039307,0.164132985,0.156150589
2928,1,2,55,27,,,1.201249139,1.191687834,2.53251011,518.2717559,0.662217392,-15.39894516,0.481084451,-0.237290614,1.100307376,0.966617846,0.268565636,0.102301463,841.5463514,899.2279622,100.2363431,217.2605069,2.871784318,1.119410903,0.93935844,0.13924958,0.154815865
2929,1,1,55,28,,,1.23085252,1.198922273,2.591954303,452.2554734,-0.568766978,-24.95855,0.455966736,-0.303433597,1.141425125,1.078481092,0.120228028,0.098473437,996.2149431,873.9791419,223.9734525,261.2034346,1.362289339,1.056925711,1.09746567,0.197018007,0.139861051
2930,9,2,55,29,Fails: T5.1,,1.175175838,1.230341464,2.531931262,271.3071772,-1.766684638,-12.29653646,3.260258819,0.547406457,1.037453392,0.98506707,0.139484581,0.050122412,942.542669,667.8068252,226.2371478,284.6437997,3.663081347,1.072274536,0.990288766,0.318215594,0.077239137
2931,1,1,55,30,,,1.211218377,1.206702847,2.453982553,226.4542068,-0.079271596,-11.74822903,-0.629901407,0.461491297,1.101101328,0.989105148,0.206112036,0.088801896,851.1243996,852.9104977,199.2835833,398.6729553,3.067778628,1.109935567,1.033894597,0.210948588,0.202652789
2932,1,2,55,31,,,1.21187945,1.213482843,2.537516132,344.5941184,-0.078850439,-11.81123885,2.591677227,0.272177944,1.114180354,1.063875724,0.248854328,0.146141727,903.203071,857.9443462,194.2537676,123.6935522,4.617186126,1.068606591,1.131013846,0.085233309,0.124219424
2933,1,1,55,32,,,1.194538021,1.207362929,2.485608952,193.3634498,-0.96052321,-23.53466129,-3.381111741,-0.178431804,1.012290983,0.969722451,0.185120972,0.131909223,891.8696564,768.3762875,190.7750239,79.66897775,3.619943252,1.057954485,1.004504175,0.224081919,0.158404759
2934,1,2,55,33,,,1.191572787,1.194472145,2.513714016,420.0415827,1.728355896,-17.5101899,-2.790293791,0.398568518,1.064182665,1.019670072,0.151500897,0.028720777,1096.284514,959.3490098,255.3384949,259.4193604,3.569620283,1.091471653,1.113188623,0.252959514,0.162280242
2935,1,1,55,34,,,1.183836628,1.201585798,2.521063169,319.3471663,0.504950547,-21.66248818,1.306605095,-0.479568094,0.971412091,1.092733568,0.280478172,0.136978069,916.9427653,820.0615036,301.1164648,49.04061252,3.996939214,1.089387453,0.935597134,0.233921061,0.139583033
2936,1,2,55,35,,,1.19861257,1.192501155,2.575418614,337.5640215,-0.208670768,-20.51180692,-0.078927119,0.240719687,1.080870268,1.024105086,0.178429518,0.138361267,855.4853395,843.5295869,125.9156386,147.6328921,5.168714214,1.0513424,0.989314801,0.18800966,0.173694689
2937,1,1,55,36,,,1.198822562,1.214285767,2.586050781,377.0508275,0.363232907,-20.61353266,5.846630066,-0.828879622,1.058980461,1.148172804,0.141764786,0.077870709,844.0193685,972.3143628,192.2242904,196.7982873,3.502063515,1.062353225,1.089289236,0.186055497,0.112572382
2938,9,2,55,37,Fails: T3.1,,1.216791883,1.210722019,2.652959947,260.8454485,-0.33351007,-52.48450045,2.394371689,-0.749322853,1.030077495,0.936077414,0.171007035,0.087080919,978.9864906,817.4890106,131.294871,173.5673319,4.121081672,1.100780942,0.959855456,0.225825859,0.173057531
2939,1,1,55,38,,,1.20991972,1.238833145,2.575754932,414.9147522,0.611408881,-25.43344342,3.326737137,-0.144930939,1.066587216,1.014402709,0.304114945,0.128618858,979.2318106,879.2647366,195.4550204,154.0321333,5.249570812,1.144876382,1.056019191,0.163927706,0.188806454
2940,1,2,55,39,,,1.152069034,1.182729596,2.692264074,77.85442964,-0.811997399,-14.14328234,0.662347497,-0.549347773,1.105201405,1.091094476,0.156325492,0.088535028,966.17884,802.7081987,63.51895007,362.9580341,1.656150301,1.055452937,1.033585209,0.098770684,0.095604193
2941,1,1,55,40,,,1.251524463,1.20349117,2.401336439,318.7722963,-0.583609812,-40.99590238,3.50607402,0.292639993,1.055677349,0.976355849,0.290264067,0.085193743,922.5621233,787.0660184,240.2361589,300.9523571,5.670691645,1.113026369,0.950360363,0.220142182,0.144318091
2942,1,2,55,41,,,1.184214422,1.182546738,2.692385902,210.2635097,0.24332758,-18.71083709,0.393379927,-0.965170056,1.060010062,1.031745725,0.159139139,0.119532019,1016.200886,720.7048461,108.5082117,393.9396577,3.091298107,1.06963794,1.036860138,0.334741069,0.116793943
2943,1,1,55,42,,,1.2329346,1.184590223,2.618026368,226.2835108,0.089092631,-16.44962208,0.246847782,-0.733544987,1.016428963,1.034311,0.189324049,0.15388409,942.961579,949.9602954,82.62911393,222.2964251,3.953955311,1.112815836,1.043401028,0.246180499,0.124115309
2944,1,2,55,43,,,1.217653251,1.226011025,2.455417806,240.8751717,-0.712214813,-16.84832002,-0.885209816,-0.617557332,1.046158715,1.081958921,0.195401756,0.081009637,907.4030291,929.5218147,111.2364662,221.1370334,4.313333981,1.027651401,0.942200636,0.22097319,0.191865949
2945,1,1,55,44,,,1.216475468,1.210105721,2.581183338,381.089156,-0.181853682,-19.8616794,6.321348396,-0.972632528,1.082066363,1.030856091,0.228160463,0.077839509,897.9593039,959.5856239,244.941216,226.2132923,3.290488697,1.086346178,0.987975589,0.040485893,0.159316907
2946,1,2,55,45,,,1.142309141,1.231789454,2.602872591,291.1987525,0.417759548,-27.21116175,-1.020752532,0.4495803,1.095214952,1.014711812,0.189749619,0.134282988,933.1436112,848.1452717,229.3077148,397.9222354,4.605958269,1.036784995,1.00526961,0.273321433,0.112096276
2947,1,1,55,46,,,1.211446323,1.237562913,2.690576571,322.2439634,-0.10363021,-16.56477567,0.189135701,-0.900038497,1.085442557,1.041195632,0.136292708,0.106444071,921.3809974,962.5472563,158.7045447,304.7275922,3.069996118,1.051466581,0.916251078,0.220788567,0.102457513
2948,1,2,55,47,,,1.212541706,1.20289864,2.521635517,244.6443191,-1.027076535,-22.5092844,4.03354406,-1.076736347,0.979692833,0.998244175,0.153001661,0.130825814,1029.656122,880.3397731,230.2511939,111.1271096,3.080681351,1.029484187,1.013193419,0.192950552,0.156975224
2949,1,1,55,48,,,1.186537524,1.191173585,2.616689863,385.7619248,0.099024798,-13.23955892,1.732895853,-0.012003635,1.072780761,1.023348627,0.118621525,0.094442482,920.9837216,867.4982391,275.0020645,366.9440572,3.657500407,1.137214805,0.981510171,0.228974356,0.115098992
2950,1,2,55,49,,,1.193774522,1.196299681,2.571112717,316.1080949,-0.610886553,-36.41288689,1.001406382,0.017793897,1.057636449,1.037812786,0.12795617,0.038653563,969.8905489,847.3481352,137.5076869,212.9147362,4.901179449,1.162291152,1.024463735,0.202100637,0.117649846
2951,1,1,55,50,,,1.209500464,1.18308271,2.540812558,392.6425996,-0.838217526,-20.63376017,-0.886719596,-0.760366072,1.043626699,0.978590218,0.15445533,0.110712559,953.7120735,996.163085,211.8548763,294.468949,3.100670132,1.123547897,0.945290111,0.17865852,0.139747911
2952,1,2,55,51,,,1.195407938,1.20200331,2.493269523,448.9500973,-0.591521967,-27.42993187,1.2409186,-0.971883828,1.138132041,0.989499223,0.279783533,0.097972687,950.0680505,818.251858,133.7823326,184.879437,4.950547222,1.021131792,0.936423473,0.255393987,0.147279349
2953,1,1,55,52,,,1.202042933,1.222107407,2.578137012,239.5205458,-1.892793418,-23.49023136,-0.07965249,-1.09788767,1.143441151,1.106609795,0.257357061,0.153643177,1084.023344,991.6744541,190.6471567,243.1227252,3.826201752,1.075155803,0.952374385,0.271845035,0.142727307
2954,1,2,55,53,,,1.198635949,1.205166612,2.496361212,233.1972583,-0.108447672,-15.96429196,2.645259701,0.152907306,1.025573676,0.961804104,0.269211539,0.094503985,924.7631413,768.0306584,296.7485712,90.41047637,2.297407924,1.1331795,1.068266535,0.142264137,0.206791995
2955,1,1,55,54,,,1.20186584,1.19397883,2.484902028,240.2229239,-0.625914245,-21.17018301,1.27193287,-0.205354508,1.037901258,0.907034246,0.127506992,0.15299323,1014.736646,950.500937,295.3087704,287.4340314,3.477048812,1.154810466,1.034995933,0.187134125,0.129615717
2956,1,2,55,55,,,1.160964148,1.21004789,2.528994847,240.8726481,-0.021710677,-20.09099966,4.39367302,-0.516871793,1.041488374,1.033472974,0.259618611,0.084132642,839.3516298,805.1422108,96.34559965,285.353585,3.465413756,1.054238609,0.912431118,0.249039286,0.205433019
2957,9,1,55,56,Fails: T7.0,,1.189016612,1.230547825,2.594038202,261.996296,-0.653716988,-34.52468619,1.461981629,0.166439477,1.020636378,1.027485296,0.197501019,0.108509294,1023.174517,924.7374142,71.95914964,103.2936764,2.805942424,0.949491287,1.084011947,0.178303662,0.153773477
2958,1,2,55,57,,,1.212310624,1.222689801,2.594122459,315.2628002,-0.455420756,-15.37326431,3.975950267,-0.394224011,1.086123125,1.056398268,0.18687575,0.092080076,1017.27517,919.0485687,222.1486661,364.5933431,2.832811507,1.079463714,0.982535575,0.119874079,0.107983588
2959,1,1,55,58,,,1.206152853,1.222288165,2.644061317,231.4084913,-0.009619955,-18.71601177,3.177773897,-0.648322643,1.075152109,1.018169521,0.165345068,0.071330387,914.7055319,1071.124158,158.0137593,297.2733004,5.296075275,1.050966419,0.97902452,0.210000217,0.20486599
2960,1,2,55,59,,,1.175002586,1.246712228,2.545583723,276.5298931,-0.567313989,-12.61101357,2.527516741,0.167972473,1.07335111,0.995379063,0.14107587,0.077492518,927.0077021,874.4558501,177.6221585,220.3968497,3.899528988,1.045394824,0.993376424,0.13534835,0.069616234
2961,1,1,55,60,,,1.187768651,1.204190673,2.53978394,256.9522945,-0.300277452,-23.60699268,4.145553526,-1.060192422,0.968179278,1.010396817,0.160621373,0.134827551,874.3701186,796.603724,267.7702599,268.323612,3.73006663,1.155488403,1.10589344,0.299039901,0.20354823
2962,1,2,55,61,,,1.229417163,1.182761206,2.38121252,308.8164625,-0.092916913,-8.783053396,1.748997439,-0.620700556,1.088445856,1.058307299,0.251486496,0.11477539,851.1531643,886.2945119,173.9045313,267.9354953,2.602855615,1.09274406,1.045053522,0.246509139,0.081383192
2963,1,1,56,10,,,1.181272445,1.198907326,2.577417599,383.8489646,-0.460156812,-21.53524075,2.183185136,0.0870612,1.142819846,1.086309285,0.216527523,0.109351991,1033.841501,1056.552616,56.46690155,174.1137837,3.486266426,1.069345713,1.03401127,0.27508604,0.135937781
2964,1,2,56,11,,,1.178356478,1.213337701,2.562057876,410.2578229,-0.392055733,-16.6137337,1.565037012,-1.261744721,1.033966631,0.984575857,0.217612415,0.075165245,789.9192348,953.6410493,196.4169325,164.8526119,3.480376674,1.10294961,1.042694119,0.214385131,0.093953063
2965,1,1,56,12,,,1.223228105,1.186139679,2.595053094,151.4597996,0.298483419,-5.413568386,3.089855188,-1.207176611,1.098226416,1.057736072,0.241589697,0.074120799,975.1952517,951.7906338,106.2671517,57.45622292,2.979304293,1.077481286,0.922934642,0.117974061,0.11506405
2966,1,2,56,13,,,1.212404519,1.217740097,2.469050364,335.7730991,0.483346107,-28.07877012,-0.362607729,0.02637029,0.999010333,0.922176562,0.239279203,0.169733571,885.275496,851.2692902,152.3394597,317.2843239,2.415977668,1.086195742,0.994075963,0.22334409,0.200745115
2967,1,1,56,14,,,1.200289346,1.228502152,2.582760658,290.8142083,-0.591046769,-14.42908008,1.157551625,-0.891849886,1.036685342,0.92787758,0.295022053,0.091677915,757.3201019,777.5620679,314.8218602,206.7419351,4.895363053,1.058733837,0.945644419,0.214326927,0.116733952
2968,1,2,56,15,,,1.197012592,1.192290353,2.625732272,162.6652681,1.055804792,-18.5254234,1.299167534,-0.405379877,1.082733622,1.031827478,0.181861368,0.073541518,1079.745795,848.1962043,169.4673829,55.32534252,4.764589999,1.10983628,0.890319392,0.172244503,0.147410833
2969,1,1,56,16,,,1.213306076,1.208043824,2.51484255,288.4339529,-1.57494242,-16.61184149,0.747872371,-0.899771547,1.013689368,0.986271153,0.151631561,0.201921528,932.9762341,1051.901906,217.9775228,268.1811129,2.777874637,1.086794912,0.944789182,0.282450305,0.102464469
2970,1,2,56,17,,,1.212019599,1.174561201,2.556359396,344.0954766,0.444459975,-25.28429703,2.248375499,-1.128199644,1.055243057,1.116320351,0.23714755,0.102485642,1000.670991,738.0845198,124.283697,374.9313481,4.793898257,1.02862447,1.12043918,0.147632408,0.132607283
2971,1,1,56,18,,,1.183477203,1.191041666,2.56564362,263.1483009,-0.354736311,-7.420973335,2.524267515,0.025432579,1.083362046,0.969333458,0.220323213,0.084212721,933.1541376,885.6707255,254.7347746,151.584674,2.086280434,0.9970572,1.056361411,0.158820337,0.15284034
2972,1,2,56,19,,,1.196476472,1.177972685,2.546641777,257.2975759,-0.771027074,-26.12526315,6.297111844,0.21433268,0.977890769,1.070315069,0.223918376,0.144887529,1010.76517,975.410417,323.1655363,279.6858182,2.703815334,1.107165306,0.99377531,0.123965144,0.161129531
2973,9,1,56,20,Fails: T4.1,,1.163155498,1.200401215,2.512388908,240.6964279,0.30346367,-16.5381978,-0.368444625,0.067416643,1.061649979,0.820230009,0.267008659,0.179509319,954.6616872,710.1628667,102.8530705,171.162462,4.178548953,1.10180051,0.996513801,0.162730143,0.115362182
2974,1,2,56,21,,,1.216281778,1.234402069,2.529032904,332.2215069,1.004281686,-22.05620472,-1.993016719,0.121698347,1.132913685,0.885690665,0.161704685,0.11692965,894.4666221,968.8417566,294.8034043,200.0337926,3.89810553,1.056164216,1.09534723,0.191164582,0.185476558
2975,1,1,56,22,,,1.208177199,1.206417254,2.48390112,253.9843761,-0.530601429,-22.6278671,-1.154045826,-1.347340194,1.110057856,0.989972474,0.142462956,0.107579191,959.3433677,759.7989554,182.4821084,306.8940058,2.864973096,1.019625789,0.931660638,0.108147823,0.080091447
2976,1,2,56,23,,,1.217314493,1.197651784,2.610579706,98.5176255,-0.770694382,-30.97853713,0.166350729,0.133425188,1.031770566,0.985063244,0.17100462,0.033438306,915.2132497,937.4192921,277.9221388,175.3517784,3.741120119,1.104253625,1.106834376,0.315451412,0.118046278
2977,1,1,56,24,,,1.165952906,1.167721987,2.514513306,452.1288688,-1.155518724,-23.97308132,4.85674658,0.132502414,1.053626022,1.091927247,0.152379956,0.060534938,923.1485784,909.1661324,327.6944585,291.0612136,4.039185395,1.119250641,0.906562351,0.148171001,0.154982641
2978,1,2,56,25,,,1.151984009,1.218784957,2.51745708,456.0550137,-0.205534692,-13.35784647,3.917893484,-0.530730338,1.067349346,1.062968271,0.15232651,0.112638883,879.5821124,922.2077361,281.7599773,34.95611202,3.668624675,1.081098782,0.950911516,0.109730849,0.118050785
2979,9,1,56,26,Fails: T4.0,,1.204580892,1.195468351,2.594041175,316.6951793,-0.800492937,-21.60851617,0.172270174,-0.910481023,0.951668483,1.009176924,0.220571806,0.155444104,1061.422773,899.2423758,191.2467545,398.5386229,3.57705251,1.09178562,0.986052447,0.134069361,0.096162167
2980,1,2,56,27,,,1.177345723,1.221199195,2.564675858,236.5777513,-0.370607042,-19.8809066,5.568516294,-1.232186713,1.022177836,0.975959022,0.146628359,0.077617926,920.2324052,927.1622615,213.2653036,439.7431571,3.442966694,1.115391531,0.990376894,0.171959338,0.156659142
2981,9,1,56,28,Fails: T7.0,,1.204679025,1.219617569,2.612962992,465.0457107,-0.226169041,-32.55715193,-1.464368878,-0.44929878,1.09860463,0.937288574,0.193914958,0.112600001,892.3975699,868.1883715,149.1257473,226.1525062,1.338689867,0.959163809,0.973614837,0.249723873,0.165776531
2982,1,2,56,29,,,1.18481882,1.186536831,2.61299232,222.1922325,-0.232645647,-18.68480272,2.81787097,0.151924632,1.022639973,0.937221861,0.254829357,0.095805237,882.2681889,713.1283797,155.8346241,184.1272062,2.969815122,1.017035908,1.029406762,0.184948983,0.196726388
2983,1,1,56,30,,,1.195502774,1.207426313,2.560234642,196.8046236,0.082548322,-32.24122735,0.893985052,-0.464874159,1.094170208,1.057625366,0.262380343,0.129842688,955.875718,1071.986646,264.8795482,216.3543105,2.785053846,1.121681644,1.062192739,0.176477137,0.166944421
2984,1,2,56,31,,,1.205861147,1.20501112,2.590800377,401.5338054,-0.882000082,-19.32463671,8.684193087,-0.805225095,1.004969072,0.953581162,0.21603705,0.070272773,867.415204,787.4763916,199.4208256,466.8248463,3.922433203,1.09699775,0.987611882,0.312117555,0.188411894
2985,1,1,56,32,,,1.194651156,1.215274594,2.51976554,188.5374011,0.399458124,-16.57125845,-0.366561085,0.455313723,1.013640469,1.029464223,0.170639492,0.008112484,986.2526945,883.8360348,134.7264036,427.3271286,5.269573575,0.995161789,0.937416429,0.23265804,0.139266545
2986,1,2,56,33,,,1.247156233,1.212527705,2.580616365,315.1019985,0.078850736,-19.30202422,-1.666288178,-0.141097939,1.050301189,1.030298223,0.199331413,0.07651869,935.9313253,870.3976555,145.6829835,120.9517621,2.736679595,1.028667634,0.87760006,0.115114451,0.210837417
2987,1,1,56,34,,,1.186883944,1.21188977,2.509236447,258.6066161,0.998162675,-2.373240569,0.956212952,-0.45561134,1.054807998,1.079696423,0.226044074,0.149163989,828.3990209,1003.23603,192.29843,255.4483054,3.578882926,1.030467483,1.007713342,0.238110603,0.204983126
2988,1,2,56,35,,,1.215319857,1.195552195,2.577371311,79.1103236,0.296753743,-8.491278314,-0.715539694,1.347879439,1.033366471,1.039117218,0.2024358,0.080116586,969.7527098,754.4826038,386.3156692,244.764734,3.880260631,1.059278006,1.115551105,0.189062289,0.197076346
2989,1,1,56,36,,,1.191684118,1.215870957,2.699498042,254.8030501,-0.131780954,-24.53457154,3.234238888,-0.844888154,1.081731791,1.107257618,0.226277655,0.084299162,886.999163,857.3017108,205.4324929,98.74329158,3.605922082,1.131222378,1.017727567,0.177475206,0.140981225
2990,1,2,56,37,,,1.216407095,1.204365673,2.645834602,61.62298056,0.335786632,-17.10996964,0.458767284,-0.743199747,1.117289865,1.034033139,0.195086488,0.142278086,926.7387267,923.148438,235.2028383,96.44666613,4.601092598,1.064006351,1.078101729,0.131392305,0.16777507
2991,1,1,56,38,,,1.205112322,1.183796744,2.57288603,399.913669,0.429919726,-26.06680742,4.278236583,-0.305870527,1.045038064,1.112876649,0.210734904,0.229058294,1063.819964,1026.764461,138.708069,394.5870216,2.863613998,1.077814206,0.950658169,0.307887447,0.177099538
2992,1,2,56,39,,,1.176272636,1.174278586,2.543416841,232.4042927,-0.338166242,-18.61065116,0.270704181,0.722620365,1.130710193,1.042043611,0.198590194,0.223327292,840.7356747,738.8986596,223.8436199,365.1721363,2.466640877,1.080131284,1.037883042,0.179500427,0.160703026
2993,1,1,56,40,,,1.200535753,1.196114216,2.584171888,210.9302979,-0.268119866,-0.960288872,-0.350211463,-1.33066635,1.101745815,1.122833677,0.288703647,0.126242026,935.2327268,955.6540706,234.3036982,204.9158962,2.549438006,1.063468467,1.003437768,0.293704357,0.109635402
2994,1,2,56,41,,,1.19406159,1.215575698,2.586281478,235.8829756,-1.608181069,-23.77789362,-1.99604955,0.899031897,1.055513784,1.029437875,0.267860047,0.128696679,971.1220032,933.7655285,206.8329707,239.4369435,3.836051687,1.118194117,0.999117661,0.222791574,0.145851273
2995,1,1,56,42,,,1.208327264,1.188397243,2.591192432,290.0655778,0.12828945,-7.831962502,0.873583729,-0.657189545,1.04249624,1.065437409,0.256436978,0.117676093,927.5678459,827.2696402,219.8950566,294.5564928,3.840123737,1.142565936,1.041851435,0.210997355,0.203670407
2996,1,2,56,43,,,1.184014427,1.223251864,2.640615037,356.5900053,0.199045096,-20.99152249,2.266774524,-0.440800335,1.075761346,1.038840936,0.111767308,0.083660433,1080.946098,944.5609444,218.9746169,193.1164226,5.217233641,1.073921414,0.913031046,0.098979996,0.072243936
2997,1,1,56,44,,,1.183287768,1.226150261,2.676445718,398.0398427,0.761688501,-17.79851368,-1.0669221,-0.496442681,1.033182589,1.128876692,0.134344375,0.033343492,873.0885532,1025.392187,270.9682975,299.5665336,3.32141887,1.056311106,0.944364556,0.182416663,0.1080494
2998,1,2,56,45,,,1.188417795,1.237638675,2.559613815,415.0389716,-0.561933589,-12.89816645,6.949289731,0.685091728,1.009613145,0.955233023,0.24141242,0.187723302,1052.850117,934.7147627,394.5578109,270.6772826,2.042709425,1.189128792,1.020498784,0.123029222,0.169517071
2999,1,1,56,46,,,1.24077462,1.21005481,2.519941969,204.4953302,-0.641474025,-22.24748908,6.003883755,0.463790769,1.04883592,1.017920611,0.203342067,0.205022416,793.7246317,879.9486973,204.4179038,259.3363673,2.197674322,1.040870589,0.991352946,0.204026629,0.145527416
3000,1,2,56,47,,,1.195073922,1.215545178,2.537282117,330.4702798,0.206661739,-22.80747279,2.722991131,-0.766723882,0.972484094,1.057385842,0.189831551,0.127822996,901.845957,910.9386906,286.6882797,255.1655358,4.979459595,1.063717412,0.995260559,0.274497487,0.059616323
3001,9,1,56,48,Fails: T5.2,,1.187059877,1.211448743,2.527601889,218.7608473,-0.030999095,-7.06368189,8.022060206,0.266414036,1.107060642,1.16063831,0.224392952,0.141708515,834.3602969,989.9221188,527.3459561,181.7421054,4.999809987,1.021293486,0.980803671,0.263665288,0.114782219
3002,1,2,56,49,,,1.173528733,1.223111553,2.514397907,304.8158977,-0.282416256,-15.73005137,2.8443527,0.483231015,1.015652909,1.029199001,0.119151507,0.037236075,835.4696495,855.7629957,179.3232251,349.0447906,2.0382095,1.063731518,0.97944415,0.141971685,0.102932356
3003,1,1,56,50,,,1.204239008,1.200665232,2.548945683,314.905905,-0.151423142,-16.57425351,-1.142724527,-0.901737762,0.986225332,1.008370095,0.177678745,0.126701572,827.7782006,959.8229774,174.2272803,198.9943258,4.966235206,1.106557152,0.939386829,0.21153365,0.182973543
3004,1,2,56,51,,,1.202776348,1.221469873,2.530545199,163.0189461,0.968612471,-29.31934128,-1.765909729,0.641264854,1.052745382,1.033767305,0.0988552,0.096612879,937.3810756,937.2787385,200.2167723,303.3972123,3.714525929,1.077211489,0.96440993,0.229098595,0.075677494
3005,1,1,56,52,,,1.222917783,1.223496911,2.473689772,332.7613641,0.973406616,-24.81860764,3.446728698,0.34712679,1.041760394,1.075760624,0.184121348,0.102904383,1047.493816,943.9527833,228.7255252,271.2430899,2.992557592,1.097683777,1.040158155,0.226679299,0.139158623
3006,1,2,56,53,,,1.197259142,1.2196624,2.465538499,274.6397343,0.609255669,-23.36575875,4.825134278,-0.049054706,1.020884448,1.097235577,0.154033739,0.050199554,814.0168376,917.5215749,337.6383216,325.0315238,3.651715887,1.058538145,0.902295693,0.288710559,0.133361073
3007,1,1,56,54,,,1.188288919,1.228859475,2.485553572,195.4019925,-0.45131459,-2.110280118,0.224487688,0.290386494,1.075865698,0.996518533,0.192819033,0.138743212,989.1255554,727.906651,99.3606515,421.2301658,5.05587567,1.057828868,0.983152949,0.009608294,0.199007881
3008,9,2,56,55,Fails: T5.1,,1.19533201,1.204743886,2.588314511,206.536982,-0.643305598,-15.01523167,4.082000022,-0.010358887,1.047323532,1.060108424,0.078596486,0.079414503,879.3570117,611.7295484,219.0787212,275.2158796,4.468710097,1.088921948,0.97667026,0.246969753,0.180751373
3009,1,1,56,56,,,1.188946669,1.230620985,2.569242378,225.1413691,-0.917076146,-6.872092595,3.217644958,-0.184478569,1.061041382,1.05088949,0.217513364,0.100584456,853.6823118,968.4347493,211.3284667,325.3448535,3.509995289,1.044292293,0.992453546,0.216205754,0.124725049
3010,1,2,56,57,,,1.217507847,1.163122346,2.495888109,355.7838086,-0.478902114,-5.703946455,6.167832942,0.064463698,1.061541227,0.985271588,0.173850824,0.049911868,896.3846594,1004.877084,213.2734176,172.3816401,3.808204413,1.013579044,0.946115092,0.250334369,0.062247774
3011,1,1,56,58,,,1.201310903,1.224332729,2.519369685,215.1429704,-0.572809608,-19.52886891,-2.752775921,-1.262727245,1.117199717,0.995194865,0.057984349,0.089880637,998.2428399,757.7315236,257.0879972,228.3624504,2.09390123,1.14546105,0.973203362,0.147523674,0.029772887
3012,1,2,56,59,,,1.221473729,1.201176253,2.574703062,210.9274126,0.139554904,-23.96848585,-4.023621927,0.337523377,0.982392178,0.92838087,0.213389412,0.119904547,863.6961234,751.0395361,125.7658671,322.8522941,5.440854972,1.063741439,1.053998261,0.174108666,0.162774033
3013,1,1,56,60,,,1.164909153,1.220837709,2.61686915,162.3454387,0.520656284,-25.30003218,4.196927893,-0.033157485,1.01869896,0.944280036,0.256947845,0.130283312,1018.461744,857.5094635,159.4589388,178.8477758,4.450012441,1.127200651,1.125673095,0.183660456,0.178744161
3014,1,2,57,11,,,1.205035493,1.231038123,2.578067357,298.3879394,-1.558692873,-31.29323553,-0.254580977,0.548793948,1.139642238,0.971675902,0.233313361,0.096221697,867.2025948,828.4383653,173.5915156,270.505308,4.58774186,1.038307559,1.084459088,0.22074044,0.147702889
3015,1,1,57,12,,,1.184995312,1.185843361,2.563852505,218.8420242,0.48017503,-17.21877941,-0.151168921,-0.713526631,1.080774123,1.024413909,0.103534703,0.155320275,1034.591205,1015.620237,210.6638386,215.8329119,2.798111255,1.073946854,0.957673293,0.132783429,0.166628101
3016,1,2,57,13,,,1.193715447,1.216645263,2.515101212,159.6350646,-0.267814304,-21.90548469,-1.238681318,-0.713659875,1.111717217,1.028617261,0.21215498,0.138643007,1057.469489,717.5383302,310.4292951,340.1886456,4.631272757,1.134565185,1.071716752,0.170386756,0.151275401
3017,1,1,57,14,,,1.207178134,1.211668287,2.578585532,348.0807247,0.044606345,-5.334190907,1.834093276,0.873123715,1.120984118,0.98847609,0.202218318,0.056262653,818.8149665,878.3937785,197.4146353,235.2451551,4.265563022,1.076524733,0.907170545,0.125167727,0.146675472
3018,1,2,57,15,,,1.208874661,1.23751147,2.610452619,215.5630893,0.971120567,-33.28735954,-0.647639513,0.285895252,1.012412183,1.008452363,0.229975402,0.095184072,930.8344392,945.8458235,202.4704944,307.2653546,3.110302012,1.040105805,1.055406398,0.216895752,0.118670796
3019,1,1,57,16,,,1.166287806,1.223838025,2.518124155,373.0391127,-0.26424636,-14.92019365,-0.44608595,0.678061426,1.057521004,0.953807256,0.232520687,0.104563743,779.7172745,692.8570245,237.0471583,245.3645099,4.378746449,1.063751331,0.981470375,0.163518205,0.160672076
3020,1,2,57,17,,,1.18736189,1.20788628,2.535659108,316.0331636,-0.639272055,-22.37808182,2.144021648,-0.271592885,1.026809716,1.000279254,0.128336053,0.116479338,975.302606,906.0478562,126.3440018,257.7246136,3.516768458,1.078399801,1.015996147,0.284992901,0.181397146
3021,1,1,57,18,,,1.196010828,1.227998213,2.548015716,217.3328822,-0.416946571,-20.30450494,3.384284364,-0.521910914,1.064450718,1.062564667,0.230573117,0.063800849,856.5299678,888.664199,258.5216349,209.1889604,3.35725355,1.074490304,0.969250006,0.233038785,0.154956203
3022,1,2,57,19,,,1.176130447,1.190903025,2.558028939,438.0076913,-1.872786945,-27.99584402,4.813500731,-0.315413614,1.039274342,0.948711053,0.173064453,0.082607012,956.1575877,834.705561,259.5557064,235.8586656,5.346178022,1.064881575,1.02106843,0.18939175,0.093045573
3023,1,1,57,20,,,1.197329474,1.237713999,2.588341713,233.9246133,0.690357043,-33.47535867,0.195622032,-1.055942332,1.121073727,0.945576813,0.281335887,0.12120368,948.302225,785.1854773,189.9298626,201.0059221,4.739908998,1.018574534,1.089513661,0.145458084,0.114011303
3024,1,2,57,21,,,1.202681981,1.168950319,2.593524542,313.0211261,-0.803374324,-15.28276165,3.500621489,-1.933163985,1.020012175,1.05289456,0.10077925,0.18731213,829.0362003,1040.947729,70.58604708,231.2394633,5.255915235,1.061256969,1.004082527,0.169634496,0.082598615
3025,1,1,57,22,,,1.190854751,1.201736757,2.673999928,81.51513876,0.811432236,-21.73657689,1.593162844,-0.506249184,1.038945389,0.986853809,0.066840003,0.08368881,1014.860425,837.6011955,165.3966945,265.780038,2.504249436,1.083702562,1.103719351,0.223080837,0.145962067
3026,9,2,57,23,Fails: T7.3,,1.190234778,1.219720646,2.520036881,304.785175,-0.970950587,-31.92760687,6.854375393,-1.137964256,1.054204385,1.090001096,0.264795389,0.1968815,1026.68748,951.1425681,133.7566573,216.8077643,3.09707409,1.118096524,1.080645827,0.173395805,0.250851518
3027,1,1,57,24,,,1.194868081,1.191287688,2.465336668,298.6513608,0.276027949,-7.788803783,2.360865019,0.387356055,1.103142025,0.992483399,0.317494966,0.076526992,897.2601822,1031.830345,190.7596413,235.722626,4.814031664,1.071706754,1.013303987,0.160754527,0.141584208
3028,1,2,57,25,,,1.207388047,1.204063299,2.553435365,82.45557596,-0.517957796,-13.60728126,1.224122508,-0.646487763,1.062769442,1.003883807,0.148485632,0.0525667,1018.883199,975.7361061,149.7407601,225.5469487,3.077838269,1.086055959,0.938302144,0.176529467,0.09316911
3029,1,1,57,26,,,1.224521737,1.215823865,2.564956048,242.5837769,0.832087971,-25.55296886,7.833387554,-0.127666068,1.042661796,0.993759053,0.057104394,0.136947702,962.7941946,861.5443107,76.4411186,173.5400917,2.826500135,1.040928217,0.986310553,0.144609638,0.131845366
3030,1,2,57,27,,,1.153766741,1.20516188,2.607403689,225.947762,-0.003305899,-21.99504707,8.996045321,0.087811276,1.087425709,1.042638721,0.17334455,0.142362604,874.6594078,992.9020999,202.5878282,247.1996647,4.058191964,1.129617402,0.972582312,0.18123619,0.173388096
3031,9,1,57,28,Fails: T6.0,,1.24603887,1.21544233,2.61169009,115.920025,-0.647087485,-21.87259588,2.929466103,0.294015229,1.086099594,1.037782869,0.229701232,0.113901987,935.5434261,969.8742576,121.8432754,263.041463,0.682324892,1.066699562,1.048002424,0.282760998,0.201685376
3032,1,2,57,29,,,1.19245649,1.236512887,2.554101048,289.3906145,-1.292870582,-10.25322424,2.517415159,-0.787270821,1.17211118,0.920893468,0.144078831,0.103033665,984.707829,901.140122,290.3815526,151.8487286,4.026320513,1.085513564,1.072746927,0.256420338,0.109968797
3033,1,1,57,30,,,1.23176843,1.190890125,2.512248593,338.7511873,0.287917249,-22.69956633,1.571802704,-0.080030741,1.113885921,1.095526781,0.200474246,0.082370567,911.2641196,1081.761218,83.63792454,207.1252398,4.385202776,1.026340418,1.030638253,0.216610704,0.169507129
3034,1,2,57,31,,,1.196240059,1.258635087,2.619516767,384.8908707,1.24685686,-2.833358283,9.478072506,-0.748342408,1.060237439,0.985053222,0.116690247,0.076172552,902.3069251,826.3213141,96.01444392,87.09275122,5.031628926,1.119281637,1.060354388,0.259671116,0.073747545
3035,1,1,57,32,,,1.219354289,1.191615387,2.61627572,344.1481881,-0.375178286,-17.53875547,4.567484072,0.394023472,1.072628368,0.896290356,0.170689821,0.127537236,821.8140945,737.5049397,256.5079333,400.0439391,5.26582546,1.118852773,1.004584236,0.202601591,0.1723027
3036,9,2,57,33,Fails: T6.0,,1.183904579,1.15997447,2.640030677,477.407639,0.086504394,-37.7149351,2.086487545,0.200294287,1.063569979,1.060655889,0.225624788,0.155620564,914.2876453,1091.421196,194.0736085,272.9301178,-0.251033331,1.06837162,0.885470723,0.139166318,0.172921826
3037,9,1,57,34,Fails: T3.2,,1.22237704,1.213672724,2.515174658,495.162612,0.369008945,-20.36589479,10.99017801,0.814784973,1.053242889,1.131258251,0.188280491,0.10311522,909.9695008,878.1534205,217.7292517,79.15374176,3.543288458,1.055698132,1.066935154,0.266739907,0.131187099
3038,1,2,57,35,,,1.203389495,1.204488391,2.613361078,319.1234146,0.542212959,-7.318594824,0.54845362,0.136446604,1.006007954,1.031449318,0.137077184,0.096064846,1053.62385,923.9528033,59.2697098,149.7998415,3.834312029,1.050856154,1.027170529,0.134427389,0.151335463
3039,9,1,57,36,Fails: T7.1,,1.191112551,1.216599433,2.574723045,294.3474743,-0.20363993,-38.31331592,-0.986983434,0.266728254,1.032989444,1.053215862,0.2155211,0.117454907,916.3553344,829.5297958,171.3145355,227.5004369,5.345919478,1.035927966,0.830589082,0.20396781,0.085511536
3040,1,2,57,37,,,1.205912556,1.192688199,2.586643195,333.0745318,1.000872158,-15.59933436,3.955783981,-0.579646656,1.065911019,1.066294021,0.248981135,0.225344614,1062.037599,868.7701369,126.1834312,262.7254092,3.645734481,1.113576162,1.057152739,0.057113063,0.125528794
3041,1,1,57,38,,,1.193975076,1.221946307,2.579501384,423.6461244,1.190394776,-38.78438514,-1.034743472,1.169238459,1.005505926,1.126696037,0.21131511,0.039294352,1009.161604,794.310862,191.2309896,412.5285711,4.051084418,1.09752724,1.007093723,0.150723783,0.162148375
3042,1,2,57,39,,,1.176805518,1.231935695,2.524939184,281.6167317,-0.756154666,-13.10635261,1.15972229,-0.419196614,1.053358078,0.95423529,0.131407432,0.106110638,1068.27873,701.7710614,188.8426379,269.4366108,4.592926008,1.053206396,0.967113013,0.177396982,0.181175054
3043,1,1,57,40,,,1.177081653,1.191472418,2.632415503,437.8042089,0.174126558,-33.90141248,6.362324929,-0.873417135,1.088511269,0.982883026,0.243761835,0.093893983,1003.544934,916.3707655,234.2236997,385.5162407,3.618500408,1.041883482,0.91406127,0.261420852,0.233716298
3044,1,2,57,41,,,1.199221365,1.186692947,2.513471864,311.7476498,-1.261762964,-11.76037091,2.844485532,0.235289955,1.016230884,0.970991093,0.242474817,0.087721705,914.427682,977.4973368,215.7682374,187.3013017,1.589451489,1.056122785,1.04972388,0.290363486,0.160219506
3045,1,1,57,42,,,1.233468405,1.210107875,2.563306893,422.2729111,-0.803726014,-35.96462196,2.770062752,-0.976951339,1.010372271,1.090410205,0.117792035,0.150165866,1052.745887,930.2035883,210.5672816,309.8675812,1.335506166,1.012929157,1.079860224,0.248529615,0.125094033
3046,1,2,57,43,,,1.205510855,1.210223543,2.651907854,389.0745429,-0.475447444,-15.47096714,-1.105286735,0.037743879,1.03248938,1.008909176,0.264660222,0.094420767,907.6132554,916.6434106,280.4522309,73.71319113,4.812471044,1.068245975,0.951830827,0.234563062,0.158220404
3047,1,1,57,44,,,1.209787308,1.217410572,2.507468982,170.9544393,-0.219137809,-36.99005068,0.551078721,0.227945813,1.09292967,1.109091026,0.247045637,0.144433877,936.3266111,814.5733053,102.0453317,342.9881127,3.584902005,1.099471931,0.977554324,0.090744173,0.141251876
3048,1,2,57,45,,,1.202790069,1.204870706,2.461880458,322.5501813,1.560679639,-6.673855746,4.373732411,-0.405915901,1.021651573,0.96567028,0.138985564,0.046602729,913.0486058,908.9955092,130.6853449,250.4256679,3.831600403,1.02831428,1.035625073,0.289648097,0.115038095
3049,1,1,57,46,,,1.193970013,1.215672372,2.574521988,217.2412831,-0.392634024,-24.07065115,0.820811876,0.575250123,1.047568272,0.979040667,0.141319249,0.14500883,938.4256618,1077.44614,401.2282964,261.298688,5.67386996,1.095543358,1.000272603,0.080028021,0.068222558
3050,1,2,57,47,,,1.187590156,1.185069326,2.725809532,330.5275938,-0.894628607,-25.93551106,-1.453706121,-0.048050458,1.078369596,1.040793955,0.232542753,0.089432821,932.4232129,950.1386934,254.0132332,323.1702235,4.225606751,1.063716902,0.9668338,0.217031086,0.120791647
3051,9,1,57,48,Fails: T1.1,,1.219402339,1.261254674,2.621001305,364.9719719,-1.18694774,-28.94095053,2.614964027,0.167436821,1.060825726,0.949409879,0.238499796,0.141055266,1006.259632,800.7407907,179.0987704,183.0772775,2.829396886,1.125721137,1.057371743,0.17174495,0.169665129
3052,1,2,57,49,,,1.204055336,1.224966478,2.533239392,133.6093778,0.348327333,-25.37116529,1.517403662,-0.330918045,1.101135261,0.997174312,0.228102661,0.063174049,927.1363116,957.7472247,122.4565995,268.787486,4.716213148,1.010635452,0.955215937,0.223078336,0.149323477
3053,1,1,57,50,,,1.197152706,1.211657761,2.594293943,157.6314122,-0.769405157,-19.04324296,2.328233845,-0.993651261,1.12822362,1.132485976,0.202245856,0.052341399,1070.942664,787.2477345,165.3602046,150.4679248,3.917484858,1.122241484,1.002663433,0.099235111,0.174059439
3054,1,2,57,51,,,1.214903563,1.226290343,2.681260367,439.1688076,-0.049491502,-7.801531361,2.815408481,-0.516155475,1.106762172,1.015458148,0.100152754,0.100385101,1097.965646,847.9862621,197.0443919,220.0262733,4.735897462,1.124293838,0.9250326,0.320456207,0.149071934
3055,1,1,57,52,,,1.208427704,1.203923605,2.49255568,244.6898925,-0.17208829,-24.49554752,-0.417074995,-0.338257652,1.041800263,1.050639445,0.241700928,0.175608582,860.200382,840.9220418,172.7605633,284.4244878,3.012116678,1.090241687,1.086829554,0.20588555,0.082777704
3056,1,2,57,53,,,1.225948427,1.186787686,2.504524595,320.4720134,-0.368050672,-19.92357789,-1.372715465,-0.762816431,1.104537605,1.009190035,0.226486329,0.106962525,867.3563378,954.2338325,134.0128517,198.7495599,3.491321849,1.066008965,0.970890024,0.219446717,0.052690039
3057,1,1,57,54,,,1.181365915,1.206169749,2.541744066,314.95506,0.046911329,-7.786374287,0.825185599,-0.659552521,1.171445105,1.065154284,0.204277911,0.061650875,809.0148299,948.1543526,189.0770871,331.5599445,2.999098478,1.076798328,0.975890868,0.258138326,0.171421066
3058,1,2,57,55,,,1.158022033,1.222067478,2.477879876,252.2482046,0.327039309,-18.53441121,5.599429259,0.724066115,1.100359094,1.071018301,0.182012283,0.121413292,1069.699341,985.3454938,27.08759127,95.34883994,1.569630664,1.093067709,0.92710475,0.128482006,0.173038388
3059,1,1,57,56,,,1.198910432,1.217482956,2.556249726,203.9060834,-0.402312832,-22.69184816,1.783537538,-0.065502807,1.056365421,0.998031017,0.233627911,0.043638705,794.2946742,945.3990575,266.8888771,301.821835,4.588826359,1.10133001,1.065479552,0.173034501,0.083588621
3060,1,2,57,57,,,1.196279926,1.216818439,2.550617252,241.2878579,0.341285034,-34.99807747,-2.775870533,-1.084642506,1.117679208,1.026463662,0.241607054,0.163299449,1040.508155,952.5732457,189.3206544,403.4715086,3.358530925,1.084711341,0.864846791,0.203914589,0.138350856
3061,1,1,57,58,,,1.218880834,1.187392586,2.60673835,207.0319767,-1.070085824,-38.47343399,2.000286832,-0.257138591,1.073513535,0.922676772,0.185700933,0.090989481,949.0374297,983.8517374,71.34357539,275.0677291,4.69198825,1.102380389,1.056024478,0.238948616,0.0795664
3062,1,2,57,59,,,1.173003251,1.184092872,2.58986242,118.2739518,-0.571384828,-18.85687843,1.533947714,-0.704847456,1.058764802,1.05659938,0.221744488,0.135495911,859.4463449,790.5764953,203.0964186,216.1206229,1.569162231,1.049744501,1.05612426,0.225663081,0.164744955
3063,1,1,58,12,,,1.195713012,1.237742203,2.615851497,5.191522155,0.263337923,-18.8660269,-2.331661215,0.771374248,1.06902875,1.001766835,0.206948766,0.205929219,834.0786364,848.0747271,238.3307356,148.6248968,4.765073711,1.051367529,1.034672211,0.218268095,0.201430915
3064,1,2,58,13,,,1.192624873,1.206400483,2.560527255,379.4460204,-0.339650046,-5.326573118,-2.944137667,-0.867387358,0.986891164,1.025205553,0.153330621,0.079295573,955.4933478,1056.737031,33.52059106,230.8699125,5.434883744,1.135227023,0.995542285,0.24005079,0.146505045
3065,1,1,58,14,,,1.199138799,1.223970102,2.538099585,214.2758105,1.097126407,-27.52331111,-2.574981177,-0.10965554,1.09925759,0.969289309,0.17458964,0.105631788,1050.71855,1060.636165,126.1905338,237.6433684,3.288194524,1.037645072,1.031602077,0.204910221,0.120000114
3066,1,2,58,15,,,1.188231734,1.194130868,2.670018491,257.6552429,-1.295642763,-15.39490559,0.596562281,0.97222246,1.0726998,0.982237939,0.227275561,0.115683146,958.0664855,1012.199942,247.3049726,161.4499465,2.717890718,1.065751237,0.975003062,0.257405156,0.145633181
3067,1,1,58,16,,,1.177788694,1.163164796,2.599366055,422.1386375,-0.652962889,-24.43429747,-4.076167003,0.577006372,1.023062519,1.046009314,0.236253023,0.081574734,916.4790578,995.0082736,362.2099102,241.3024008,3.426614271,1.063943327,1.031283528,0.203721804,0.198234138
3068,1,2,58,17,,,1.181705992,1.190120734,2.639039557,375.140424,0.45762345,-25.72927842,2.056834559,-1.7536973,1.039271973,0.914072612,0.260376249,0.161522162,859.024395,845.2674458,248.5541575,157.4080558,3.094049486,1.036325845,1.057644367,0.245314579,0.097902991
3069,1,1,58,18,,,1.206319841,1.198926821,2.555363014,376.4766871,-0.671244174,-14.3237598,3.703830129,-0.454045881,1.02442856,1.027134832,0.194047133,0.126675315,915.9989515,968.8040916,214.3867738,298.9273302,6.291836685,1.047594943,1.014525853,0.114847277,0.126206207
3070,1,2,58,19,,,1.211298937,1.19195512,2.534949652,401.5170065,0.304154308,-33.42975745,-2.85984372,-0.562084064,1.084788363,1.084351485,0.201724147,0.125954024,888.4454253,1024.660441,280.41852,77.98884482,4.434647681,1.113158644,1.003344259,0.253216467,0.136012328
3071,1,1,58,20,,,1.190070089,1.201941519,2.596905668,212.5455345,1.176512262,-28.07198562,-1.410053825,0.115902107,1.036897858,0.960050325,0.271079533,0.141921562,989.5856133,1024.089755,284.6032072,410.4701843,2.875102947,1.040005932,1.032238071,0.238262314,0.08033443
3072,1,2,58,21,,,1.165784875,1.185335434,2.539463135,261.1105736,0.746811611,-10.01859083,1.595339996,-0.531147869,1.010517371,0.908544926,0.285552302,0.084316438,962.7313345,846.8067708,193.9144133,162.7251186,3.013100247,1.102561118,0.899357402,0.196962392,0.195075316
3073,1,1,58,22,,,1.192526,1.22091148,2.594764544,486.0996588,-0.250609507,-21.12249704,-0.350787663,-0.398507101,1.047047879,1.027229139,0.304968781,0.135701779,948.897231,815.5517864,317.1434187,255.2300941,1.812458135,1.134884648,1.046878912,0.262116406,0.14936462
3074,1,2,58,23,,,1.196420459,1.201307963,2.570207305,325.3756732,0.092768245,-15.47936543,0.552393554,-0.272847697,1.154625665,1.138661389,0.147537626,0.145641583,1120.974022,855.7491848,158.4514301,279.1545259,4.181152535,1.057428332,0.982189954,0.209260275,0.191732916
3075,9,1,58,24,Fails: T7.2,,1.189162779,1.206714979,2.529424662,290.1896485,0.057356806,-21.63382088,-2.013310184,0.774543694,1.069001937,1.082822174,0.162576693,0.067220005,1112.497167,895.1981979,313.6169261,157.7856422,3.821862061,1.080348038,1.023523325,0.362214501,0.114693743
3076,1,2,58,25,,,1.145907778,1.208294841,2.504569889,264.1183734,0.322740642,-22.20150383,7.470376023,-1.93267574,0.998482468,1.006951008,0.195934927,0.065823652,893.9889495,1022.136328,214.5316179,225.7433564,3.101659264,1.157155764,0.977928476,0.106511886,0.132260742
3077,1,1,58,26,,,1.206406407,1.246500281,2.544541931,435.3260042,1.012030653,-1.984852251,4.76815547,-0.191465905,1.005720827,1.08766323,0.26628797,0.065276532,971.4784935,726.5989929,280.4849318,171.370468,1.640239538,1.085360808,1.074982157,0.219860889,0.121106716
3078,1,2,58,27,,,1.184340035,1.207584123,2.603239444,372.5962598,0.619832389,-17.95845418,2.075745505,-0.286736484,1.101614528,0.940573418,0.220789396,0.108414236,807.6852519,769.706982,111.9315976,249.5430479,3.367830884,1.097752041,0.94513195,0.164982622,0.088912689
3079,1,1,58,28,,,1.190328965,1.221784253,2.71383876,322.1722845,-1.263882947,-18.54189008,1.777289652,-0.116750365,1.058655857,1.117383935,0.155942333,0.070928207,882.6831488,905.4664233,342.5959266,381.2802141,3.711473186,1.110666741,0.985183829,0.191535691,0.150527447
3080,1,2,58,29,,,1.202621285,1.193771393,2.656689168,246.6058393,-0.666281068,-16.86446258,-2.06053852,-0.435448947,1.047078208,1.084142772,0.124776664,0.123175013,824.4676739,901.5644325,145.2359318,280.3569211,4.582008434,1.085673898,0.975712278,0.294288287,0.160061814
3081,1,1,58,30,,,1.20741231,1.202187809,2.539730721,177.944246,-0.69800865,-20.52609779,1.009176638,-0.227270863,1.127050715,0.935188129,0.148794036,0.09340622,869.2636328,833.0144535,228.0735925,223.5683712,4.181020277,1.116686241,1.015874197,0.138695975,0.134460512
3082,1,2,58,31,,,1.196654002,1.204831015,2.633201617,305.1302102,-1.430390296,6.462142251,5.939376016,0.394451719,1.040481733,1.107015887,0.141606808,0.190680936,852.9442882,850.0585959,193.5898479,155.3863572,4.135061462,1.08018658,0.904335849,0.201569547,0.08479031
3083,1,1,58,32,,,1.174680868,1.196373849,2.522489392,343.5752426,-0.351298209,-5.791801086,4.98916104,-1.035397154,1.084180465,1.080861278,0.229497495,0.136067521,984.8290193,792.9013076,212.488137,267.8473983,3.644145291,1.108369623,1.030033998,0.150684786,0.179190354
3084,1,2,58,33,,,1.181807695,1.178422509,2.508173886,257.4457648,-0.394715756,-7.57078915,5.108228732,-0.391194419,1.082584666,1.136131589,0.176762191,0.144290729,1015.139028,850.1320762,125.5240824,241.723904,3.154304855,1.049656208,1.059731935,0.265373709,0.170055648
3085,1,1,58,34,,,1.23203944,1.215025105,2.52939785,427.4067024,-0.113772207,-13.58799556,0.126421083,-0.406287771,1.090098464,1.162021427,0.300019601,0.146219272,922.8615291,910.6546166,224.0723834,262.237654,3.746022027,1.074985698,1.044863232,0.252293475,0.13721066
3086,1,2,58,35,,,1.208555214,1.224618387,2.4151252,369.8340475,-1.45012458,-10.68166576,4.485451403,0.488586439,1.043306933,0.947430674,0.27920642,0.135220881,941.727647,863.0625958,358.5168988,322.7968731,3.175134472,1.08430001,1.01004278,0.107131036,0.14424381
3087,1,1,58,36,,,1.22082777,1.23669703,2.562569637,98.97232441,-1.075552248,-11.00313643,3.247686831,-0.332231921,1.064083002,0.971615532,0.108258925,0.117393815,864.0185153,962.6522535,169.4622192,214.8042379,3.501899449,1.047895836,0.97798875,0.200991988,0.048888129
3088,1,2,58,37,,,1.196387329,1.206451945,2.504198639,354.7507978,-0.162744023,-14.68263832,-1.636411719,0.240197167,1.03924989,0.989096329,0.181108164,0.071746425,996.388886,826.8993288,121.9451745,197.272081,2.505237259,1.102959817,0.961642967,0.12182122,0.186873747
3089,1,1,58,38,,,1.200462172,1.172169309,2.527574297,491.5808369,0.663969113,-3.931294918,0.290483138,-0.934203971,1.114192395,1.023905602,0.2185753,0.106387715,895.1161871,910.7861171,171.5282099,207.0125186,3.599269082,1.140973372,0.915150639,0.114080778,0.115572871
3090,1,2,58,39,,,1.189156173,1.218699435,2.647643939,422.5207375,-0.411148827,-14.82119773,-1.267570554,-1.214140429,1.028393137,1.046098546,0.156394498,0.160361132,1114.60259,812.5647484,337.4463353,265.7812297,3.261195607,1.054621357,1.048231445,0.150913457,0.08390902
3091,1,1,58,40,,,1.192637545,1.206378944,2.497516366,324.3249059,-0.613713609,-22.55198065,1.731333472,-0.704178282,1.081242355,1.045174899,0.207409593,0.147881253,1044.796001,769.0187521,246.2070476,244.4459139,4.343085901,1.097498288,0.954785342,0.226495485,0.112855328
3092,1,2,58,41,,,1.212902662,1.222307088,2.556135994,265.5610035,-1.13843197,-9.060788552,4.583726142,-0.571572191,0.997509849,1.036554445,0.192801983,0.107475072,964.2059945,749.249024,188.3009554,244.5672134,3.228945142,1.062566929,1.055121191,0.106299537,0.117619039
3093,1,1,58,42,,,1.211081182,1.184887064,2.591603292,166.8900629,0.443574667,-15.48364616,-1.663884872,-0.609889109,1.127237095,1.076762397,0.169589943,0.07315699,905.5554133,1004.007896,167.4877404,353.1634797,3.738105028,1.028022635,0.977068267,0.175899192,0.172081967
3094,1,2,58,43,,,1.211590199,1.220858566,2.511334152,136.5419813,-0.390520913,-9.314812211,-2.425412111,-0.566877752,1.051010294,1.028386507,0.173259018,0.121400508,1015.62699,844.1857974,163.2738902,388.0567471,3.534461965,1.060218138,0.92518591,0.213823438,0.085337665
3095,1,1,58,44,,,1.169589322,1.18344168,2.525364661,368.6385539,0.230995938,-13.23254605,1.564622368,-0.625175956,1.153832332,1.048094356,0.235378693,0.098693331,1104.653012,906.7140342,174.5175549,261.8784938,3.839810432,1.087906447,0.935026177,0.157633734,0.077947323
3096,1,2,58,45,,,1.193509259,1.218459093,2.691129872,223.0965222,-0.615460222,-26.15670589,1.046695391,-0.167138356,1.081416006,1.12507362,0.154994025,0.107342191,1025.75861,884.9098392,288.1129973,200.0949934,3.982553734,1.117765788,1.012999475,0.2951011,0.162807486
3097,1,1,58,46,,,1.164282439,1.253172568,2.578953805,368.6666184,-0.280132756,-17.83848512,5.519484291,-1.147498477,0.992995094,0.986543418,0.199845598,0.140883203,866.9735135,1028.478668,202.3249688,251.7509454,3.152034981,1.079750356,0.970326351,0.227654477,0.151813932
3098,1,2,58,47,,,1.204965368,1.171363259,2.547866558,314.1487268,-1.237610721,-27.02970832,1.084083068,-0.449419787,1.089589853,1.033028636,0.319016734,0.079856708,816.8291209,840.8816194,312.1989712,391.3410627,5.109803936,1.069147772,0.986955283,0.154833673,0.118990985
3099,1,1,58,48,,,1.205680151,1.222831798,2.575916175,263.1059704,0.467248289,-0.966087599,1.898636152,-1.053905144,1.040839755,1.019942037,0.273352677,0.154265764,849.2198951,948.5557253,206.9974218,142.5164067,1.992396721,1.085341453,1.059317878,0.208139959,0.113081564
3100,1,2,58,49,,,1.195487111,1.19819277,2.589971046,280.5316399,-0.483969549,-21.25801253,2.716439985,-0.894276899,1.08449639,1.082431533,0.159104585,0.067242495,1108.436422,925.2982942,267.2357334,246.8631263,3.226836492,1.026726612,1.132396598,0.202473538,0.120002927
3101,1,1,58,50,,,1.177446973,1.236900224,2.541724601,329.5573999,0.347781496,-3.703861897,-1.610509591,1.422198878,1.08382692,1.039974193,0.281011448,0.055184279,1172.171294,776.4490684,227.5045366,283.0709615,3.634197354,1.143398293,0.981671434,0.260157527,0.076357882
3102,1,2,58,51,,,1.193251891,1.22859558,2.606411674,313.586101,-0.258272728,-25.62403528,-1.642184749,-1.852279198,0.992839295,1.038695837,0.283440818,0.146500569,825.1164831,866.4667437,260.4362789,222.5369505,2.183625319,1.000451764,0.977049274,0.206254841,0.179027701
3103,1,1,58,52,,,1.188632714,1.228885608,2.518232026,288.5187382,-1.278585113,-19.00415094,4.20140484,0.069084255,1.118684903,1.05850636,0.258616494,0.105611464,822.7752071,1035.855038,258.401748,180.4715927,3.744238919,1.114812187,0.887383718,0.268345653,0.1464938
3104,1,2,58,53,,,1.217949599,1.209692435,2.51424948,65.92016023,0.400843985,-19.98745118,-0.02708343,-0.129047625,1.020361577,1.124921343,0.076286298,0.130806739,1006.135146,873.7731583,282.8150614,299.1121232,4.355644505,1.041907263,1.06870606,0.175425076,0.117766598
3105,1,1,58,54,,,1.197691672,1.218508741,2.645848354,133.9612197,-1.396832639,-22.71520587,1.863251802,0.35584648,1.028505846,1.048785808,0.160451639,0.096336531,1006.189774,863.4581948,179.5018672,129.5536632,3.668380853,1.117327136,0.944871992,0.197224263,0.115971042
3106,1,2,58,55,,,1.16194345,1.195083898,2.486801604,539.8667146,-0.088953539,-13.97354271,-1.011730175,0.064006805,1.089700011,1.0280676,0.121112441,0.071610821,990.5266431,867.0098055,232.794381,308.1267385,2.010611242,1.079306532,1.013558825,0.204594873,0.08183278
3107,1,1,58,56,,,1.180831667,1.187757045,2.484273147,361.1597226,-0.000467755,-3.87256388,-2.186876334,-1.165816923,1.049105271,1.054006654,0.227270866,0.066082952,958.8330322,870.7918913,223.8853565,226.9664306,3.766647197,1.156258929,0.970507206,0.230954988,0.136958337
3108,1,2,58,57,,,1.166272195,1.240074605,2.487767538,276.4689699,0.855819753,-16.56882333,3.01152121,-1.049072325,1.114898618,1.000387281,0.16132856,0.078784841,872.2713966,743.6561256,14.2042345,184.858641,3.077683254,1.06913268,0.991355727,0.241510516,0.155003394
3109,1,1,58,58,,,1.187315893,1.197406233,2.54962024,272.1898645,-0.284318194,-19.52278959,2.4047297,-0.24675464,1.043694507,1.019718554,0.153898121,0.092015188,914.7215922,900.528424,386.4298683,428.4203275,4.623830288,1.043551917,0.892822491,0.180288853,0.209854508
3110,1,2,59,13,,,1.18937585,1.195444207,2.648630039,440.9459312,-0.206319685,-31.05436924,3.322307429,-0.191694441,1.086425463,1.107988965,0.176212684,0.039587342,852.5302687,823.4886627,158.6109606,358.7519622,3.472122064,1.096458506,0.955260546,0.170735176,0.152689185
3111,9,1,59,14,Fails: T1.0,,1.264670718,1.193840998,2.513305496,419.2151768,0.506370638,-27.03971501,7.086170879,-0.359239783,1.036660292,1.033173894,0.272685014,0.105922079,856.8051976,845.9754566,84.9045785,293.3947254,3.924298616,1.084541205,1.06298684,0.114160581,0.206291167
3112,1,2,59,15,,,1.164065343,1.21596502,2.644929502,391.3905412,-0.901764728,2.958791516,-0.216646863,-1.002348168,1.02733672,1.003539719,0.247682732,0.12115123,905.7893152,1025.440241,103.7693756,337.4410907,4.742247685,1.030743001,0.908351471,0.189664991,0.152198185
3113,9,1,59,16,Fails: T5.1,,1.154374118,1.243767058,2.648521068,251.5635502,-0.05170043,-20.06592216,1.477221461,0.588891379,1.108497243,1.061783277,0.221747725,0.183169429,972.5136592,663.1777949,384.8969616,233.3735411,4.314441841,1.113888966,1.005030976,0.251533601,0.13498293
3114,1,2,59,17,,,1.208659894,1.216117464,2.614491204,439.9835573,-0.466558804,-30.34302816,0.869885015,-0.535168681,1.052540888,1.056698386,0.153763889,0.066488725,868.5584516,765.5485787,301.2932386,392.4006275,5.692772379,1.162124308,1.047325826,0.2323235,0.159214011
3115,1,1,59,18,,,1.155695927,1.220844921,2.609203265,235.4795795,0.274771456,-37.10966652,2.615054384,-0.676164139,1.081009388,1.117839174,0.210752603,0.152309753,1066.401962,927.9229726,331.4377664,372.0782292,4.123033013,1.035239327,0.984193576,0.215108932,0.128302235
3116,1,2,59,19,,,1.240160325,1.188200395,2.548728668,299.0627799,1.470082656,-30.37875818,1.993171567,-0.964668614,1.05351149,1.050880563,0.23406121,0.070148653,1072.745754,964.1987652,272.4973265,231.9225041,3.520208095,1.10508499,1.015954841,0.113715066,0.168946284
3117,1,1,59,20,,,1.166221611,1.193901492,2.556906855,320.3735101,-0.526138961,7.106799587,5.985978455,-0.755088418,1.123781796,0.944121661,0.202956174,0.118610775,991.6516662,847.6019783,131.0687871,185.9629585,3.495660799,1.067854738,0.979779508,0.289477724,0.163989132
3118,1,2,59,21,,,1.217842873,1.196939799,2.460066021,457.3905076,-1.021594044,-20.42635887,1.249122207,-0.752244032,1.012877961,0.985999951,0.172966448,0.079591996,929.577232,682.6344441,235.5700282,232.132541,4.088936423,1.051232593,0.969888866,0.136891818,0.097252109
3119,1,1,59,22,,,1.1734204,1.215950979,2.492529119,300.0557905,0.735193333,-17.37902738,1.969619661,-0.006777396,1.112287512,1.124626015,0.313340294,0.159058004,1030.06346,827.8570184,320.3681187,169.6965886,4.630374182,1.041533041,0.990544754,0.280458172,0.118770419
3120,9,2,59,23,Fails: T5.0,,1.195453367,1.200137158,2.680457626,365.8673333,-0.226742646,-26.13838504,-0.434696015,-0.062578744,0.997141571,1.024268523,0.190674663,0.120580376,1210.897798,983.3527065,150.4650537,266.5827825,3.484422408,1.081570396,1.231623384,0.290142101,0.096120089
3121,1,1,59,24,,,1.191722123,1.211561064,2.492790566,361.5556795,-1.94741754,-18.6872355,6.883519147,-0.155251054,1.00708826,1.044520458,0.148104185,0.11142411,1042.244631,826.2811458,275.3136425,343.7302144,6.143113308,1.11632143,0.953923432,0.2885952,0.137269098
3122,1,2,59,25,,,1.186960511,1.208846029,2.6166454,222.6797446,0.302115903,-14.32093823,0.151558357,0.261333981,1.051241206,1.053758414,0.206202395,0.142669879,1010.381501,1008.831931,241.2759332,370.7368678,1.646825249,1.096543955,0.976129691,0.260485361,0.148514774
3123,1,1,59,26,,,1.18804644,1.206540038,2.548992048,280.1074706,-0.817591403,-26.28598392,-4.455305988,0.158671255,1.067793019,0.970369719,0.146478277,0.072353749,921.1639013,920.6387068,295.8639713,405.5053368,2.522829888,1.049199176,1.015510043,0.192066414,0.22159978
3124,1,2,59,27,,,1.143929227,1.181594237,2.648225298,367.7947096,-0.73717889,-3.590553562,3.814149189,-0.290265314,1.02816132,1.00456857,0.358193924,0.121190291,787.8430894,958.8840395,169.2533598,134.1882571,6.11634162,1.006928378,1.018712804,0.113499897,0.142367828
3125,1,1,59,28,,,1.206815935,1.212233239,2.599391871,442.6498803,-0.85993093,-19.96901472,1.105501749,-0.204381559,1.098043539,1.043099541,0.092043629,0.11855252,881.9722313,761.2508246,267.1958128,219.3769864,3.81826529,1.091438312,0.96581849,0.275625157,0.227213001
3126,1,2,59,29,,,1.18466486,1.201118572,2.623326444,333.9960331,0.242925229,-23.49534027,4.327407363,-1.570884283,1.005219528,1.012444333,0.160097625,0.115204986,1007.67659,878.4536369,70.11934858,317.870959,2.977314202,1.075733885,1.037982016,0.205610198,0.139121051
3127,1,1,59,30,,,1.224301851,1.193591051,2.704661107,167.5267619,-0.769242902,-23.05928501,7.787934475,0.400435017,1.024033588,1.045384445,0.139685382,0.073189554,1027.634693,925.5462666,260.5573559,371.5239795,4.588723066,1.11589173,0.896296436,0.170588208,0.147417793
3128,1,2,59,31,,,1.201344677,1.17812177,2.537708836,527.8777541,0.127986511,1.577090207,2.623685781,-0.17979268,1.071626067,0.897588537,0.118136996,0.118760922,984.543854,881.9330896,393.5990318,194.0492534,5.440289019,1.094695173,1.097739583,0.245842486,0.11111537
3129,1,1,59,32,,,1.178011291,1.212715761,2.589506547,278.748409,0.415051416,-22.82805153,1.5407904,0.016696129,1.038888724,1.099792314,0.104750313,0.165489066,1007.079343,878.8970474,125.4328636,164.3815598,2.001752323,1.106489543,0.899780852,0.238792673,0.186332389
3130,1,2,59,33,,,1.209396304,1.213351417,2.579934915,345.3872738,-0.987427257,-3.095005387,2.590882468,0.534936419,1.055208615,1.053998488,0.205244226,0.123627884,973.1823302,855.7440094,110.7197765,214.2331913,3.454787152,1.054815199,0.926707089,0.252984972,0.201977228
3131,1,1,59,34,,,1.174905301,1.18040201,2.63270127,308.6957095,0.238738329,-35.80859442,-1.619715746,-0.080575361,0.999944836,1.109618915,0.328629662,0.122087875,896.680626,951.1834384,179.9140255,298.633807,3.498557449,1.150326758,1.039567594,0.257722397,0.166779309
3132,1,2,59,35,,,1.200486548,1.236005598,2.6357081,370.0046052,-0.845819249,-30.1302341,3.060881309,-0.210996352,1.062194075,1.033962611,0.268848221,0.141928108,993.1396602,989.5481868,239.700467,268.8977752,4.775912196,1.069514318,0.935273692,0.210863236,0.199375776
3133,1,1,59,36,,,1.154204776,1.228283413,2.538960649,599.7903509,-0.258683651,-20.60890632,0.650540711,0.170865372,1.053347406,1.032542905,0.300561844,0.054007951,1069.41309,853.0935099,304.2522206,236.8706985,2.99189951,1.023182348,0.889405907,0.23902443,0.151531624
3134,1,2,59,37,,,1.202090803,1.218560793,2.48290203,212.0125489,0.504787804,-26.79575448,0.219142418,-0.306004543,1.153065349,1.053096218,0.14193903,0.08059023,902.854126,888.1698211,90.56659559,249.2707444,3.657572479,1.134717007,1.027291991,0.118984806,0.110171011
3135,1,1,59,38,,,1.19398085,1.182418552,2.575091198,280.8880377,-0.50863165,-24.28285197,1.318654907,-1.259082817,1.145749534,0.977206572,0.131302834,0.102942802,793.5936848,954.6291958,304.3308036,89.47279253,3.728994129,1.065560475,0.981473224,0.190376983,0.081050808
3136,1,2,59,39,,,1.150557603,1.242276241,2.52792361,143.4533576,0.595699295,-17.06704569,4.161494621,0.296263939,1.057767789,1.031585481,0.224994567,0.10176922,1032.873536,1009.257996,90.25449426,255.2371073,3.52115394,1.023069324,1.037766081,0.184276909,0.22965531
3137,1,1,59,40,,,1.189332901,1.207531847,2.526536634,303.0725553,0.677809938,-21.08608186,2.299868673,-0.626765251,1.077922055,0.883073931,0.21686985,0.111476054,1005.507016,1013.041763,181.4537681,168.8984839,3.550136676,1.067027314,0.952697296,0.205792015,0.117369163
3138,9,2,59,41,Fails: T5.2,,1.19745252,1.182202829,2.540396233,415.263326,0.68054668,-5.395573894,4.607065087,-0.698226344,1.089904482,1.025949982,0.0587665,0.168895491,1116.4255,773.6183902,-14.84778209,167.2919426,4.313505815,1.083127255,1.056887578,0.194113704,0.139158104
3139,1,1,59,42,,,1.211341421,1.208980334,2.591684586,457.6201147,-0.245696898,-35.30580099,0.155045743,-0.432797864,1.063762147,1.061230178,0.188763553,0.153633182,1085.995454,889.06243,278.1651377,142.4668143,2.580684432,1.133381574,0.966381493,0.195148763,0.147845436
3140,1,2,59,43,,,1.18753276,1.244094126,2.53754736,203.290106,-0.291805837,-14.18251474,-4.42930335,-0.165853545,1.070502954,0.991096637,0.17787113,0.130340121,1034.429245,937.0745597,121.7266834,148.1135778,3.848588864,1.06135226,0.994172548,0.251218354,0.150614231
3141,1,1,59,44,,,1.224716882,1.236418069,2.612485383,195.3309473,0.210567713,-22.76029046,0.272804317,-0.556351508,1.127624282,1.027213866,0.171606268,0.115046046,930.7805854,996.5020143,251.5114993,344.0612361,3.622314329,1.114032449,0.999640292,0.16736712,0.183025787
3142,1,2,59,45,,,1.202790409,1.202415273,2.625799208,332.5636366,0.678701312,-20.42764595,-2.479451894,-0.082081867,1.021052645,0.94700088,0.229003964,0.187043076,1011.321961,832.3190786,308.8793283,302.0659298,4.100888458,1.039368071,0.988046236,0.153036979,0.085711106
3143,1,1,59,46,,,1.172199058,1.182992941,2.662864101,352.5834785,1.099561951,-19.61324538,3.133923264,1.266276342,1.073956373,1.090103777,0.173646581,0.145576946,929.506513,1014.327574,308.2020145,138.7083822,3.205240403,1.050942699,0.9373596,0.243930692,0.151624548
3144,9,2,59,47,Fails: T4.1,,1.183573472,1.208632806,2.657638815,353.3148889,-0.647873407,-1.372216318,-0.745874111,-1.13823857,1.07093946,1.247238276,0.122640064,0.116829317,917.7358831,913.9003629,216.5463663,217.4639465,2.066164757,1.010567255,0.986051182,0.178117027,0.165022741
3145,1,1,59,48,,,1.19010799,1.241848025,2.559802449,256.6191999,0.418175581,-23.49795386,6.010895332,-0.570571602,1.106713452,1.015658389,0.160405528,0.184490709,976.2717473,699.550633,139.8303327,268.1302852,3.17916659,1.039009711,1.028622379,0.249018307,0.141760567
3146,1,2,59,49,,,1.173147418,1.2005855,2.618915392,330.6142251,0.877331513,-33.07882099,-1.482460232,-0.595331816,1.048986064,1.081028818,0.231230907,0.132415963,1053.037054,994.5607485,136.2918635,401.5822748,3.158624914,1.064885683,1.111265851,0.258430129,0.139243962
3147,1,1,59,50,,,1.177837347,1.209006901,2.593489379,271.8561202,-0.370032474,-23.93822975,4.243751212,-0.521714303,1.04834006,1.029631717,0.215989958,0.113907636,918.9590213,1031.785794,213.0029829,369.4126196,3.646979722,1.12414009,1.060242828,0.229691897,0.083283823
3148,1,2,59,51,,,1.216558341,1.213812721,2.494680814,395.1782701,-0.20264882,-14.06602783,3.629273782,0.146766894,1.01974189,1.114706422,0.254611089,0.006200715,983.3824915,798.1793763,257.8967203,324.657738,3.278021223,1.043676046,0.973292196,0.258827607,0.074264784
3149,1,1,59,52,,,1.186386403,1.224908391,2.55894868,340.9887415,0.138933769,-21.20137033,3.169010644,0.052112847,1.060869052,1.015927897,0.204074113,0.104974748,788.1017778,797.4010218,285.0022254,379.2757771,1.433515839,1.066846771,1.043589769,0.25061137,0.089997091
3150,1,2,59,53,,,1.203744392,1.232161908,2.540662796,414.8215855,-0.875791486,-26.78865033,-2.91943253,-1.270938574,1.080976839,0.955893859,0.254552781,0.166139296,1029.858794,1021.366979,258.9318731,382.4214552,3.23423884,1.024213464,0.995923748,0.181419599,0.098173866
3151,1,1,59,54,,,1.153002247,1.191469093,2.540121536,264.5002013,-0.23425756,-29.07271158,0.591831591,-0.475157806,1.117279843,1.064956403,0.189587182,0.125473652,1056.470549,842.049305,227.5157752,291.7547144,3.385582315,1.068657445,1.058797755,0.221371151,0.127568758
3152,1,2,59,55,,,1.218434522,1.222360435,2.637548154,366.3354507,0.422346322,-10.92342315,5.446241025,0.628969438,1.062793547,0.972870919,0.264479752,0.108556238,882.8187683,704.8272211,313.3195199,102.1933103,3.090393144,1.102163793,0.920602623,0.23415901,0.157670324
3153,1,1,59,56,,,1.182782649,1.19768173,2.562537036,157.0327159,-0.967439787,-33.73186571,1.137870004,-1.563563455,1.093509336,1.046658935,0.15863605,0.158678033,941.906197,939.5441873,341.8056004,382.6524153,2.822154451,1.014247022,1.074428635,0.236652334,0.118587434
3154,1,2,59,57,,,1.18758704,1.203304217,2.561285644,243.4509317,0.936308502,-6.216862357,1.880360971,-1.342908879,1.014295758,1.011092179,0.13364128,0.110264177,1018.84376,1017.365396,128.1794975,277.216191,2.276401293,1.040683019,1.128889327,0.155499701,0.137973007
3155,1,1,60,14,,,1.201419795,1.198281964,2.556233993,457.856878,-0.440131123,-23.22842337,-0.744386177,-0.154672738,1.078921128,1.096396184,0.106196616,0.032655472,986.2234601,913.9974902,187.7987925,237.1978725,3.93262683,1.081163286,1.023129571,0.274685814,0.161716603
3156,9,2,60,15,Fails: T3.1,,1.220328046,1.226186024,2.647872306,403.9030491,0.592598099,-52.03309944,-0.582275773,0.554811479,1.032249575,1.015461013,0.114405146,0.078820891,903.316519,907.0354141,46.12308208,243.1125878,2.424361545,1.02091274,1.024830119,0.167588762,0.120709962
3157,1,1,60,16,,,1.199345369,1.223168847,2.548466526,141.7800326,-0.454459592,-19.75768287,1.891178426,-1.196068775,1.051270603,1.090059297,0.229356566,0.072009162,934.5041302,799.3331326,221.6490435,357.3452311,3.465645557,1.054331697,1.026449896,0.117416072,0.188753477
3158,1,2,60,17,,,1.190048803,1.205022283,2.552678917,369.4975976,-0.917107811,-27.83383516,4.961643688,0.039495599,1.044822468,0.967880217,0.109250504,0.029812022,924.0082115,825.3935681,189.5295082,329.672562,4.162875339,1.123663496,0.87809684,0.186237194,0.107950131
3159,1,1,60,18,,,1.194132053,1.210432912,2.487443526,204.3068448,-0.708714578,-17.2679835,1.72486377,-1.760272225,1.067792515,1.016597693,0.281420493,0.029519025,963.097525,896.9430822,233.8400777,211.6306042,2.576678166,1.129133439,1.004346575,0.226670644,0.133158654
3160,1,2,60,19,,,1.201486758,1.233117153,2.544035942,352.7557252,-0.8832411,-20.33052716,2.453550873,-0.98291374,1.122696317,1.075349807,0.178477355,0.089447146,916.2089869,805.8427362,169.1009958,276.9622108,2.984294295,1.043247804,0.957906731,0.243885416,0.046394534
3161,1,1,60,20,,,1.188753084,1.255298921,2.616420524,373.4601854,0.0708469,-21.71500853,2.924738237,0.50582285,1.082022432,0.965476883,0.198581722,0.121007546,981.5999588,891.9697697,331.3481923,367.2209374,3.67649341,1.08144565,1.004658033,0.244951626,0.082102064
3162,1,2,60,21,,,1.176426093,1.231307159,2.56448707,396.1334417,1.19753795,-17.62907889,5.369321187,0.573043833,1.082193994,0.961212171,0.237953594,0.095938006,961.9221149,887.6141406,121.1132259,472.0524848,3.757195772,1.022384168,0.972441057,0.128304866,0.146869127
3163,1,1,60,22,,,1.179184934,1.211663619,2.608049645,194.3267668,-0.194421754,-18.63993586,-3.102616785,0.345904566,1.044086501,1.081886156,0.167313518,0.085636118,1027.057844,675.0465932,338.773736,85.4875266,3.704175243,1.099976677,0.961979563,0.181192876,0.142026799
3164,1,2,60,23,,,1.192869538,1.233538977,2.613480449,498.9460062,-0.82438376,-20.68717309,3.194217429,0.498575998,1.072217285,1.096395193,0.175298825,0.050227599,918.1241261,874.4210075,325.0558212,160.5790613,3.880002468,1.117440378,1.055825299,0.181271579,0.086235041
3165,1,1,60,24,,,1.202670101,1.228078942,2.728757494,368.637633,0.576458362,-29.31654132,1.113354385,-0.478459375,1.082943941,1.017242386,0.176997726,0.121680081,1051.378832,944.7293346,328.8841624,79.77615615,4.285399175,1.057423104,0.963861514,0.245594465,0.04073751
3166,1,2,60,25,,,1.19762435,1.194054898,2.508277826,264.9264038,-1.265622657,-14.47567416,4.547056908,-0.522131183,1.001455381,1.080783436,0.179478346,0.102770287,913.1275124,914.3774353,279.9396517,151.1206007,3.084311462,1.074000269,0.95642281,0.164326669,0.104456969
3167,1,1,60,26,,,1.175530487,1.224742535,2.524822541,266.306345,0.669542859,-16.75593218,0.111183386,-1.07066573,1.133595733,0.991857457,0.02174729,0.174195342,1033.813179,947.0389644,294.8695355,249.0887807,4.489506727,1.076734707,0.95609641,0.167255275,0.096214606
3168,9,2,60,27,Fails: T1.1,,1.186760263,1.264713117,2.547821966,330.0695942,0.440280078,-10.83149158,-0.937620187,-1.204897497,1.065182992,1.070088911,0.253356236,0.141958146,952.8688577,924.8393597,112.5450676,377.9631691,3.088767405,1.036011174,1.146041396,0.222996807,0.194463764
3169,1,1,60,28,,,1.162942792,1.244821664,2.590023806,328.9320605,0.125516326,-45.46881404,3.667553025,-0.375088185,1.062093136,1.028210278,0.218599762,0.11859239,893.9429825,829.4843116,237.3982578,199.3570154,3.943838704,1.044141459,1.028455525,0.066216044,0.180328694
3170,1,2,60,29,,,1.162352063,1.220192661,2.545207911,230.0366809,-0.715656539,-11.43930146,0.461696936,-0.914260952,1.032737467,1.182132274,0.292016102,0.112180612,915.9247516,793.6862382,300.0957571,238.2085722,4.385287108,1.110682509,0.935635048,0.227525916,0.205279311
3171,1,1,60,30,,,1.18737573,1.207476764,2.582141785,434.0489828,-0.084970653,-19.07968744,0.524614162,-0.6823872,1.05647532,0.997631982,0.211773421,0.084310522,926.9989731,773.5395201,123.6061952,261.1158005,2.97108161,1.024485611,1.030474147,0.211502387,0.153906835
3172,9,2,60,31,Fails: T7.0,,1.195340278,1.243732817,2.555026067,207.8353949,0.454153542,-19.44408489,2.730443717,-0.328888418,1.016943567,1.077011796,0.231995495,0.109982106,916.5420977,764.4998523,107.3545919,314.5875758,3.787029374,0.955790867,1.007098005,0.22083998,0.024154473
3173,1,1,60,32,,,1.220973432,1.213422695,2.59160799,318.6300314,-0.076992497,-19.51866487,4.981822989,-0.944673977,1.115305028,1.010255157,0.158826538,0.03082773,820.4306078,890.4096137,230.5551946,445.9741275,2.740314759,1.07879086,0.960111535,0.08627066,0.203218876
3174,1,2,60,33,,,1.187143538,1.216259491,2.508572903,339.5944338,-0.524897893,-27.40684098,2.090639364,-0.475667986,1.02555431,0.996681661,0.144172561,0.089805439,929.3750715,870.3063796,354.5404509,84.54531718,5.177869457,1.010213454,1.060595525,0.160587089,0.169898448
3175,9,1,60,34,Fails: T7.3,,1.189056189,1.216873446,2.539671401,403.4326537,-0.834189569,-44.5419344,-1.215171185,-1.060975607,1.117786183,0.947404362,0.143779484,0.119136806,925.2348602,909.4395855,188.9405795,169.7956878,3.759319882,1.094285445,0.966247513,0.234823213,0.257006645
3176,1,2,60,35,,,1.216741357,1.198190541,2.500074187,197.7380086,0.087839272,-25.06040265,0.68353622,0.590645081,1.024499678,1.06611927,0.11878026,0.133185049,896.1884718,866.5501242,186.5525819,402.9179299,4.129863555,1.088371059,1.008183976,0.25331706,0.17688462
3177,1,1,60,36,,,1.158826234,1.198592568,2.553902251,244.9609829,-0.112449512,-21.83346907,3.537401735,0.4995894,1.065075612,0.902430534,0.22096519,0.100934801,706.3206577,816.0016714,326.1410824,376.189906,1.966406165,1.052681473,1.013686028,0.225646286,0.160549503
3178,1,2,60,37,,,1.206612875,1.163815609,2.402031794,97.57126297,-1.017483457,-25.99176251,0.851316774,-0.126794776,1.057661255,1.054702469,0.264218454,0.09003075,875.3075291,831.5984692,161.6747902,179.8339103,2.689098968,1.124273904,0.972555552,0.180858752,0.203753005
3179,1,1,60,38,,,1.195822453,1.169058287,2.624902182,457.6127779,0.379463205,-19.3926071,4.641022439,-0.840581281,1.05264881,0.985291608,0.112301039,0.116761477,830.5898034,1084.309124,273.3333934,78.54230909,3.941526613,1.113009806,0.999446025,0.159532731,0.129501729
3180,1,2,60,39,,,1.216288264,1.221979071,2.558308309,220.3841356,-0.161776333,-25.50945483,0.236106128,-0.282632495,1.062673229,1.043036783,0.110282067,0.084247646,862.7896462,683.6168614,269.874015,244.4867733,2.420905423,1.060738711,1.040163507,0.244423083,0.131303214
3181,1,1,60,40,,,1.205323037,1.183961825,2.524255962,521.4517308,-0.730290748,-29.49321086,0.208918491,-0.593133948,1.121793597,0.956769761,0.218040561,0.14420272,1044.149932,803.8934193,295.7623374,405.3062932,3.411521755,1.05172582,0.950816246,0.14463866,0.103196746
3182,1,2,60,41,,,1.186730983,1.21510331,2.656430965,211.4252689,-0.620096753,-14.12511832,1.388527837,-1.469472158,1.081874631,1.069822016,0.183223379,0.152686153,1022.721184,835.0924971,160.4231143,311.3460888,4.626342033,1.064815319,1.077191524,0.103053749,0.176677346
3183,1,1,60,42,,,1.21206412,1.219709259,2.518781258,247.7064421,-0.312043601,-25.67030708,-0.842186531,-0.012337581,0.974028803,1.072432794,0.117531364,0.127610514,1051.20124,970.318987,79.20831043,264.8410566,2.246596006,1.007831939,1.070972439,0.167885936,0.121581944
3184,9,2,60,43,Fails: T7.0,,1.193011043,1.204832126,2.636646055,393.0472513,-0.065923675,-11.30627797,-1.56253944,-1.050683524,1.03281476,0.964160577,0.192338798,0.116045565,986.3544347,871.6207217,191.4831044,120.0911016,2.506740345,0.938613957,1.005078765,0.110513018,0.128995727
3185,9,1,60,44,Fails: T1.1,,1.19295849,1.26316387,2.511398718,288.6881488,-0.379664684,-17.21167198,-2.251493066,-0.695602136,1.06555459,1.11677487,0.202531897,0.170788334,866.7184261,867.7530029,93.51835977,278.6042917,4.08395412,1.159812757,0.953907414,0.274513952,0.173277444
3186,1,2,60,45,,,1.169552028,1.202988965,2.601546945,336.2029191,0.072104359,-16.92041143,2.851382104,-0.221452525,1.097881347,1.050067178,0.246123038,0.200812048,927.3849129,886.3662009,161.7213967,157.0028084,4.500192422,1.079938162,0.95005264,0.142665928,0.178220869
3187,1,1,60,46,,,1.191644989,1.200400537,2.607313226,199.4437754,-0.522730059,-8.187174281,2.651248999,0.28132242,1.136350854,0.983476058,0.161249556,0.158120033,950.0766794,920.09127,105.3491788,106.1863701,3.48288818,1.059070519,0.914043405,0.120347893,0.161146024
3188,1,2,60,47,,,1.20632862,1.196601156,2.583954629,345.4676002,-0.227620212,-35.97039928,2.887983964,0.33844393,0.985423219,1.013384727,0.326635201,0.030900734,800.7286192,774.886685,310.2353865,174.2211208,2.292798681,1.067606902,1.114359145,0.226044498,0.189805705
3189,1,1,60,48,,,1.199858725,1.213243377,2.60766947,274.2492182,-0.753248535,-25.78913781,7.024895511,-1.789265909,1.057521014,0.889231539,0.170505187,0.050853742,1043.209648,987.7067887,226.8760949,226.8741712,4.545779344,0.977762657,1.02986859,0.312872263,0.113652876
3190,1,2,60,49,,,1.168466702,1.227513405,2.640282769,273.8185687,-0.719048961,-31.03578554,3.421494688,-0.141871031,1.001052472,1.05420882,0.274010287,0.127713008,865.029864,804.4956516,284.2042143,212.3646732,2.858693864,1.012447265,1.0032062,0.218249737,0.110047958
3191,1,1,60,50,,,1.165968154,1.238566325,2.546558049,435.5627568,0.135705931,-13.10479264,4.883192824,0.363103523,1.073952589,1.108905795,0.252421045,0.033240273,891.7886207,970.5866742,168.954614,294.4498802,3.421278268,1.15605277,0.960473753,0.142809747,0.111222012
3192,1,2,60,51,,,1.221753854,1.253031995,2.616388651,149.6484926,-0.939412762,-24.30195337,1.945457237,-0.695696529,1.052135955,1.045069777,0.216428036,0.08277715,979.2222622,932.4389356,230.3338084,323.6154302,3.392971619,1.105010077,0.98677606,0.202169681,0.15770702
3193,1,1,60,52,,,1.219487394,1.189930463,2.590298493,383.9677235,-0.1301024,-21.87421681,-0.535417096,0.573235105,1.018960354,0.938627144,0.172181592,0.047941273,986.7456808,987.6248176,203.3840109,193.7542905,5.813808204,1.057207721,0.898906982,0.145660134,0.098586728
3194,1,2,60,53,,,1.174851775,1.184298295,2.474594424,441.3661919,0.461120328,-36.77731518,7.24018248,-1.229991671,1.005216852,1.151830712,0.187484393,0.143880945,964.2227366,971.2498445,245.8075639,201.5300122,4.398975448,1.038296424,0.95981263,0.2682541,0.139643092
3195,9,1,60,54,Fails: T6.0,,1.204956705,1.181136379,2.590141205,171.6104949,-0.850479258,-33.92152553,2.817239778,-0.50518427,1.09836393,0.989256948,0.260674494,0.126786766,978.2163287,867.3850604,267.3111321,201.3843641,0.220303896,1.109049776,1.048786566,0.252390196,0.053338367
3196,1,2,60,55,,,1.152445747,1.216260058,2.584754291,307.1289615,-0.237143299,-19.68674002,0.504744479,0.75192696,1.043821909,0.914767113,0.28123541,0.118956068,874.5333411,933.5032805,264.4836029,226.0226227,3.630390418,1.002846613,0.956216007,0.287286173,0.133452813
3197,1,1,60,56,,,1.209127484,1.233698854,2.530847545,180.3735231,-0.3112601,-9.982650102,0.918316537,0.14007986,1.082668064,1.053561275,0.194151067,0.095105242,929.9708202,742.7373927,393.9420733,207.9770026,5.273966459,1.075041754,0.998968134,0.160182165,0.143426953
3198,9,2,61,15,Fails: T5.1,,1.18855658,1.219031319,2.546682313,303.9430346,0.409199115,-18.52015644,-0.414781397,-1.18461731,1.041338429,0.895947869,0.158492305,0.124357831,747.3163878,634.299147,172.0651016,181.665339,3.625661424,1.048602853,0.910846718,0.096372505,0.162670163
3199,1,1,61,16,,,1.182631951,1.210219234,2.631502608,302.4554815,0.530750924,-18.1814133,-3.403834596,1.1006702,1.059949136,1.012779659,0.175471763,0.083804612,999.895149,989.7843588,203.4705509,384.3826178,3.528934575,1.059594971,0.949198999,0.230174029,0.184514292
3200,1,2,61,17,,,1.162872495,1.230452771,2.670235311,170.520135,-0.118427554,-17.68685704,1.245647908,0.561493999,1.13802629,0.980732071,0.107470708,0.119086316,985.875889,1037.730303,269.6891069,184.8714232,3.419297053,1.079529368,1.009222725,0.117954552,0.193781818
3201,1,1,61,18,,,1.161490039,1.212439635,2.583067038,180.5854831,0.094432319,-16.43246259,1.204840747,-0.146987663,1.065839725,1.018080018,0.160326499,0.106721048,871.874343,789.9811293,350.4881043,275.0346217,4.260913358,1.027312994,1.026412856,0.17708402,0.122793607
3202,1,2,61,19,,,1.176709148,1.23848452,2.63690001,168.0163217,0.027984045,-26.73118299,2.711099937,-1.534539934,1.029724955,1.127430855,0.269740132,0.11940467,769.3883907,913.6595965,170.6892253,215.5003841,4.005748672,1.088628622,1.023117138,0.108853777,0.129430868
3203,1,1,61,20,,,1.180566287,1.170961869,2.580545566,218.1131714,0.676970713,-31.81979059,1.727715551,-0.053590375,1.109162327,1.079405876,0.25035278,0.095336365,968.0280076,774.5333121,197.866199,297.8326625,3.952628862,1.087028142,0.917121058,0.263687698,0.16444156
3204,1,2,61,21,,,1.202622634,1.244531535,2.554075508,303.3761896,-0.138490509,-12.4353128,3.691559332,0.187470397,1.081085575,1.082164732,0.254108691,0.106498245,852.265607,969.633605,223.4661825,271.3963792,4.180255434,1.03054126,1.009370788,0.187847303,0.14753912
3205,1,1,61,22,,,1.219014858,1.242117268,2.616766028,229.0991482,0.398749029,-28.81026102,1.81669257,-1.791609305,1.062616666,1.085379872,0.232551337,0.132842158,923.672583,910.1015967,306.329653,240.4700256,3.963830806,1.052847235,1.05018508,0.167704042,0.144588873
3206,1,2,61,23,,,1.186287813,1.216942581,2.525742114,343.9036651,1.172390699,-23.16969337,-0.984096566,0.104648252,1.02421166,1.024562651,0.17475934,0.130334896,963.8744844,888.0909572,79.82395052,225.7423457,4.110836999,1.054987876,0.909810065,0.174570521,0.166701139
3207,1,1,61,24,,,1.211519335,1.218125068,2.51076707,316.7387331,-1.276865253,-19.18227577,-0.554381188,0.79750914,1.021745432,0.999695417,0.138829189,0.120470481,894.790439,797.9634378,186.3120356,263.4079028,5.32050548,1.070523802,0.906863735,0.093953174,0.168504986
3208,1,2,61,25,,,1.222654277,1.222831209,2.521344768,295.8637469,0.348886144,-27.60999302,-4.417134775,-0.366183406,1.083579494,1.029572989,0.178517882,0.156624525,891.0211726,836.4353357,432.9965245,251.1881504,2.444055347,1.095831276,1.044411266,0.143691243,0.15334168
3209,1,1,61,26,,,1.209012393,1.209434276,2.624258071,169.4030569,-0.725398288,-23.5023552,0.650390751,-0.24195811,1.02663762,1.078550569,0.060737633,0.114672643,781.477931,862.6792263,114.4315944,265.7625812,3.118611928,1.073976615,0.986519605,0.240979509,0.126937883
3210,1,2,61,27,,,1.193892698,1.189120905,2.486164234,310.3909983,0.992450636,-22.32053153,0.224804873,-0.728772809,1.084231013,1.075458102,0.193972854,0.094852358,898.7254436,888.6133642,253.0174573,342.590012,3.182226647,1.098408476,1.035049565,0.237435604,0.147740511
3211,1,1,61,28,,,1.164991169,1.205453814,2.611253715,424.8742919,1.06431321,-24.66357809,0.144163804,-1.594092394,1.063747871,1.039738644,0.141055911,0.132648941,1025.547509,941.3219073,270.3376933,379.1148682,5.512006115,1.110680851,1.070374313,0.242547533,0.139957366
3212,1,2,61,29,,,1.208611716,1.211551769,2.52157339,318.8825764,-0.167434577,-31.69739979,1.721909635,-1.000616424,1.04928468,1.013601208,0.211476499,0.084370997,933.2907278,809.9742893,147.2730601,248.9826813,3.700073505,1.09676615,0.975444559,0.156007293,0.142185566
3213,1,1,61,30,,,1.163775402,1.201219728,2.634450775,223.1012919,0.029224034,-20.43968301,2.06447416,-0.897091299,1.065382872,1.070039588,0.12263293,0.095398467,1020.756639,908.3410426,349.8932792,186.0685963,4.326290921,1.101042037,0.981279329,0.100052714,0.184980744
3214,1,2,61,31,,,1.208970614,1.244315047,2.61170989,223.5027163,-0.423512495,-39.40138038,1.631448769,0.819100319,1.01948496,1.024784048,0.131516082,0.062724885,1074.627918,784.3979114,298.050013,276.6616056,1.403637825,1.058736473,0.928741179,0.2750218,0.080580744
3215,1,1,61,32,,,1.200194085,1.203288216,2.549080941,438.0254725,0.060152411,-27.77795424,3.166765954,0.508374954,1.019016907,0.956255373,0.118123963,0.17259079,1002.917511,1031.899256,189.9717509,253.7708025,5.110490713,1.063272452,0.935744427,0.133221331,0.132414277
3216,1,2,61,33,,,1.168288135,1.23805044,2.604703672,329.864516,-0.71694122,-13.38510665,4.28412997,-1.255118397,0.96874921,0.980674717,0.104980802,0.130642789,987.5004209,982.9571872,185.5051063,408.9700081,4.833363564,1.055479861,0.992505871,0.201330859,0.144428597
3217,1,1,61,34,,,1.210191797,1.202086387,2.624801036,475.0937083,-0.069345687,-21.40002007,1.594063594,-1.025418852,1.088892372,1.008727794,0.230628432,0.07556742,864.6169401,1042.312799,220.0554203,233.5084565,3.117347432,1.023538829,1.131115491,0.212048376,0.112454541
3218,1,2,61,35,,,1.191466469,1.224038465,2.560246095,372.0556042,-0.043194445,-32.65440585,1.741820032,-0.520091541,1.044699555,0.967712474,0.312284153,0.112763031,1021.799403,845.4213961,19.71108891,222.5076057,3.395890791,1.086532365,1.065014661,0.299870225,0.174150932
3219,1,1,61,36,,,1.219192531,1.225611656,2.660980251,437.5821427,0.678916575,-19.77205448,-2.487439245,0.051637744,1.06993252,1.022831211,0.23874202,0.11270161,909.7798319,740.8484215,176.0726299,251.0266789,3.810696514,1.121070949,0.983118886,0.20268635,0.134563627
3220,1,2,61,37,,,1.178552162,1.194078786,2.560969054,236.2864782,0.445257717,-12.65635733,6.341166925,0.079533528,1.045269833,1.10309491,0.18127035,0.11533136,1092.099886,886.7748987,159.0756741,250.6853258,5.309233932,1.056218904,0.994849258,0.270043655,0.118863922
3221,9,1,61,38,Fails: T5.1,,1.205935476,1.21344588,2.617685642,313.6667317,-0.598972792,-17.10086493,3.448398301,-0.432325044,1.066116423,1.064116751,0.157927573,0.090119192,811.0835538,644.5933118,225.7061761,128.8996543,4.009291271,1.106050008,0.9818304,0.180228664,0.141741446
3222,9,2,61,39,Fails: T4.3,,1.174352515,1.206340142,2.567826107,319.3513852,-0.127677837,-17.00229393,0.042854532,-0.125990644,1.126660567,1.014268435,0.216852306,0.240685643,844.7122124,846.2543067,157.6742284,380.3002372,3.266712053,1.062912582,1.014296088,0.196141791,0.120007653
3223,1,1,61,40,,,1.199806871,1.199890394,2.63651128,285.6303603,0.635489508,-25.68899415,5.259415667,-0.441447968,1.05753432,1.023922889,0.203370184,0.200145576,930.3828632,983.1537269,186.7933374,203.2947405,5.530157056,1.121017855,1.006980211,0.164512881,0.144415876
3224,1,2,61,41,,,1.221467304,1.219251805,2.653654202,133.3221119,0.262734082,-26.45355115,3.384288532,-1.61253004,1.082659086,1.037141571,0.069580528,0.173446119,960.7532385,882.0068182,161.0323386,226.092403,4.566685325,1.11814954,0.970616739,0.128854339,0.101318651
3225,1,1,61,42,,,1.192704956,1.203854472,2.602532626,317.9516761,-1.439051635,-16.7334057,2.908822431,0.08686419,1.053885777,0.97088532,0.341427922,0.181353834,887.2430961,1044.998986,90.29921259,245.8792932,4.180208733,1.10255829,0.954793167,0.13358308,0.197711614
3226,1,2,61,43,,,1.166015079,1.235881994,2.57390204,184.914059,-0.031351003,-12.63634267,-0.081599778,-0.711424922,1.048472662,1.042849439,0.175283584,0.139329581,841.1871913,860.6242427,355.0466636,209.1416246,2.870940356,1.126629679,0.964475724,0.119617041,0.115944103
3227,1,1,61,44,,,1.19446903,1.178277135,2.552294106,236.6115667,0.199085222,-16.08454209,1.669388267,0.248259932,1.118597882,1.043881384,0.243141382,0.123175847,951.3376688,834.6684711,180.8717574,194.6249498,4.37219291,1.033318183,0.936285461,0.193259863,0.106700231
3228,1,2,61,45,,,1.209396869,1.215558855,2.608656124,304.824878,0.570757071,-28.65150474,2.721689958,0.041764338,1.047522867,0.986162474,0.223330913,0.148756868,970.6010704,854.7821093,198.4261881,125.1230224,1.639959194,1.085173141,1.005247817,0.127762115,0.157995349
3229,1,1,61,46,,,1.203293366,1.194929415,2.57367012,405.2612883,-0.907464636,-34.60799671,1.511338182,-0.092151098,1.083821122,1.013897659,0.240595645,0.073471401,949.2583125,905.1631362,183.9699914,168.1234265,3.215434872,1.03968784,1.054540866,0.216187223,0.178661111
3230,1,2,61,47,,,1.213745695,1.21590337,2.592444411,534.3998933,-1.129397779,-23.84014487,2.91131801,-1.100069369,1.049900588,0.977934144,0.138211017,0.122338439,1006.856925,878.1128723,269.1985494,261.5983045,2.739919952,1.10346095,1.1299418,0.162240332,0.209953567
3231,1,1,61,48,,,1.258358681,1.187461666,2.593545763,229.0977921,-0.269728548,-17.7075966,-2.156388634,-0.278069446,1.11947759,0.994933337,0.129748376,0.12764457,961.881618,931.6169345,114.111061,147.6903377,4.931479702,1.076449185,0.885135892,0.214345106,0.113334946
3232,1,2,61,49,,,1.167775295,1.238054303,2.553554716,348.0611305,0.650062466,-18.89968644,0.257132653,0.968513319,0.997488693,0.939890363,0.231879329,0.088600238,845.5466334,797.970272,416.0009798,294.2081921,3.595044836,1.077864751,0.971969552,0.266156899,0.160009111
3233,1,1,61,50,,,1.155935684,1.19779494,2.587859286,232.9179899,0.074896533,-10.04852504,1.719987396,-0.15633168,1.059307533,1.120228011,0.226505609,0.109014546,861.8986354,797.3741022,80.19550261,228.4114018,4.908057302,1.048083389,0.965696414,0.231752395,0.238944463
3234,1,2,61,51,,,1.186908025,1.203366862,2.482218584,282.4643259,0.071723561,-15.29746003,3.724216116,-0.657130824,1.075310698,1.00756584,0.150413716,0.065519918,944.2463372,943.1316046,172.2832448,192.3078796,4.706713052,1.042177083,1.009175719,0.093247766,0.107886009
3235,9,1,61,52,Fails: T3.1,,1.19126415,1.227215534,2.532254623,323.5799532,-0.159313707,-62.98749319,-0.736916841,-0.512055682,1.096428211,1.069410299,0.159679569,0.023113735,964.1047157,968.2365044,157.1678526,325.0268841,1.852200287,1.046089426,1.062981232,0.19033207,0.129261593
3236,1,2,61,53,,,1.221350643,1.191930082,2.618485432,277.3278932,0.919291063,-24.57369629,0.556180666,-0.755776772,1.114984817,1.080273682,0.167969977,0.053563648,1103.559665,1036.76446,123.7112891,219.2597576,3.93758289,1.024482413,1.022415076,0.196618388,0.096515463
3237,1,1,61,54,,,1.162472364,1.219459745,2.500252377,355.0667679,0.38740023,-3.494123651,5.119596472,-1.612314186,1.113656493,1.090101243,0.174688373,0.105149025,974.5777275,1008.612609,309.0151955,231.197137,4.569628888,0.996777212,0.986285059,0.176685035,0.114113227
3238,1,2,61,55,,,1.186205817,1.214340234,2.694785184,319.9653298,0.106755594,-22.27445581,1.025211217,-0.480721838,1.049685355,1.039443731,0.182042824,0.104299863,1034.292294,767.1902914,337.3068107,112.5316331,4.053434885,1.002090388,1.156230149,0.16339893,0.179867708
3239,1,1,62,17,,,1.198557662,1.181174659,2.576039219,398.9044872,-0.30616208,-27.57607556,4.266886727,0.025862097,1.040617,0.973402028,0.158682298,0.1089698,903.9162017,948.4084043,98.32887003,301.2772839,5.160839248,1.036656421,1.057291792,0.29703049,0.144812209
3240,1,2,62,18,,,1.211788723,1.196677847,2.530745422,395.3115086,-0.869547085,-45.37331751,-0.354562246,-0.083517005,1.064728563,0.999704689,0.301897703,0.168522267,857.9504566,848.0976722,293.0585561,188.8009364,3.407144177,1.085261504,1.066972772,0.247694473,0.112203114
3241,1,1,62,19,,,1.207948209,1.191224385,2.561570395,171.0475279,-0.521319024,-13.38538176,2.743017958,-1.136731242,1.066201082,1.05728624,0.236658066,0.145141432,982.6059621,882.4970448,353.944447,266.5270258,4.726750799,1.054429915,0.978026918,0.157471462,0.133769714
3242,1,2,62,20,,,1.162194481,1.210178474,2.649854646,227.3812965,-0.01039981,0.823744735,-1.292391474,0.191525708,1.083021354,1.006450219,0.195877713,0.16492238,941.6656988,920.7989195,247.5688047,279.3109573,3.01610637,1.010100931,0.933774058,0.122430741,0.174621301
3243,1,1,62,21,,,1.222060191,1.190381314,2.487491975,304.8590075,-0.5080674,-8.620533102,8.460591066,-0.152618715,1.021074997,1.006434597,0.174515347,0.065318339,1014.84679,781.4344208,409.7069281,45.73410088,2.948988831,1.089423615,0.871516641,0.260577075,0.179574962
3244,1,2,62,22,,,1.204425291,1.222723187,2.549122921,448.8642898,-0.980844542,-31.67880229,-0.678344445,-0.51256848,1.041451201,0.992722427,0.214066638,0.118867929,914.5199611,1061.200192,170.8127383,312.2468629,4.708990552,1.068439862,1.061952123,0.204911517,0.125697197
3245,1,1,62,23,,,1.191063081,1.201804847,2.559493772,278.2186872,-0.363353969,-32.5363923,-2.159142458,1.329007226,1.087856545,1.050913858,0.264347846,0.136610423,1038.906418,922.2876146,289.6220967,472.97081,1.405781115,1.113210985,0.880519178,0.175074136,0.211441878
3246,1,2,62,24,,,1.201580163,1.199577954,2.589595577,437.4906629,-1.065654647,-12.33610189,-1.552196509,-0.144057627,1.02687641,0.985829541,0.224208285,0.107285188,815.3097757,803.2823064,120.5643177,299.9199013,3.672548078,1.083856329,1.025200788,0.183849233,0.136717216
3247,9,1,62,25,Fails: T7.1,,1.198979509,1.216315455,2.608412958,344.7818633,0.289971974,-22.97888132,5.271073597,-0.385400527,1.071782011,1.094841451,0.165712836,0.126799447,928.2199105,831.3620802,156.6180082,125.815064,3.312922884,0.984875622,0.803775256,0.269870129,0.138541528
3248,1,2,62,26,,,1.226015112,1.198462801,2.499184226,592.5449577,-0.532987166,-13.604882,0.81732731,-0.242617219,1.051434102,1.115360954,0.216769083,0.171215163,978.0072523,883.9946033,191.6937286,322.2483127,3.87085445,1.135550966,0.949507356,0.301662456,0.115529054
3249,1,1,62,27,,,1.19413396,1.184029516,2.510636709,195.8212001,-0.432801678,-27.35548016,-0.589540032,-0.840320046,1.088209369,1.140362791,0.183516156,0.201553622,995.0697741,973.0349436,34.70427705,230.6636106,3.200445083,1.057621773,1.067766247,0.213228018,0.144205637
3250,1,2,62,28,,,1.186749378,1.209848349,2.561997644,388.6761519,-0.995833169,-19.07255067,1.190882859,0.763529216,1.067073893,1.095393446,0.215287546,0.116755943,824.4298435,827.0019536,129.5667146,192.0937475,3.585570842,1.004874817,1.053534093,0.154208447,0.18225949
3251,1,1,62,29,,,1.16358167,1.210241472,2.612556209,158.8273646,-0.730056453,-13.73561269,1.180428068,-0.736405298,1.061554333,1.155137735,0.235983134,0.135750751,794.2565878,946.3440081,296.1646818,369.179711,4.035434344,1.085721375,0.997662679,0.258566828,0.108531396
3252,1,2,62,30,,,1.19304714,1.16030922,2.5702528,249.6580184,-0.043264586,-42.54717166,3.282036484,0.355599709,1.06546061,1.063003902,0.188315384,0.10002788,942.4352424,1011.592982,119.7843318,220.4020461,4.001824478,1.073142436,1.022892173,0.216873358,0.073390105
3253,1,1,62,31,,,1.178785862,1.202128868,2.633637369,304.6416342,0.780882767,-23.71410851,2.797742119,-0.433318482,0.963989048,1.166610848,0.184362087,0.062751306,1050.176889,915.6479904,284.4641551,258.4522303,3.377055829,1.103418938,0.941973227,0.222394693,0.171762309
3254,1,2,62,32,,,1.191100991,1.222914051,2.586393755,280.290172,-0.040920639,-29.64740758,3.267663683,-1.282408445,1.05222211,1.042064053,0.268616805,0.076134744,1080.142525,966.0419905,196.7158176,226.9582215,5.06356586,1.156518618,0.989533588,0.071263899,0.162074607
3255,1,1,62,33,,,1.179413012,1.143589414,2.517674214,257.7735527,0.579528849,-22.3459888,3.197218688,0.094050118,1.025151904,0.902778854,0.225890732,0.072801346,1078.69473,842.132649,121.1736155,241.0403282,1.776080598,1.071356939,0.940997818,0.314232539,0.06470738
3256,1,2,62,34,,,1.171724124,1.207962032,2.49770542,394.1576434,0.502517837,-14.2172933,2.452122601,-1.65106326,0.991538219,1.075468665,0.229345421,0.04193685,1023.825174,768.8261966,218.1670312,37.30049795,3.825479306,1.136807255,0.988417654,0.131247483,0.093904538
3257,1,1,62,35,,,1.182712654,1.221066202,2.544794587,283.1356923,-0.931216969,-23.87023282,-1.817764249,-0.260853734,1.099552272,0.917727733,0.105556882,0.078493056,861.0487139,873.7354708,177.0744425,62.19596881,4.761419293,1.10218142,0.879852744,0.153400484,0.084745081
3258,1,2,62,36,,,1.195534964,1.201808092,2.593274337,240.1807784,0.213156093,-28.66453835,0.084405124,0.279774447,1.074680892,1.035747847,0.28959242,0.088860555,1092.955833,843.6004676,187.7198512,187.5923399,2.370798095,1.027008391,1.040817048,0.261174116,0.158420166
3259,1,1,62,37,,,1.194920349,1.235662267,2.615314045,254.6080725,0.958351599,-38.38479282,-0.246324136,-1.113791875,1.082605287,1.072097352,0.08706249,0.100905805,969.9450042,927.2285314,268.1643541,340.9596303,2.80314045,1.096968589,1.006431427,0.192818285,0.158486471
3260,1,2,62,38,,,1.184427159,1.231441215,2.637762174,295.7624575,-0.36371828,-13.76753903,4.114531601,-0.682609963,1.069381069,0.994909444,0.200391906,0.086363529,865.4282215,972.822443,301.6921683,135.9913637,3.659916596,1.108853851,1.006298397,0.132985859,0.0923438
3261,1,1,62,39,,,1.196363786,1.199232954,2.49598202,218.6849745,0.024745482,-13.92264128,0.274859489,-1.627274496,1.028237491,0.962723094,0.153989202,0.142329338,742.6566327,1023.026748,144.6961876,407.7326815,4.14241507,1.066977877,0.994801301,0.241618913,0.151012428
3262,1,2,62,40,,,1.178227346,1.209983048,2.606131812,280.1514999,1.376782799,-9.610447921,1.77859688,0.491429126,1.065706561,0.945819937,0.247842778,0.08828845,928.1696022,908.7695127,302.2180643,170.4727501,4.896798109,1.070805295,1.026231076,0.186843928,0.140543387
3263,1,1,62,41,,,1.165721536,1.173542352,2.616564671,309.706669,1.23167908,-28.6417546,2.252561903,0.452252681,1.075925799,0.986156319,0.179594696,0.035740392,815.8701524,714.6332765,262.2798219,285.6530689,4.233324531,0.983691145,0.93130577,0.15250137,0.111842522
3264,9,2,62,42,Fails: T3.3,,1.197313174,1.207916472,2.501146192,227.5321987,0.306303948,-13.65035577,0.686519309,-2.390339014,1.013610711,1.131974657,0.274656883,0.100731356,909.9870558,889.5580552,171.3225136,131.2352025,4.281373614,1.052397991,0.963173731,0.217869019,0.139626822
3265,1,1,62,43,,,1.164490987,1.206718844,2.558890681,183.3865353,-0.171670581,-18.43892355,4.020748594,0.185517676,1.017031658,0.987905582,0.13361326,0.181464644,1108.250526,875.2360277,419.4805712,314.2813676,2.580559027,1.06395519,0.94850904,0.213195398,0.177219269
3266,1,2,62,44,,,1.172284672,1.172886757,2.590079609,464.2205889,0.786024646,-23.21521155,-1.676446862,0.356758668,1.088457688,1.050810304,0.15914735,0.193388853,971.0472219,789.784815,280.4280617,366.2561415,3.747800664,1.104721634,0.933280594,0.228667104,0.145835996
3267,1,1,62,45,,,1.213044893,1.198553836,2.588473188,202.7619924,-0.620992356,-16.4274557,2.932386401,-0.014777955,1.054639645,0.873239551,0.2571597,0.137358929,727.0832026,808.7092725,298.1138043,217.3050194,5.632822192,1.124917565,0.97565663,0.193362729,0.136700162
3268,1,2,62,46,,,1.217318462,1.214426265,2.603051383,295.8020888,0.180681288,-19.69355472,4.281938574,-0.372050799,1.003471971,1.103917186,0.099244119,0.108088046,834.6448624,952.124299,305.4459866,131.3677941,3.488831653,1.074130824,1.013160835,0.232743734,0.099777049
3269,1,1,62,47,,,1.197384557,1.185595698,2.633358689,215.8404933,-0.917896453,-30.11125113,2.17630098,-1.384312333,1.020266846,1.045376676,0.271622725,0.115442747,993.7338281,890.027325,73.96494708,252.2655774,4.624180253,1.111773054,1.075895833,0.121229047,0.121685669
3270,9,2,62,48,Fails: T1.0,,1.13637674,1.182363429,2.563456494,114.6468717,-0.695762309,-24.49453287,3.79159315,-0.154801655,1.073497628,1.036885179,0.175835535,0.087624346,836.7063576,757.60768,79.07649056,264.1994373,2.227783364,1.049310814,1.037256611,0.301540857,0.148573316
3271,1,1,62,49,,,1.192576125,1.19673832,2.587931744,284.7063664,0.285119454,-31.57436662,4.661298276,-0.492750664,1.087007056,0.982019586,0.187797068,0.063414794,1057.999567,848.0208581,130.6134676,299.6652655,5.316981918,1.104722052,1.003316685,0.24940276,0.145213823
3272,1,2,62,50,,,1.21923025,1.202340188,2.603822435,424.3372373,0.017431606,-14.19347979,4.483852654,-0.026325121,1.139668816,1.1342104,0.22548301,0.113018573,785.550358,823.7855729,219.651081,401.7967988,3.469215533,1.076255052,1.036534773,0.193342023,0.185056287
3273,1,1,62,51,,,1.218177168,1.196782195,2.644018273,183.6350138,0.466219667,-24.28594971,-1.956195989,0.032490511,1.069285938,1.033721184,0.156458821,0.172384481,986.3729832,735.1803552,232.0050558,306.0037481,3.924463574,1.139105109,0.973492334,0.094365119,0.073453178
3274,1,2,62,52,,,1.175114684,1.221193923,2.668515009,220.1596718,-0.549657732,-16.8579484,1.490630396,0.429759166,1.037290523,1.105436314,0.15338943,0.086651777,893.0800481,902.7572228,220.4795007,320.2942796,2.354956866,1.082592357,1.021967768,0.215593354,0.105709493
3275,1,1,62,53,,,1.177173695,1.22202857,2.55872675,281.4174912,-0.693126871,-13.11572051,0.138164481,-0.936545593,1.105494199,1.015291621,0.178684691,0.132811632,1036.21197,975.874025,99.91654266,305.4328898,4.881957909,1.059734984,1.057127819,0.202527885,0.069910136
3276,1,2,63,18,,,1.170762795,1.174524889,2.484643611,333.5596079,-0.739711793,-18.80678463,1.289675773,-0.102524918,1.069951985,1.049451067,0.116259331,0.101391723,927.8529121,869.7198399,113.7758728,329.0300356,2.800914221,1.119083107,1.070064963,0.282956981,0.144948749
3277,1,1,63,19,,,1.176044529,1.198986551,2.474092739,349.4498141,0.514180425,-26.47330632,3.402468447,0.181546318,1.049080317,1.032854401,0.194753348,0.163496922,970.90407,848.3600216,193.8696782,149.3039276,2.913470629,1.082250528,0.98753699,0.196979304,0.123556524
3278,1,2,63,20,,,1.197254383,1.181542864,2.678977684,317.4668391,0.153763627,-22.0731974,2.790834459,-0.958908921,1.102521847,0.972743338,0.262021442,0.115595719,944.8391301,854.5313306,159.8140461,97.1478351,3.100580167,1.03159128,1.094843351,0.252199601,0.117802397
3279,1,1,63,21,,,1.1917947,1.210542591,2.717825323,139.138206,0.134916637,-27.67514818,3.744315748,-0.770033927,1.106767312,1.013819456,0.184670932,0.087456709,1007.578162,872.0674535,265.8880571,307.9976045,2.788612597,1.084927095,1.022601243,0.133932365,0.132053048
3280,1,2,63,22,,,1.222762182,1.224314189,2.54958105,301.8320926,-0.422371419,-35.70948673,2.207196845,-0.43170925,1.084020886,1.019111096,0.264487578,0.110887876,1051.181946,951.3337338,163.9304625,162.5001768,2.637694462,1.039470031,0.952279752,0.208680785,0.118716323
3281,1,1,63,23,,,1.221039691,1.180511592,2.627742988,405.2382193,-0.696889654,-8.805582318,-1.652684063,0.770974194,1.075278419,0.966498089,0.168118268,0.126189173,1073.116489,932.5877184,193.053525,281.4402137,5.691933657,1.100947217,0.961922591,0.277718692,0.183248735
3282,1,2,63,24,,,1.177292925,1.212684314,2.618452406,267.2357585,0.070656042,-19.37024017,2.241552193,1.025568572,1.03250344,0.976339492,0.157020724,0.089367238,849.2108313,1059.429204,176.9621652,140.7548438,4.068691999,1.055438588,0.948689248,0.220923263,0.131137139
3283,1,1,63,25,,,1.227264081,1.233882111,2.561528306,285.0910345,-0.95140097,-33.61514944,2.840695606,0.797997198,1.035536757,1.023480151,0.13804203,0.069041294,889.2484927,953.1977386,274.9556878,229.5106991,2.779332686,1.121718118,1.012464817,0.268378899,0.136908796
3284,1,2,63,26,,,1.186957388,1.224005029,2.488146965,342.9695275,0.240961893,-7.686829604,3.327218506,-1.059217189,1.105183291,0.968140235,0.081753073,0.068829793,932.4381298,764.321928,231.7711814,302.3947932,4.89707827,1.055928043,1.048900598,0.187824358,0.165055151
3285,1,1,63,27,,,1.207366553,1.190867803,2.688411124,250.9745592,-0.325627917,-23.22430777,4.041713842,-0.673480504,0.993091666,0.98027611,0.220832754,0.187426421,959.2848595,825.3802784,166.9471359,181.4613879,3.403785838,1.101355051,0.980769284,0.262993727,0.129203771
3286,9,2,63,28,Fails: T5.1,,1.231713725,1.223292173,2.598214198,317.4949755,-0.05001453,-10.86426395,2.064424379,1.23568631,0.986198748,1.055548596,0.169892577,0.140440249,1048.492213,668.0580913,176.9508079,266.8119695,5.187719846,1.054741205,1.057921148,0.180995651,0.131402363
3287,1,1,63,29,,,1.195539666,1.210728292,2.515780363,357.3509817,-0.911353178,-35.99046212,0.09021543,-0.719559468,1.033714616,1.078866484,0.273231479,0.036787888,954.0735668,774.15772,286.6990664,292.2167471,2.288376063,1.070116922,0.934581302,0.2085591,0.178649305
3288,9,2,63,30,Fails: T7.0,,1.195656565,1.237521078,2.542205315,472.0247154,-0.990257679,-8.525830812,1.489676082,-0.174500094,1.111660177,1.014945882,0.215104254,0.106822035,880.9832683,849.1049851,187.820071,314.4735248,3.065291718,0.951939709,0.892760112,0.162705583,0.141457117
3289,1,1,63,31,,,1.218026682,1.204523622,2.57464853,260.9531134,-0.54670719,-33.19643188,1.223007672,-1.05308825,1.057630971,0.994190129,0.187036065,0.07522697,980.7522357,996.8148834,194.8918478,300.011196,3.544299584,1.106720138,1.003181969,0.295610339,0.127755095
3290,1,2,63,32,,,1.189682982,1.190166128,2.694782714,296.9569195,-1.298361443,-25.15451281,-0.82070962,0.268743545,1.042082514,1.099904685,0.111734284,0.170430451,952.6979228,908.2749263,138.9285699,130.5078472,4.254725539,1.067921899,1.149146891,0.262819998,0.147496944
3291,1,1,63,33,,,1.214315739,1.195927065,2.521642077,224.9808351,0.511326885,-1.63381781,3.651855606,0.586168665,1.024553468,1.111158758,0.18826311,0.103767642,920.5622238,876.0883888,254.2041308,163.3490542,3.991316554,1.104108046,1.057629278,0.089227904,0.126214068
3292,1,2,63,34,,,1.194174481,1.212154878,2.614187862,393.3845677,1.14157925,-25.44613107,4.54586938,0.632246231,1.062200712,1.02560059,0.187335212,0.107760416,978.537512,890.8963111,323.2831753,134.0339731,5.322866825,1.049955053,1.006515941,0.274475554,0.099819665
3293,1,1,63,35,,,1.197348679,1.194434536,2.672681838,105.5453369,0.056168583,-26.68519178,0.519657098,-0.084913711,1.014630021,1.161009102,0.169694743,0.136551626,824.4269073,904.8458828,152.7452331,156.3266609,1.610803617,1.084130208,0.928698716,0.211452473,0.177445242
3294,9,2,63,36,Fails: T1.0,,1.137442432,1.197682423,2.422177679,409.8980821,0.474418307,-36.38073538,2.356064565,0.770983302,1.060663981,1.078416151,0.198193005,0.09477208,1040.608844,850.3912747,187.1706839,196.9705583,2.414877888,1.053902383,1.060879898,0.271732321,0.094514524
3295,1,1,63,37,,,1.179507027,1.222055751,2.520336791,348.1270905,-1.097599558,-43.14146423,1.492546073,-0.635665176,1.079164769,1.00637676,0.17998357,0.049864666,1011.250787,887.9489345,398.3324797,205.5315534,3.372610458,1.01983137,1.04463157,0.250817367,0.157358363
3296,1,2,63,38,,,1.215824832,1.204736938,2.59993479,321.6621805,-0.706866593,-13.73298447,-1.457657959,-0.084403982,1.044105664,0.979339882,0.270117335,0.144978651,935.3728336,763.6038438,155.0129583,175.3591958,4.353284851,1.029711042,0.979905813,0.203581122,0.172252206
3297,1,1,63,39,,,1.179461012,1.183915971,2.597530669,277.0596365,0.268468049,-19.72906896,-1.451502623,-1.414430068,1.047485918,1.010555857,0.224190679,0.206670146,948.4257281,912.3423313,222.7438564,406.5990258,3.492423902,1.082119148,0.983303023,0.271407339,0.10553449
3298,1,2,63,40,,,1.238101381,1.216795271,2.735989742,143.5031353,-0.642309529,-34.11019922,1.633580832,-0.381348364,1.063706447,1.04464875,0.215579829,0.086895422,1055.807024,895.6541953,92.59767541,245.3001271,3.388943233,1.054718075,1.054903162,0.123154062,0.150524912
3299,1,1,63,41,,,1.195378252,1.21548448,2.544973286,310.0405912,0.084759523,-18.25405114,3.772212658,-0.475086595,1.04510028,1.046285207,0.130987212,0.089917603,1018.766057,806.650676,238.520489,343.7171664,5.023670288,1.123014813,0.989047134,0.051543924,0.073978002
3300,1,2,63,42,,,1.162683946,1.178207204,2.527893722,358.3652948,-0.344870896,-16.46574105,2.65030409,-0.809885529,1.038692615,1.107526935,0.103670273,0.159512602,780.3150843,690.7019192,162.4410178,338.8759244,5.506061909,1.071110399,1.044749849,0.234282637,0.156244833
3301,1,1,63,43,,,1.17473739,1.186751738,2.639478401,388.3109044,-0.152214322,-14.517653,-1.268556726,-0.988859145,1.059680606,0.938302528,0.309611361,0.159205188,911.5246247,863.008323,71.24291947,154.3251207,4.342667518,1.012530047,1.057930416,0.188718854,0.088436587
3302,1,2,63,44,,,1.172165875,1.181751243,2.569158973,316.2624359,-0.534892434,-10.68277413,0.335340043,-0.436344262,1.036995078,1.004595206,0.118025553,0.043494269,847.8365164,853.5952603,255.4754725,187.6024565,2.262142057,1.053393866,1.12972676,0.22701672,0.160878442
3303,1,1,63,45,,,1.179880625,1.212513015,2.497368127,482.2602571,-0.520964398,-19.09061474,-0.249055335,0.230400683,1.027748524,0.99049864,0.192787146,0.105272595,975.5787585,928.7902207,255.4567482,276.7113208,1.515019473,0.973421353,0.983820179,0.227750338,0.067458118
3304,1,2,63,46,,,1.19204098,1.226471675,2.645073511,221.1371286,-0.061374307,-30.0721983,1.579867141,-1.278652805,1.061516658,1.048546636,0.164032848,0.080501881,859.6222837,852.0704215,91.00908957,329.045429,4.138753934,1.086385786,0.984851745,0.197876012,0.176595527
3305,1,1,63,47,,,1.191936618,1.19330337,2.67317992,160.078905,1.080411631,-15.45388706,2.550914234,-0.926329998,1.103644062,1.11473464,0.228576484,0.139379391,865.016802,782.6977069,312.1411173,314.6025477,3.380650757,1.130883509,1.056479671,0.265413341,0.122831211
3306,1,2,63,48,,,1.190717434,1.219649845,2.543501424,466.3635848,-0.375716992,-18.0929852,1.116600604,0.980672777,1.019024146,1.012169916,0.031385507,0.085714432,950.4288428,815.5781658,154.3634472,291.9886844,2.619053051,0.991856163,1.058235622,0.232188636,0.148514946
3307,1,1,63,49,,,1.208998072,1.24357925,2.510133178,226.9401801,-0.912181476,-42.77328489,-0.213174529,-0.425338869,1.062331447,1.00082714,0.219281585,0.155253527,914.2771796,822.7924088,95.50614929,246.7190678,3.08423507,1.046916027,1.115106068,0.14530084,0.134217717
3308,1,2,63,50,,,1.214216704,1.213110788,2.53298291,153.575509,0.876814588,-4.041594858,5.074291183,-0.795006507,1.067023701,1.006236472,0.228779023,0.123363682,1028.73323,904.8943623,193.0336197,353.8616667,5.17133468,1.101290925,0.956889624,0.289487994,0.070720833
3309,1,1,63,51,,,1.184834221,1.211633128,2.501757573,480.3544202,-0.516699333,-25.54239579,6.611514089,-0.983345702,1.080132501,0.943677393,0.243176893,0.136241305,1008.043118,938.6799011,329.7932256,203.1668979,3.721509338,1.098245293,0.991306451,0.110578512,0.09874166
3310,1,2,63,52,,,1.188791129,1.194781637,2.529099643,155.1349745,-0.152405875,-9.859636904,3.250624579,-0.758340811,0.978949312,0.956747814,0.308564657,0.096393416,932.9995417,897.6227085,217.7111054,245.3525276,1.118628387,1.039394401,1.025233373,0.198494189,0.19798702
3311,1,1,64,20,,,1.205979394,1.216828712,2.591973759,378.5966913,0.637155205,-9.94329375,4.193843639,-0.754113921,1.063423167,1.094711411,0.092610575,0.149382339,966.6085132,766.8940332,350.7993754,218.3425501,2.927713341,1.032695352,0.946645643,0.105126356,0.076986548
3312,1,2,64,21,,,1.174584942,1.184164101,2.516467485,300.7719833,1.248236838,-27.77616106,2.476041875,-0.882619818,1.009560526,0.933173178,0.208042932,0.112704016,899.1737868,942.3503599,390.1010895,192.883826,3.150641957,1.046456461,1.112830362,0.224198693,0.10561733
3313,9,1,64,22,Fails: T1.0,,1.126713587,1.206406502,2.631692551,306.4035946,-0.894559261,-12.90040302,-3.174591427,0.383015645,1.107216233,0.969669699,0.156021114,0.104969598,883.0897143,967.0852154,177.1135742,262.2138582,3.664835248,1.075229664,1.000397294,0.224146093,-0.008638543
3314,9,2,64,23,Fails: T3.0,,1.214321705,1.184605393,2.52255636,206.8697855,-2.048036734,-35.38573643,1.459762755,-0.400244467,1.01317829,1.069706008,0.17986058,0.185535948,1013.398957,875.4076233,364.1778195,245.6053069,3.428905037,0.971813644,0.978598328,0.17880787,0.100294677
3315,1,1,64,24,,,1.196991278,1.223155682,2.543007234,384.0153256,-1.0113676,-24.38447686,4.880277688,0.325503323,1.074859309,0.979416719,0.277855267,0.104265523,1032.137328,835.5247982,134.3444634,371.1779641,5.090846563,1.09940949,1.042284439,0.209583541,0.152990968
3316,1,2,64,25,,,1.205115817,1.225722255,2.507319761,295.4235065,-0.175295595,-25.26879986,1.430934216,-0.342533204,1.003609687,0.996834235,0.121337059,0.102026117,813.9757729,912.1920225,315.7971182,53.75328245,4.023077006,1.099101383,0.991251973,0.214910439,0.073885506
3317,1,1,64,26,,,1.206448361,1.202653524,2.593161424,395.5039404,-0.374285007,-16.32037865,-0.206048995,-0.380130736,1.162457852,0.965916362,0.088938346,0.137664869,1023.879374,909.6890065,145.6091169,398.2739266,2.258164722,1.081001779,0.957184915,0.32231332,0.114662578
3318,1,2,64,27,,,1.210868113,1.216486436,2.598654359,409.3181824,0.945735235,-15.52117962,2.703798746,0.135229959,1.023233571,1.019586649,0.16727405,0.104549995,984.6392567,1011.906173,322.7387014,195.1498684,4.796775071,1.04511185,1.034959707,0.300231925,0.152089119
3319,1,1,64,28,,,1.204424591,1.231113504,2.571358375,321.3105128,0.191678084,-19.23686252,3.692072765,-0.8978196,1.10466794,0.947098823,0.120892375,0.147821046,989.7947222,751.6464253,277.4402006,326.3253043,3.18367706,1.025043374,1.127965218,0.053116449,0.133470135
3320,1,2,64,29,,,1.189376483,1.19280764,2.437988261,382.6352295,-0.329612616,-3.155792543,5.309681145,-0.663877516,1.102474973,1.068108353,0.247459946,0.124784525,927.5987929,702.9645385,95.94671981,214.9042274,4.673253378,1.002803395,0.986948185,0.235937047,0.105471266
3321,1,1,64,30,,,1.177003923,1.197547005,2.56059087,154.2944349,-0.398549219,-11.44291621,3.160620467,0.061839626,1.030688887,0.968621739,0.225078188,0.063344636,1054.704995,961.6714195,196.5206116,277.5100911,3.185246678,1.085057231,0.975980393,0.13737021,0.140112774
3322,1,2,64,31,,,1.201711106,1.19637552,2.509311181,444.499477,-0.391277202,-29.02217169,-0.767598594,-0.703288133,1.074560767,0.966657097,0.182157481,0.091717733,1117.528489,783.7984761,133.4996661,372.5195969,4.63483527,1.033093548,1.067208163,0.19999812,0.114626739
3323,1,1,64,32,,,1.165460876,1.204672363,2.610556015,286.5440637,-1.158604964,-42.18784407,-2.376947149,-1.587899555,1.113291815,0.950275845,0.249346211,0.094517698,955.4452662,972.6400732,78.5816324,311.05629,4.492670392,1.096536612,0.966492599,0.163992159,0.157640212
3324,1,2,64,33,,,1.153144799,1.193923638,2.523798555,257.3630474,0.327155852,0.744323761,3.083679247,1.252284065,1.035666405,0.968714323,0.16356233,0.081801723,945.4400137,985.6506901,356.5350199,118.924065,5.850580541,1.136471335,1.011557983,0.176240806,0.135751029
3325,1,1,64,34,,,1.192026319,1.226744345,2.577515993,372.1645909,-0.874381304,-28.93168575,-0.777867452,-0.392101502,1.042405219,1.039079412,0.250401921,0.132747811,969.3908119,1012.873965,169.7765649,232.889815,2.847385823,1.032222169,0.965960705,0.176558625,0.185088986
3326,1,2,64,35,,,1.181488078,1.233387082,2.600981891,439.6995581,-0.481640337,-24.87199358,4.287141491,1.232308659,1.049309176,0.908108359,0.183855883,0.06716517,837.0675704,703.3700678,76.70549552,182.2949277,4.119623576,1.080533301,0.929879471,0.354253276,0.145301146
3327,1,1,64,36,,,1.17504735,1.186949933,2.546239227,291.4784555,-1.771332463,-19.19095698,0.00125456,-0.156764659,1.047108381,0.942271701,0.219877955,0.147418253,1071.288945,961.1220874,173.3164118,321.7117846,3.949420306,1.062435721,1.089168685,0.164482665,0.160098259
3328,1,2,64,37,,,1.204562681,1.188415625,2.607065314,347.4542261,-0.246090466,-35.17964066,-1.066743159,-0.813310761,1.089284943,0.992515068,0.155308204,0.132484749,1118.27393,997.662018,237.7632762,265.5963823,5.286013702,1.137709651,0.963651226,0.16860078,0.118720611
3329,1,1,64,38,,,1.17060587,1.199861327,2.501853011,306.1175119,-0.480555519,-40.71261105,-0.719021812,0.691891665,1.125452923,0.997762873,0.185136744,0.173605746,883.273391,848.5079583,210.6687106,141.9698967,6.355882019,1.069679988,1.032240664,0.113146454,0.160832958
3330,1,2,64,39,,,1.212394046,1.236543276,2.482445393,274.9912494,0.276101566,-16.8968431,9.002057777,0.795326737,1.063098125,1.00586337,0.120334976,0.121699342,1047.625123,904.3155077,164.8832606,230.3453173,2.956383866,1.003213663,1.015700427,0.256403177,0.094278016
3331,1,1,64,40,,,1.162399707,1.221580108,2.543142051,301.4377597,-0.048560963,-25.63274134,0.880444523,-0.150252572,1.093503506,0.997470868,0.226343179,0.064856995,912.979908,968.5439931,193.8255537,205.0344084,3.775395615,1.03118156,1.062895585,0.168650582,0.171519415
3332,1,2,64,41,,,1.19996907,1.208628699,2.680855769,312.9369559,-0.906350794,-20.09217519,3.565701265,-1.114749345,1.070576705,0.918691477,0.211389941,0.120827788,967.6357298,945.5304261,243.43309,69.4451908,4.722801749,1.133974456,1.100481739,0.224668294,0.155463791
3333,1,1,64,42,,,1.189653214,1.210894297,2.555343829,322.4438658,0.195032237,-23.62752978,-0.560966633,-0.301031954,1.044940452,1.052254248,0.123959546,0.142407407,991.4358916,791.9900208,233.8191342,53.91200456,5.016125132,1.045165909,1.009922107,0.240600466,0.119041838
3334,1,2,64,43,,,1.190174664,1.200863857,2.518793951,352.6585728,-0.031126542,-26.00282509,4.306442316,0.247735933,1.039386647,1.131995391,0.200458979,0.188936206,949.8144416,861.9556377,237.9319684,191.9439988,3.40668806,1.05160931,1.031203992,0.198857731,0.113218716
3335,1,1,64,44,,,1.219671382,1.20530445,2.56211245,208.2407938,-0.136377018,-16.3615746,-0.822110056,-0.893917058,1.088179392,0.963292601,0.124240851,0.111050381,961.5637935,840.24747,243.4504885,193.825244,3.401155196,1.090577559,1.031757852,0.244751322,0.102409135
3336,1,2,64,45,,,1.190004857,1.223797614,2.564105161,212.4517835,-0.044224627,-12.39446726,-0.257976587,-1.808858239,1.058593323,1.000198518,0.104307191,0.068510628,1016.529997,991.6810852,52.03689334,236.7950798,2.124027823,1.041675919,1.090729939,0.123422963,0.144809992
3337,1,1,64,46,,,1.175343673,1.234009976,2.496823457,262.7528915,-0.565779789,-33.86631225,1.195074937,-1.410198306,1.092683549,1.101176078,0.17222483,0.132669804,1134.837388,854.6082296,205.9883775,229.5818845,5.142441052,1.054695641,1.002226773,0.232611654,0.166498679
3338,1,2,64,47,,,1.167789714,1.191120415,2.644965901,513.8503965,-0.59493259,-27.64071899,-1.952716332,-1.444705134,1.039295028,1.008102551,0.185921364,0.113530354,999.5850361,818.1805234,199.1537628,232.6790631,2.81580641,1.118130405,1.016497606,0.150176876,0.177944948
